Customer ID,Recency,Frequency,Monetary,TotalQuantity,UniqueProducts,AverageOrderValue
12346.0,0.594597727361983,1.254937876118928,3.189908449163892,3.3036132386785497,-0.34907158776898006,4.2308943652658995
12347.0,-0.9522641316961511,0.8006346437359392,1.2113563993049465,1.1867383528833013,0.8897593496354799,1.0838014865156576
12348.0,-0.6037427869083617,0.29970536404670484,0.5723180586119151,1.128165722472772,-0.409791367250838,0.521495172077114
12349.0,-0.87110162674557,0.07445736048174284,1.1356550708276294,0.7907288387943777,0.9637351616934668,1.8696335970158866
12350.0,0.5182094874084949,-1.057568175439826,-0.7162876967148482,-0.5931115333827922,-0.7110837506520298,0.2694188424377938
12351.0,0.8285367122195403,-1.057568175439826,-0.7917275514136962,-0.4089864790976022,-0.5466658071727737,0.12865885419475884
12352.0,-0.7899391217949889,1.0485519735441977,0.8193992674445139,0.260140806992655,0.413306027586857,0.05600935387977392
12353.0,0.012137397716636182,-0.5566388957505917,-0.5761018677111135,-0.5451042559620746,-0.4753737252323317,-0.39381096981182984
12354.0,0.14581681763524038,-1.057568175439826,0.12312892418687674,0.055417752810252185,0.2616110427421876,1.835650301403464
12355.0,0.059880047687566246,-0.5566388957505917,0.02977772559399009,0.07131861831159202,-0.143159103290622,0.7348048866334062
12356.0,-0.852004566757198,0.4901498374805938,1.3966434036537203,1.2793504144487697,0.7338985812987724,1.813854411865471
12357.0,-0.8042619167862679,-0.2012239156425293,2.153170896647964,1.7109298398787331,1.4830919886335052,4.152599054330119
12358.0,-0.9522641316961511,0.29970536404670484,1.0420686107044963,0.5221470916226655,0.233355067772715,1.3967111385433366
12359.0,-0.6849052918589428,1.0485519735441977,1.634269196325607,1.1341914986823518,1.610287142067927,1.5735770889507585
12360.0,-0.7135508818415008,0.8006346437359392,1.106595501776436,1.0633252159727908,1.0841214462193633,0.8886314415031928
12361.0,0.40840139247535573,0.07445736048174284,-0.4123938975218376,-0.47769391964063307,-0.6667842015304029,-1.0118924413996067
12362.0,-0.9474898666990581,1.1560496238440017,1.2720825141290872,0.999088978108016,1.2700001191412242,0.7713145309521601
12363.0,-0.4366435120101064,-0.5566388957505917,-0.3574653883150485,-0.11619643557664044,-0.4753737252323317,0.013272878436552487
12364.0,-0.9236185417135931,0.07445736048174284,0.26364898129924985,0.7411689217053611,0.413306027586857,0.24474156834727426
12365.0,0.42749845246372775,-0.5566388957505917,-0.24995376039407394,-0.6742889163126701,-0.5102446079085138,0.21353789344835078
12366.0,2.065071346466629,-1.057568175439826,-0.4279856416928635,-0.32655569715734933,-1.9434376418968569,0.8073492777141631
12367.0,-0.9427156017019651,-1.057568175439826,-1.2043343832883435,-0.6780563053151835,-1.0432983725937395,-0.6412065310915428
12368.0,2.036425756484071,-1.057568175439826,0.006787305873734014,-0.2553017634706537,-0.6667842015304029,1.6185734672644436
12369.0,1.0099587821090745,-0.2012239156425293,0.48629306008783096,0.6140276521871131,0.6166500395156311,1.0437901843958457
12370.0,-0.7183251468385938,0.6551203441547673,1.1172565106707115,1.1009758194191135,1.123854907395181,1.0869705761849138
12371.0,-0.7469707368211519,0.29970536404670484,1.0745986511371028,0.7099004394211565,0.9398110657771308,1.4573465571492241
12372.0,-0.6180655818996407,-0.2012239156425293,0.25537762238499107,0.3207343660828916,-0.16624068800434505,0.6135014226694173
12373.0,0.5229837524055879,-0.2012239156425293,0.1544813113318098,0.03785238316843076,-0.12070997099915268,0.4255540180118793
12374.0,-0.842456036763012,0.07445736048174284,0.8536524560784432,0.675143659264506,0.5110918473134085,1.3438931720007647
12375.0,-0.9092957467223141,-0.5566388957505917,-0.49194116070312993,-0.659431615462883,-0.8604674728291044,-0.23714166052694108
12376.0,0.9001506871759354,-0.5566388957505917,-0.42383161383687146,-0.4639112852343134,-1.0432983725937395,-0.11032285307227313
12377.0,0.5420808123939599,0.07445736048174284,0.9515552090714701,0.9611831845022739,0.9088888272366124,1.5263945614296115
12378.0,-0.3411582120682463,-0.5566388957505917,1.2800867030355538,1.2598239543157457,1.5433648948714818,3.0665391768829053
12379.0,-0.5703229319287106,0.07445736048174284,0.4143633836861969,0.3378744545370349,0.2616110427421876,0.5253752483972965
12380.0,-0.856778831754291,1.1560496238440017,1.6964225454226214,1.2675084103675827,1.0635079798298124,1.5619582870266877
12381.0,-0.9379413367048721,0.29970536404670484,0.5076580599477253,0.33221060033736083,0.413306027586857,0.40109828579051937
12383.0,-0.07857363722813095,0.29970536404670484,0.5096956542609505,0.7524143255904707,0.5607641505877349,0.4048919383717041
12384.0,-0.82335897677464,-0.5566388957505917,-0.3155417074857624,-0.8850530556485808,-0.3788691287103198,0.09135931636348153
12385.0,0.8476337722079124,-1.057568175439826,0.5429562964404397,0.1498233976987674,0.3534734621303434,2.618988183195781
12386.0,0.651888907327099,-0.5566388957505917,-0.5847061072405764,-0.20928361792087674,-1.1145904545341814,-0.4098257398033827
12387.0,1.0195073121032605,-1.057568175439826,-1.3183532668844562,-0.8448935437864052,-1.192682094770814,-0.8539494741756825
12388.0,-0.8854244217368491,0.8006346437359392,1.0446552141359988,0.9278896105765985,0.5510676815341373,0.7732580037571469
12389.0,0.9622161321381445,-0.2012239156425293,0.3264714771016313,0.15196479236674354,-0.016856965827270066,0.7459582423384048
12390.0,-0.5798714619228966,-1.057568175439826,-0.3602737817028669,-0.21113808341519072,-0.214451185231064,0.9336899321885611
12391.0,-0.856778831754291,0.4901498374805938,0.7872243974149549,0.594145400835351,1.4180306749127174,0.6781692773768351
12392.0,1.8597779515916295,-1.057568175439826,-0.9692774096202913,-1.240133349110671,-1.3755129945354494,-0.20262380870907726
12393.0,-0.6180655818996407,0.4901498374805938,0.6960033447424232,0.6500731172837307,0.32826094754877355,0.5082960976907815
12394.0,-0.6562597018763847,-0.5566388957505917,0.2411174050213891,0.34108916794432426,-0.3788691287103198,1.1287747872836809
12395.0,-0.87110162674557,1.511464603952064,1.1815372979965773,1.2374479658781044,1.0039916405726501,0.18856083634510426
12396.0,2.256041946350349,-1.057568175439826,0.017432445107730205,0.1269072862983992,0.3534734621303434,1.6384357758466161
12397.0,-0.7899391217949889,-0.5566388957505917,0.699120509709478,0.6255706197597903,0.7794292983039648,1.9828473980909676
12398.0,-0.7421964718240589,-1.057568175439826,0.42116520514555134,0.6903996322159773,0.5703472080455595,2.391743411222
12399.0,-0.3936751270362694,0.6551203441547673,0.5517454676758397,0.9895912767429668,0.37793325082309986,0.03403403673116206
12400.0,1.0147330471061675,-1.057568175439826,-1.0652076680613543,-1.0970002800952623,-1.0432983725937395,-0.381615962183115
12401.0,0.4847896324288438,-1.057568175439826,-1.6987832809129726,-2.436061902306955,-1.6112230199551474,-1.5637775155434412
12402.0,0.5802749323707039,0.4901498374805938,0.2322840566873215,0.11908756271198213,0.021258840188633787,-0.35441230405808266
12403.0,-0.7230994118356868,-0.5566388957505917,0.0820997952091571,-0.4115004690897406,-1.6112230199551474,0.8323312404492612
12404.0,2.2942360663270933,-1.057568175439826,-1.9022563548302898,-3.613978162138445,-2.5113622892582645,-1.9434291944432558
12405.0,-0.2504471771234792,-1.057568175439826,0.4532046475216463,0.37086957311559515,0.20408973995326918,2.451524432144902
12406.0,-0.856778831754291,0.29970536404670484,1.398738157852069,1.2793504144487697,0.8084355865789369,2.061666477097318
12407.0,-0.7230994118356868,0.29970536404670484,0.45225219174424086,0.7006864472216389,0.24760485428798198,0.29795117302636737
12408.0,-0.8042619167862679,0.8006346437359392,1.1212690693305274,0.9987942425810891,0.7338985812987724,0.9159656984590526
12409.0,-0.5846457269199896,0.6551203441547673,2.3306477496323397,2.1650114914246807,1.1663663359298055,3.3494688189388007
12410.0,0.5134352224114018,-0.2012239156425293,0.07811523883697062,-0.23380955703164844,-0.12070997099915268,0.2833317597829928
12411.0,0.9956359871177956,-1.057568175439826,-0.69002998900973,-0.8256977981095772,-0.5102446079085138,0.31841197269521354
12412.0,-0.6037427869083617,0.4901498374805938,0.7527355591276563,0.9265747949747274,0.5412550843430992,0.6139387287377824
12413.0,-0.6419369068851057,0.07445736048174284,0.06795913798835078,-0.2775204170536632,-0.016856965827270066,-0.11943193977352899
12414.0,0.07420284267884526,0.4901498374805938,0.03339962883548698,0.010591697301474957,-0.5466658071727737,-0.7238103118633532
12415.0,-0.8472303017601049,2.2461917041447332,3.636237995161111,3.4423785556135846,2.0109626165484613,3.9292686150475458
12416.0,2.174879441399768,-1.057568175439826,-1.0746284235022892,-0.8547057794021347,-1.0432983725937395,-0.39919374557625764
12417.0,-0.9474898666990581,1.8474233769671247,1.443043718042576,1.1703667910043372,1.5107647076135646,0.29108112391879193
12418.0,-0.4223207170188274,0.07445736048174284,0.5729570890224849,0.5276027875129045,0.6166500395156311,0.8207979686688004
12419.0,0.8810536271875634,-0.5566388957505917,-0.42403091431481105,-0.4889319297376028,-0.4753737252323317,-0.11069398303124757
12420.0,-0.6562597018763847,-1.057568175439826,-0.2972694212476589,-0.22616519669220447,-0.29254282546769667,1.0512470652495616
12421.0,-0.8854244217368491,0.4901498374805938,0.13576946714058197,0.19137957286280066,0.03967179647401301,-0.5337318112435055
12422.0,-0.5034832219694085,1.6569789035332354,1.255218627978952,1.0989538029637003,0.9578193087560118,0.15857888613120305
12423.0,-0.9570383966932442,1.0485519735441977,0.7597338388076744,0.855772710657034,0.9025618299872694,-0.05495253218895721
12424.0,-0.18360746716417709,0.07445736048174284,0.9332569001248451,0.9357237558980755,0.5007855218324396,1.4922827744867786
12425.0,-0.5894199919170826,-0.5566388957505917,0.46609503731647056,0.5622885673641297,0.5891834875500419,1.5482681320907175
12426.0,-0.030830987257200876,-0.5566388957505917,0.2809726118819031,0.11908756271198213,0.4472146763622555,1.2030821487857921
12427.0,-0.856778831754291,-0.2012239156425293,-0.06884497388629171,0.05912146729270992,-0.3788691287103198,0.009723475391814318
12428.0,-0.837681771765919,0.9308016202790399,1.556008401421633,1.302041453184773,1.4736560831287242,1.5686122920130228
12429.0,-0.9188442767165,0.8006346437359392,1.3775507271389476,1.1694578277322587,0.8767536468426793,1.3935032281068123
12430.0,-0.7565192668153379,-1.057568175439826,-0.9062299094993371,-0.9333741314436567,-1.0432983725937395,-0.08498618319660696
12431.0,-0.7899391217949889,2.202838357075187,1.750394352609444,1.4766485744941031,1.4281253661235325,0.46232992296504416
12432.0,-0.7565192668153379,0.29970536404670484,1.2311671302857352,0.8586977770257275,0.7569801660124958,1.7492231435767016
12433.0,-0.9570383966932442,1.0485519735441977,2.0920377527592615,2.1842824364026754,1.5549051148346527,2.4270679039901886
12434.0,-0.5560001369374316,-0.2012239156425293,0.1389146079107517,0.057889212795466646,0.3153576561144396,0.39656071223532446
12435.0,-0.5798714619228966,0.4901498374805938,1.957657081043188,1.5241960399601229,0.5984416885683977,2.8600562712275295
12436.0,-0.4843861619810365,-1.057568175439826,-0.4155387270584311,-0.548197944409192,-0.7579160438997158,0.8305734417134015
12437.0,-0.9522641316961511,2.6434901398736326,1.8905967072156662,1.838757286440552,1.5227699344407197,0.23224209233981194
12438.0,-0.8949729517310351,-0.5566388957505917,0.8336078676059031,0.5809196555616959,0.5607641505877349,2.2336867135148393
12439.0,2.2990103313241863,-0.5566388957505917,0.16409979350208695,-0.012335608607309917,0.4016839593570631,0.985189953133159
12440.0,1.2438977669666318,-0.5566388957505917,-0.040426686449786316,-0.25331863200662824,-0.5466658071727737,0.6039583938729917
12441.0,0.7903425922427962,-1.057568175439826,-1.1849584374237871,-0.9114585160096889,-1.0432983725937395,-0.6050537850002347
12442.0,-0.9474898666990581,-1.057568175439826,-1.1911102972399832,-0.644902679784246,-0.9777160146122458,-0.616532276294489
12443.0,2.5329493161817433,-1.057568175439826,-0.449684834022813,-0.644902679784246,-0.5466658071727737,0.7668616857186594
12444.0,-0.861553096751384,0.29970536404670484,1.223488395294905,0.5668539161404649,0.9637351616934668,1.734907098480929
12445.0,-0.856778831754291,-0.5566388957505917,-0.5280820888808682,-0.563888607644377,-0.44192654764477163,-0.30442496314601936
12446.0,-0.6849052918589428,-1.057568175439826,0.07000761167311265,-0.21299779492920515,0.2616110427421876,1.7365335234783046
12447.0,0.19833373260326345,-1.057568175439826,-0.46281903178040934,-0.6167740006598021,-0.3788691287103198,0.742355149626813
12448.0,-0.7517450018182449,-1.057568175439826,-0.5046520812903943,-0.4557783042066653,-0.5102446079085138,0.6643006573335546
12449.0,-0.856778831754291,0.4901498374805938,1.1987621130011212,1.0142359460048436,0.8832823034758474,1.4449694649399445
12450.0,-0.21702732214382814,0.29970536404670484,-0.1994698508001539,-0.06369940688983751,-0.2396636998126339,-0.9134505143068756
12451.0,-0.9092957467223141,0.8006346437359392,1.8898314312291271,1.941808409924076,1.7273571585050418,2.348575773432864
12452.0,-0.880650156739756,-0.5566388957505917,-0.5353776311839307,-0.6342128900791293,-0.5466658071727737,-0.3180060928284701
12453.0,-0.3220611520798743,-1.057568175439826,-0.1800662812852417,-0.019233967620813933,0.021258840188633787,1.2699313756716035
12454.0,-0.6944538218531288,0.29970536404670484,2.087134852269526,1.8138074617509,-0.44192654764477163,3.345599666639886
12455.0,-0.6132913169025477,1.0485519735441977,1.3390135622691008,1.2570433742957772,1.2618473944394515,1.023362561207763
12456.0,-0.7517450018182449,-0.2012239156425293,0.898269348162526,0.794359819633353,0.7416649150137341,1.811826971454016
12457.0,-0.6467111718821987,0.8006346437359392,0.8552561348277348,0.5318150244157116,0.32826094754877355,0.4205903761581996
12458.0,-0.6228398468967337,0.07445736048174284,0.48080250167580824,0.4629499839876468,0.42476554407078576,0.6491224402754208
12459.0,1.9266176615509316,-1.057568175439826,-0.4968724610280049,-0.4165574754242254,-0.4753737252323317,0.6788163170076171
12460.0,1.2152521769840738,-1.057568175439826,-0.7330635633871675,-0.6894897688346715,-0.6667842015304029,0.2381174725585852
12461.0,-0.5130317519635945,-0.5566388957505917,-0.06790823281228513,-0.3467852188694181,-0.143159103290622,0.552742449918848
12462.0,-0.87110162674557,-0.5566388957505917,0.19282011526445048,0.06280443256558357,0.15813328011056985,1.0387320861518128
12463.0,-0.7087766168444078,0.07445736048174284,0.2807433642907404,0.3056785726042411,0.3534734621303434,0.27656545094655605
12464.0,-0.914070011719407,0.8006346437359392,0.20623116377981027,-0.9618377798135903,-1.4849208824917954,-0.7858170205491505
12465.0,-0.880650156739756,-0.5566388957505917,-0.14534862729982176,-0.010964580828220287,0.07530097820695623,0.408433804337418
12466.0,2.2942360663270933,-1.057568175439826,-1.9789307994694205,-3.613978162138445,-2.5113622892582645,-2.086492751087541
12467.0,1.0577014320800047,-1.057568175439826,-1.3757420537490026,-0.8697043215419273,-1.192682094770814,-0.9610287494020563
12468.0,-0.06425084223685192,0.29970536404670484,1.0009882528154024,0.9904875380703343,0.8961855949101813,1.3201421329331335
12469.0,1.5351279317893052,-0.5566388957505917,0.8729070538900489,1.0877201573549304,0.47977559959369576,2.306988848605815
12470.0,2.3324301863038372,-1.057568175439826,-1.0422673055191596,-1.0690212668978847,-0.4753737252323317,-0.33881252393922395
12471.0,-0.9522641316961511,3.4998343996709296,2.7133087761379815,2.32900375544214,1.464110242271589,0.8207808962100068
12472.0,-0.8090361817833609,1.7871458800763362,2.0683723079983487,2.0097444120942227,1.825665055395431,1.5242785753189936
12473.0,-0.82335897677464,0.29970536404670484,1.0495924397265133,1.0511881158862906,0.9754402475100741,1.4107351759265172
12474.0,-0.880650156739756,2.3678088637493606,1.8728034946261944,1.8337266073740162,1.7658948708497053,0.5056639132857228
12475.0,-0.7040023518473147,-0.5566388957505917,0.16832809423983783,0.3014344805122542,0.20408973995326918,0.99307248728294
12476.0,-0.8854244217368491,2.0123938836412982,1.9657512979997995,1.607858064984463,1.7411666214493227,1.0776001281315586
12477.0,-0.852004566757198,0.9308016202790399,2.2272441933502187,1.6624869768321415,1.5830639710850705,2.82022508745036
12478.0,-0.9427156017019651,-1.057568175439826,-0.20701645189046358,-0.4749141794238375,-0.12070997099915268,1.2196462085980149
12479.0,-0.9092957467223141,-1.057568175439826,-0.39039082851041407,-0.15424573129076938,-0.2396636998126339,0.8774958266793679
12480.0,-0.828133241771733,0.6551203441547673,1.2864865195207353,1.18340745106843,1.1663663359298055,1.4023391753831715
12481.0,-0.852004566757198,1.511464603952064,1.861861818627055,1.7655738829021053,1.4413943536462164,1.4555227597390448
12482.0,1.7881639766352344,2.2880751597655706,2.338937113307999,2.639306613382954,0.0024225606841520096,1.463036912439749
12483.0,-0.880650156739756,1.7871458800763362,1.236516009604485,0.9781315883567397,0.38989466139460405,-0.024609678827123907
12484.0,-0.8042619167862679,1.254937876118928,1.3946554420681843,1.249838835541371,1.6721536566177941,0.8833344575916834
12485.0,1.5637735217718631,-1.057568175439826,-0.17904345205178077,-0.10662236954301114,-0.16624068800434505,1.2718398288552866
12486.0,1.1006698170538416,-1.057568175439826,0.09459312867070709,0.04669373270542136,0.12599809971663617,1.782406584837517
12487.0,2.5281750511846504,-1.057568175439826,-0.829871338692571,-0.6742889163126701,-2.179147667316555,0.0574879980159858
12488.0,-0.914070011719407,-0.2012239156425293,0.25572003149851436,0.05417852985744867,0.07530097820695623,0.6141393272611059
12489.0,0.642340377332913,-1.057568175439826,-0.7151546451662693,-1.0038781562122157,-0.8075883471740417,0.27153295471032385
12490.0,-0.9379413367048721,1.9048962333414947,1.7072658305285295,1.6391989652643033,1.2452944663588967,0.7177412740550456
12491.0,-0.7756163268037098,-1.057568175439826,-0.4874166816516671,-0.4115004690897406,-0.409791367250838,0.6964594500591759
12492.0,-0.6610339668734777,-0.2012239156425293,-0.17188410138301685,-0.06073810646911588,-0.07757674530912831,-0.18203400435266567
12493.0,-0.16928467217289805,-0.5566388957505917,-0.530125958662134,-0.5607203722025208,-0.5847816131886778,-0.30822979256814587
12494.0,-0.8854244217368491,0.9308016202790399,0.4958865462731018,0.458270906713182,0.5510676815341373,-0.40488446016906426
12495.0,2.0984912014462798,-1.057568175439826,-0.6686925715823234,-0.8646666909006259,-0.7110837506520298,0.3582245444214996
12496.0,1.9982316365073267,-0.5566388957505917,-2.136637825474676,-1.8121291499106194,-1.1145904545341814,-3.280241378290379
12497.0,-0.5703229319287106,-0.2012239156425293,1.3826312812739194,1.614131307393838,-0.016856965827270066,2.7151642545412096
12498.0,-0.861553096751384,-0.2012239156425293,-0.5815073102559389,-0.7332006288566868,-0.5466658071727737,-0.9434654893157751
12499.0,1.7117757366817463,-1.057568175439826,-0.5994252412341979,-0.3134071072233412,-0.34907158776898006,0.48746748430188946
12500.0,-0.852004566757198,1.7871458800763362,1.3481385504803465,1.2718039310850837,0.5984416885683977,0.1829832537667966
12501.0,0.647114642330006,-1.057568175439826,0.6237060579623495,0.852097980117472,1.0261373690197537,2.7696556987659755
12502.0,-0.5034832219694085,0.29970536404670484,1.0112974377158985,0.3418903960530085,0.7181415173627237,1.3393568158728986
12503.0,1.8263580966119786,-1.057568175439826,0.15343147385310674,0.09271894635591586,-2.179147667316555,1.8921905287379375
12504.0,-0.875875891742663,0.07445736048174284,-0.1106124878431868,-0.040374296618126464,-1.0432983725937395,-0.45149052589951333
12505.0,0.9908617221207026,-1.057568175439826,0.03549648961232535,-0.2673278472752866,0.0024225606841520096,1.6721407014756324
12506.0,0.15059108263233337,-1.057568175439826,-1.7959280216975004,-1.9803816905039315,-0.4753737252323317,-1.7450357195165143
12507.0,-0.3220611520798743,0.07445736048174284,0.5071720644843968,0.6276477386498308,0.07530097820695623,0.6982429224788573
12508.0,-0.837681771765919,-0.5566388957505917,-0.5919019926280823,-0.384361593491431,0.24760485428798198,-0.42321882468095257
12509.0,0.3940785974840767,-1.057568175439826,-1.1729319833707057,-1.4233616530429278,-1.3755129945354494,-0.5826141403604763
12510.0,-0.2790927671060372,0.9308016202790399,1.2478053928875124,0.943465642210965,0.6518959929570478,0.9942707513177688
12511.0,1.0863470220625626,-1.057568175439826,0.8760494594452273,0.8409489127640467,1.2241216584486951,3.2404924251585534
12512.0,-0.6467111718821987,-0.5566388957505917,-1.3790749631280357,-1.0622086921321432,-0.2396636998126339,-1.8853076364698311
12513.0,-0.4223207170188274,-1.057568175439826,-0.28320866306302406,-0.03467007356954734,-0.143159103290622,1.0774824306894633
12514.0,0.3129160925334956,-0.5566388957505917,0.4043524776476044,0.3577132436481219,0.47977559959369576,1.433134342268284
12515.0,0.7235028822834941,-1.057568175439826,-0.6178766643012036,-0.8596673696082351,-0.7579160438997158,0.45303976563319687
12516.0,-0.5894199919170826,0.07445736048174284,0.7668730962311625,0.9115990316357828,0.12599809971663617,1.1821477815450465
12517.0,-0.828133241771733,0.29970536404670484,0.7201505647112185,0.6746611582653789,1.3869782063675777,0.7968368680856527
12518.0,-0.9570383966932442,0.29970536404670484,0.5855115377148813,0.6535713034722853,0.5607641505877349,0.5460641213657073
12519.0,-0.6562597018763847,-0.5566388957505917,-0.1705527640866089,-0.1508482685260959,-0.16624068800434505,0.36147080079804833
12520.0,-0.5846457269199896,0.29970536404670484,0.7629734057161954,0.7112714672002463,0.8568496217702717,0.8766133929519183
12521.0,-0.2790927671060372,-1.057568175439826,-0.2981171138722788,-0.2983922520379315,-0.07757674530912831,1.0496653919503283
12522.0,-0.7756163268037098,-0.5566388957505917,-1.1101831214441804,-0.6031484853164844,-1.0432983725937395,-1.3867159692913513
12523.0,-0.87110162674557,2.0123938836412982,1.1231804315621072,1.008741854624476,1.1617503120453048,-0.48985706729035644
12524.0,-0.9188442767165,1.6569789035332354,1.7965999938466497,1.7674079127756706,1.0687101691938474,1.1665553372560309
12525.0,1.41577130686198,-0.2012239156425293,0.04926959863941087,0.028890505197628424,0.233355067772715,0.22961794423713994
12526.0,-0.9570383966932442,-0.2012239156425293,0.26559037557619586,0.17092978774924086,0.3409641798752045,0.6325278750519099
12527.0,-0.5703229319287106,0.29970536404670484,-0.15182773953296497,0.05044678332732367,-0.3788691287103198,-0.8250535230360188
12528.0,-0.9188442767165,0.4901498374805938,0.5411335387608402,0.2885352913710091,0.1422232254034017,0.22000139032373606
12529.0,1.5589992567747701,-1.057568175439826,-0.755690171682104,-0.609925943093793,-0.5466658071727737,0.19589945490347369
12530.0,-0.6753567618647568,0.9308016202790399,1.018083130841031,1.1279235387965025,0.6518959929570478,0.5664207622118697
12531.0,-0.8901986867339421,-0.5566388957505917,0.5410296652076394,0.546055456632783,0.8897593496354799,1.6880092848138981
12532.0,-0.818584711777547,-1.057568175439826,-0.6840117346407749,-0.7583275439502549,-0.7579160438997158,0.3296411753176126
12533.0,2.036425756484071,-0.5566388957505917,0.2929614497235658,0.24175058456784132,0.32826094754877355,1.2254351404990482
12534.0,-0.3363839470711533,-1.057568175439826,0.12959552065423793,0.19037205146743835,0.32826094754877355,1.8477160463117996
12535.0,-0.5225802819577805,-0.5566388957505917,-0.170742803971435,-0.5238467315670368,-0.32031979307342545,0.36111670707859117
12536.0,-0.7565192668153379,-0.2012239156425293,1.8859671391469603,1.1493704144018422,1.4799587455328098,3.654101077361523
12537.0,0.9908617221207026,-1.057568175439826,-0.1543361180223675,-0.05339269394218388,0.021258840188633787,1.3179401833877835
12538.0,-0.82335897677464,-0.5566388957505917,-0.2509934058713634,-0.2434917288262392,-0.18999139653830796,0.21160108079945203
12539.0,-0.856778831754291,0.6551203441547673,1.8022938045648393,1.465582539070937,1.5287072218151974,2.364008972464536
12540.0,-0.866327361748477,2.4427071657996513,2.2940403125802744,2.049141053578902,1.7319862220743076,1.206602688456997
12541.0,-0.818584711777547,-0.2012239156425293,0.05473342994745068,0.21898094646235522,0.07530097820695623,0.23979187654362788
12542.0,1.3489315969026778,-0.5566388957505917,-0.45476405108194273,0.045437939426142,-0.05683280004799887,-0.1679216132399315
12543.0,1.1770580570073297,-1.057568175439826,0.05405363595456069,0.22665878651161467,0.021258840188633787,1.7067656846676695
12544.0,-0.7899391217949889,-1.057568175439826,-0.6386944523281989,-0.8352256109933592,-0.6247574474094066,0.4141967481111788
12545.0,-0.6037427869083617,-0.5566388957505917,0.0686330578974526,0.04669373270542136,0.0024225606841520096,0.807229066651854
12546.0,-0.7374222068269658,-0.5566388957505917,0.1756867136213373,0.1719675268468072,0.2753818218937108,1.0067907581002267
12547.0,-0.016508192265921855,-0.2012239156425293,-0.6181005398027989,-0.2983922520379315,-0.9169962351303879,-1.0113987976004541
12548.0,-0.16928467217289805,-1.057568175439826,-1.6124888912813578,-1.4978647899991167,-1.6112230199551474,-1.4027645162677218
12549.0,1.7881639766352344,0.4901498374805938,0.39437290552170934,0.6770701297472727,-0.07757674530912831,-0.05304988699060034
12550.0,-0.5846457269199896,-1.057568175439826,0.04268732791653269,0.10201108100954993,0.24760485428798198,1.6855577781547748
12551.0,0.7473742072689592,-1.057568175439826,-1.2081457586794186,-1.035643155251807,-1.1145904545341814,-0.6483180129121157
12552.0,-0.7756163268037098,-0.5566388957505917,-0.5234227869391069,-1.1187947925387802,-0.5847816131886778,-0.2957512019652547
12553.0,-0.9236185417135931,1.254937876118928,1.1642469653638654,1.0265029654160358,0.772014387314677,0.4543008363339774
12554.0,1.1818323220044227,-1.057568175439826,-0.4749283991833203,-0.4639112852343134,-0.3788691287103198,0.7197608005248872
12555.0,2.2942360663270933,-1.057568175439826,-1.3951487305313717,-3.613978162138445,-2.5113622892582645,-0.9972388349944449
12556.0,-0.7230994118356868,-0.5566388957505917,-0.29826048484314466,-0.20743436893273298,0.7020754717798163,0.12354935761494219
12557.0,-0.8854244217368491,0.8006346437359392,2.145616566171315,1.6901481303942114,-0.8075883471740417,2.825612597702388
12558.0,-0.9236185417135931,-1.057568175439826,-0.8693886134762533,-0.596440186477966,-1.0432983725937395,-0.016245589570481667
12559.0,0.5229837524055879,-0.5566388957505917,-0.34497463494304853,-0.35597988038449385,-0.5466658071727737,0.036537134100083524
12560.0,-0.9379413367048721,-0.2012239156425293,0.611911983588009,0.5407513774469132,0.6256046868143018,1.2779374347925219
12561.0,0.4847896324288438,-1.057568175439826,-0.9569047651530717,-0.6631145807357566,-0.7579160438997158,-0.17953822222838542
12562.0,-0.9236185417135931,0.9308016202790399,1.217942933394823,1.0270679913053937,0.8012797151341228,0.9386394158198496
12563.0,0.9908617221207026,-1.057568175439826,-0.9264738826358242,-0.9560456050601144,-0.9169962351303879,-0.1227585441331367
12564.0,0.28427050255093755,-1.057568175439826,-0.4928808320752349,-0.8497813550146158,-0.5466658071727737,0.6862641262154341
12565.0,0.4179499224695417,-1.057568175439826,-1.3086166733814664,-1.180714181827603,-1.192682094770814,-0.835782382093134
12566.0,-0.5512258719403386,-1.057568175439826,-0.6802986883297522,-0.39902556759911106,-0.6247574474094066,0.3365691891263852
12567.0,-0.852004566757198,1.511464603952064,1.8368142652644954,1.56903083345274,1.7569888910733888,1.408842178629441
12568.0,2.1175882614346517,-1.057568175439826,-1.830458182678841,-1.5111462029625293,-1.6112230199551474,-1.8094640654242091
12569.0,-0.9522641316961511,2.4058255130307287,1.0846366602211384,0.8586977770257275,0.6344625252190986,-1.0006713948551753
12570.0,2.2942360663270933,-1.057568175439826,-1.758215327322529,-3.613978162138445,-2.5113622892582645,-1.6746692210917073
12571.0,-0.7708420618066169,-0.5566388957505917,-0.4007771629314766,0.04669373270542136,-0.2396636998126339,-0.06739034701000678
12572.0,-0.9188442767165,-0.5566388957505917,0.0828448817575741,-0.049024521181340666,0.189055518651088,0.8337201050279449
12573.0,0.12194549264977533,0.29970536404670484,-0.1696832237125095,-0.010964580828220287,0.7569801660124958,-0.8581870984024377
12574.0,0.5468550773910529,-1.057568175439826,-1.0206913443717847,-1.356448938107596,-1.0432983725937395,-0.29855486372022755
12575.0,1.2200264419811668,-0.5566388957505917,-0.2709923457080925,-0.28578980384625685,-0.16624068800434505,0.17434481521897413
12576.0,-0.7899391217949889,0.8006346437359392,0.6148335356964643,0.7359131368952082,0.8084355865789369,-0.026762625466696707
12577.0,-0.7947133867920819,0.8006346437359392,0.41298105716677797,0.5870145019135202,1.4768134745980201,-0.40197565835445964
12578.0,-0.861553096751384,0.07445736048174284,1.1694739308910704,1.0418669181211668,1.0261373690197537,1.9326930408838194
12579.0,-0.5894199919170826,-1.057568175439826,-0.5191835931031591,-0.3513664749128713,-0.29254282546769667,0.6371869328959393
12580.0,0.21743079259163547,-0.5566388957505917,0.10530831719982647,0.10201108100954993,0.17374026765232672,0.8755933053822212
12581.0,-0.7708420618066169,-1.057568175439826,-1.0919327580014444,-0.72503397002458,-0.8075883471740417,-0.43148116090039995
12582.0,0.1792366726148914,0.07445736048174284,0.55833079560882,0.46228357989429314,0.5984416885683977,0.7935482359790692
12583.0,-0.9474898666990581,2.202838357075187,1.9402192781192817,1.881226475975648,0.9812306749482648,0.8157422606492207
12584.0,-0.9427156017019651,0.9308016202790399,0.6774401480951412,-0.10346175008111069,0.03967179647401301,-0.06744453862805892
12585.0,0.1553653476294264,-0.5566388957505917,0.5796327736576016,0.633840006552384,0.4903479020522795,1.7600009317131011
12586.0,-0.880650156739756,0.07445736048174284,0.587524224803451,0.22570394599255914,0.5412550843430992,0.8479383046863934
12587.0,-0.9236185417135931,-1.057568175439826,-1.318056269321291,-1.4720807958085678,-1.760606742132222,-0.85339531916483
12588.0,-0.7756163268037098,0.07445736048174284,0.03817814103322102,-0.06966232833151947,-0.2396636998126339,-0.1748294114771997
12589.0,-0.82335897677464,0.8006346437359392,1.1776502104141993,0.8450588911404592,0.8568496217702717,1.021001988265642
12590.0,0.04555725269628723,-0.5566388957505917,1.710226614961477,1.428006164448924,0.38989466139460405,3.8690073643137044
12591.0,0.5516293423881459,-0.2012239156425293,0.2776279439539554,0.19238555252627512,0.32826094754877355,0.6549545012730223
12592.0,-0.5225802819577805,0.29970536404670484,0.7487830599417261,0.8851549422778776,0.0024225606841520096,0.8501767625201249
12593.0,-0.4414177770071994,-0.2012239156425293,-0.5564176542387697,-0.563888607644377,-0.8604674728291044,-0.8968780301874929
12594.0,-0.780390591800803,1.511464603952064,1.235520179331711,1.1411128985647787,0.5007855218324396,0.28899833264598285
12595.0,1.449191161841631,-1.057568175439826,-0.7962814585473651,-0.384361593491431,-0.6247574474094066,0.12016191425294728
12596.0,-0.7183251468385938,-0.5566388957505917,-0.27624550448185187,-0.017848492752275864,-0.409791367250838,0.16455891625661506
12597.0,-0.87110162674557,0.07445736048174284,1.0279311205813948,1.000854621734628,1.1979702234882976,1.6687828662264974
12598.0,-0.914070011719407,1.1560496238440017,1.1525295645066205,1.173086164403271,0.9151673412720975,0.5486979739321018
12599.0,-0.82335897677464,1.3464940972778903,0.6646165075931335,0.9868951379736888,0.09255092212907612,-0.5813266007986675
12600.0,-0.82335897677464,1.9048962333414947,1.2180151527031962,0.6851952269138422,0.189055518651088,-0.19247451727229303
12601.0,-0.05470231224266591,0.4901498374805938,-0.20673241184639785,-0.33997264410367656,-0.44192654764477163,-1.1690891490400235
12602.0,-0.6801310268618498,-1.057568175439826,-1.2742845325747478,-0.7209883721386089,-0.9777160146122458,-0.7717235135334927
12603.0,-0.856778831754291,-1.057568175439826,-0.14824147915352656,-1.325384533344951,-1.9434376418968569,1.3293119085713512
12604.0,-0.5846457269199896,-0.5566388957505917,-0.9124458063242522,-0.5799629434487835,-0.8075883471740417,-1.0194235482349172
12605.0,0.8333109772166333,0.07445736048174284,0.21848953140676436,0.4238437959905344,0.32826094754877355,0.16067856549641066
12606.0,2.2942360663270933,-1.057568175439826,-2.6712200450036296,-3.613978162138445,-2.5113622892582645,-3.3782055526455057
12607.0,-0.6753567618647568,-1.057568175439826,0.39611394264883737,0.6071103090757938,0.7101478727648092,2.345001335318128
12608.0,0.9717646621323305,-1.057568175439826,-0.5603838461070425,-0.26935375822155644,-0.7579160438997158,0.5603131484541826
12609.0,-0.5894199919170826,0.9308016202790399,0.9535498730955887,0.7613587844072647,0.9088888272366124,0.44627837496565764
12610.0,-0.852004566757198,0.29970536404670484,0.6002317689715652,0.5036273435188194,0.5703472080455595,0.5734772282054086
12611.0,-0.7135508818415008,-1.057568175439826,0.1950647565949337,0.3623867769454418,0.3534734621303434,1.9698722847891987
12612.0,-0.6085170519054547,-1.057568175439826,-0.18316390143983965,-0.4064820662334041,-0.6247574474094066,1.264151659124121
12613.0,-0.6896795568560358,1.0485519735441977,1.4451474780319082,1.408380600135144,1.33620626251436,1.2211119690644758
12614.0,0.3654330075015187,-1.057568175439826,-0.7576819851288498,-1.2140077557532785,-0.5847816131886778,0.19218301564911058
12615.0,-0.9522641316961511,0.8006346437359392,1.3218528268323209,1.260022117868656,1.2577404080340233,1.289700663926299
12616.0,-0.5082574869665015,-0.2012239156425293,0.1566714754353774,0.01455597613908807,-0.214451185231064,0.4296333336032939
12617.0,-0.82335897677464,-1.057568175439826,-0.677597406817161,-0.551306260279225,-0.05683280004799887,0.3416093944060921
12618.0,-0.856778831754291,-1.057568175439826,-1.1696647708601517,-1.0622086921321432,-1.0432983725937395,-0.5765179887121343
12619.0,-0.8854244217368491,1.0485519735441977,1.0222920710055878,1.298687325593566,0.21885305959242807,0.4335401728063759
12620.0,-0.8901986867339421,-0.2012239156425293,0.27787424965926466,0.581476073353524,0.6075964438354208,0.6554133877080136
12621.0,-0.9522641316961511,2.5133231633305324,2.3574682736893275,2.192584000651068,1.7085748558820546,1.2461141967389433
12622.0,0.14581681763524038,-1.057568175439826,-1.158523556391041,-1.2766653905793108,-1.0432983725937395,-0.555730074632163
12623.0,0.35588447750733265,0.6551203441547673,1.0159004596574284,0.9182970781844549,0.7940607955516648,0.8981365228694062
12624.0,-0.45574057199847845,-0.5566388957505917,-0.25023308698982655,-0.20743436893273298,-0.12070997099915268,0.2130175201659311
12625.0,0.050331517693380234,0.07445736048174284,1.2459824248006832,1.2584351344020337,0.9983604014140248,2.075359528061796
12626.0,-0.852004566757198,0.9308016202790399,1.4241208286572364,1.2864306984379419,1.3869782063675777,1.3228002211724332
12627.0,-0.9092957467223141,0.6551203441547673,1.1436839078971612,1.1373032097762739,1.0942369089268609,1.136213136507228
12628.0,-0.9427156017019651,-0.2012239156425293,-0.10382794035077303,-0.05485522531691114,-0.16624068800434505,-0.055388335433977455
12629.0,0.8810536271875634,-0.5566388957505917,0.38638199466236556,0.2583247627941531,-0.03660110367654417,1.3996252131570828
12630.0,-0.914070011719407,-0.5566388957505917,0.24021525120868067,0.07733336824421994,0.2889249744088639,1.1270928187862863
12631.0,-0.6896795568560358,0.4901498374805938,0.9630309350108868,0.7838151166198979,0.9213981094917513,1.0056663590586166
12632.0,1.5255794017951192,-0.5566388957505917,-0.08723549944907794,0.2323588879600871,-0.214451185231064,0.5167246295733982
12633.0,-0.6801310268618498,0.6551203441547673,1.3139587268865294,1.244180204757778,1.3436548781077107,1.4535432427999828
12634.0,1.5971933767515143,-0.5566388957505917,-0.4427974611139645,-0.2415438530847377,-0.5847816131886778,-0.14563942815811043
12635.0,-0.5321288119519666,0.07445736048174284,0.8393985479747005,0.9105884125562035,1.0790164946748164,1.3173243386424554
12636.0,2.5663691711613947,-1.057568175439826,-1.3330588143991606,-3.613978162138445,-2.5113622892582645,-0.8813879243627929
12637.0,-0.6419369068851057,1.254937876118928,1.5849374530314575,1.4240041391825826,1.5830639710850705,1.2378345160475013
12638.0,-0.8042619167862679,-0.5566388957505917,0.009741581285547385,0.20236157979639535,0.09255092212907612,0.6974602271060568
12639.0,0.1792366726148914,-0.2012239156425293,0.26325023664914227,0.16989040795676677,0.2616110427421876,0.6281681384223048
12640.0,-0.8472303017601049,-0.2012239156425293,0.1837157360615979,-0.29416453597707787,0.09255092212907612,0.4800067242146871
12641.0,-0.4127721870246414,-1.057568175439826,-1.1359018217834675,-1.2490778079274656,-1.1145904545341814,-0.5135211505812037
12642.0,-0.842456036763012,-0.2012239156425293,0.07779693149267708,0.08210585803716575,-0.05683280004799887,0.2827390123340243
12643.0,-0.3507067420624323,1.254937876118928,1.586754947804918,1.4841586468629138,-0.8604674728291044,1.2412212106381169
12644.0,-0.3411582120682463,0.07445736048174284,0.5355513404991882,0.49289649663271273,0.7493583243307705,0.7511103131810105
12645.0,-0.7994876517891749,0.8006346437359392,0.9748288829299625,0.9673969130095489,0.7867777069538352,0.6432170554796514
12646.0,-0.9379413367048721,-0.5566388957505917,0.2819101650068638,0.4008249864861125,0.021258840188633787,1.204830191293461
12647.0,-0.856778831754291,2.547173051100936,2.0989012899107538,1.7162964621855024,1.414637949268572,0.7268359836368508
12648.0,-0.22180158714092113,0.07445736048174284,0.14446141202973,0.04039063953323784,-0.07757674530912831,0.0229055159995677
12649.0,-0.45096630700138546,0.8006346437359392,0.6639697393177239,0.9139511185162056,0.6518959929570478,0.06463006777681675
12650.0,-0.9474898666990581,-1.057568175439826,-0.7603160330780661,-0.42678970660539517,-0.5847816131886778,0.18726825859074434
12651.0,0.6375661123358201,0.07445736048174284,-0.6290621519728571,-0.39902556759911106,-0.26567674408401915,-1.4134194262716444
12652.0,0.618469052347448,-0.5566388957505917,0.08045928629696165,0.06280443256558357,0.15813328011056985,0.8292732856191707
12653.0,-0.2504471771234792,-0.2012239156425293,1.0908952440788047,0.8133934554511455,0.47977559959369576,2.171041354807551
12654.0,-0.9092957467223141,0.29970536404670484,-0.2953746917708583,-0.40150168194557495,-0.2396636998126339,-1.0912909461855291
12655.0,1.0624756970770977,-1.057568175439826,-0.8925610085631207,-1.180714181827603,-0.7579160438997158,-0.059481967384452036
12656.0,-0.880650156739756,0.8006346437359392,1.400696941737348,1.1626002455742177,1.152439506483106,1.4366428697480853
12657.0,-0.9092957467223141,0.07445736048174284,0.42445480681888914,0.5004893538767801,-0.143159103290622,0.544169866607112
12658.0,-0.87110162674557,-1.057568175439826,-0.20171193152577038,-0.2754692216866368,-0.12070997099915268,1.229543685563603
12659.0,-0.818584711777547,-1.057568175439826,-1.639238457194996,-1.0038781562122157,-1.6112230199551474,-1.4526753836539432
12660.0,-0.9092957467223141,-1.057568175439826,-0.9384451712367454,-0.8798968913203039,-0.9169962351303879,-0.1450952579225043
12661.0,1.1197668770422138,-1.057568175439826,-1.2340857734266144,-0.5328730644211497,-1.0432983725937395,-0.6967183735095124
12662.0,-0.9570383966932442,1.8474233769671247,1.4355238816242557,1.2808877611459688,1.0992481910462715,0.2770894927834851
12663.0,2.022102961492792,-0.5566388957505917,-0.9552611305726407,-0.6485049221221219,-1.192682094770814,-1.0989895321712275
12664.0,-0.9236185417135931,1.1560496238440017,1.3618414346584278,0.736352727404265,-1.1145904545341814,0.9384985072496599
12665.0,0.58982346236489,-0.2012239156425293,-0.7622295009937647,-0.7089988438096513,-0.9169962351303879,-1.278782865747231
12666.0,0.9192477471643075,-1.057568175439826,0.22743008199974588,-0.18030228252576944,-0.2396636998126339,2.030261356873837
12667.0,-0.6849052918589428,-1.057568175439826,-0.2740934102863598,-0.13743132157976862,-0.18999139653830796,1.0944901897685
12668.0,-0.9045214817252211,1.0485519735441977,1.8129805652087378,1.5361504286905445,1.489322756853159,1.906727885856805
12669.0,-0.24089864712929315,-0.2012239156425293,0.7922585934674551,0.5437033697523602,0.6856880840720535,1.6141599375924711
12670.0,-0.914070011719407,0.6551203441547673,1.0182796657240376,0.7919413953910722,0.42476554407078576,0.9025686994624385
12671.0,1.9313919265480246,-1.057568175439826,0.7597587302905355,0.7207894267790455,0.057680039452894044,3.0235105429169598
12672.0,0.613694787350355,-0.5566388957505917,-0.5246830621350461,-0.8256977981095772,-0.5102446079085138,-0.298097344205687
12673.0,-0.9379413367048721,-0.2012239156425293,0.2167835827713057,0.23800999079579488,0.38989466139460405,0.5416041835685621
12674.0,-0.7756163268037098,0.07445736048174284,0.5547727630732459,0.5542221154648898,0.17374026765232672,0.7869195170630877
12675.0,1.6831301466991884,-0.5566388957505917,0.037033298143515206,-0.2434917288262392,0.7867777069538352,0.7483285636850356
12676.0,-0.842456036763012,1.1560496238440017,0.8176981850496531,0.8823455038919252,0.37793325082309986,-0.07429915281136472
12677.0,1.6879044116962814,-0.5566388957505917,-0.5969207953783097,-0.6668182952182143,-0.9169962351303879,-0.43255969358422397
12678.0,-0.7612935318124309,1.9048962333414947,2.6040681391866087,2.514679677430812,1.2618473944394515,2.3891042332096415
12679.0,-0.6801310268618498,0.07445736048174284,0.14511874565509397,0.08447917318443562,0.021258840188633787,0.02412871109695802
12680.0,-0.9570383966932442,0.07445736048174284,-0.022621924711790278,-0.06073810646911588,-0.18999139653830796,-0.28790479964657717
12681.0,-0.8901986867339421,2.8161581394670288,2.5043811850633326,2.33459214161905,1.9442848813017524,1.1838420226375737
12682.0,-0.9427156017019651,2.991159366603595,2.316129609057125,2.0188027021643786,1.6671728384076792,0.6400060387232542
12683.0,-0.9427156017019651,1.9048962333414947,1.8286101677622868,1.7526840343464958,1.4009247911355573,0.943729218978131
12684.0,-0.9236185417135931,0.6551203441547673,0.6605167107725721,0.9226144963608365,0.30224790327738865,0.2364117460819237
12685.0,-0.828133241771733,0.4901498374805938,0.8227242423411537,0.7485434159859329,0.8295356901035954,0.7442885836458056
12686.0,0.8142139172282613,-1.057568175439826,-1.659179493398896,-0.9915898062500224,-1.3755129945354494,-1.489882507565036
12687.0,1.3346088019113989,-0.5566388957505917,0.6135570295722569,0.6946273482768309,0.8897593496354799,1.8232684698441028
12688.0,-0.4175464520217344,-1.057568175439826,1.204365944155679,1.2001127886398506,1.1382718554069673,3.853084068028505
12689.0,-0.837681771765919,-0.5566388957505917,0.22696471332286217,0.1667623723242485,0.24760485428798198,1.1023888122968826
12690.0,0.021685927710822197,-1.057568175439826,-0.6080394547153173,-0.9977052697151033,-0.7579160438997158,0.4713945929480323
12691.0,-0.828133241771733,0.6551203441547673,0.1811596403234837,-0.05926244348857524,-0.44192654764477163,-0.6546711961074322
12692.0,2.079394141457908,-1.057568175439826,-1.503684903821816,-1.6958135609136948,-0.9169962351303879,-1.1997518241471168
12693.0,-0.35548100705952534,0.6551203441547673,0.45010769120004884,0.06280443256558357,0.32826094754877355,-0.1549869591677581
12694.0,-0.6276141118938267,-0.2012239156425293,0.5068958724191721,0.6717586918209228,0.4016839593570631,1.0821898441488047
12695.0,-0.9283928067106861,0.6551203441547673,0.3132373207844812,-0.046128447855481106,0.07530097820695623,-0.40938065586547795
12696.0,1.1149926120451208,-0.5566388957505917,-0.04653406252674641,0.09621890625607403,0.021258840188633787,0.5925761913894215
12697.0,-0.82335897677464,-0.2012239156425293,0.037287865564087266,0.0276002053098174,-0.09885955416899503,0.20730790371656144
12698.0,1.8550036865945365,-1.057568175439826,-0.7049315875906552,-0.967681441239905,-0.7579160438997158,0.2906077192349336
12699.0,1.0338301070945395,-1.057568175439826,-0.2536159703393664,-0.17500769620178155,-0.016856965827270066,1.1326981664101923
12700.0,-0.9236185417135931,0.07445736048174284,1.2140424242288292,1.1867383528833013,1.236890884256886,2.015799421198628
12701.0,-0.5798714619228966,0.4901498374805938,0.7099061156690725,0.8311310409620715,0.8364500102281615,0.53418327895381
12702.0,-0.866327361748477,-1.057568175439826,-1.0188951091361333,-1.447270018053046,-0.9777160146122458,-0.29520334545894095
12703.0,-0.6228398468967337,0.07445736048174284,0.07301954488110839,0.1313342901104966,0.233355067772715,-0.11001807325806497
12704.0,-0.9283928067106861,0.8006346437359392,0.6782649019962425,0.4761381410346254,0.3409641798752045,0.09122251394735466
12705.0,-0.8901986867339421,1.4317308999682739,1.8364861390268346,1.7683230125640197,1.6494975936338885,1.5004936592190052
12707.0,0.43227271746082074,-1.057568175439826,-0.29366301683833973,-0.4216536837493171,-0.18999139653830796,1.0579761005092643
12708.0,-0.818584711777547,1.7237759069352954,1.2393929025796593,1.0560698777875492,0.9151673412720975,0.05287092770057747
12709.0,-0.8901986867339421,2.478519633199459,2.51528940315742,2.1957418597360063,1.2198206403184555,1.5789848215164355
12710.0,-0.49870895697231554,-0.2012239156425293,0.16794132758680358,0.36625616764397206,0.4690650931924128,0.45062447335399375
12711.0,1.9600375165305828,-0.5566388957505917,0.27768149586457375,0.30058236427914886,0.233355067772715,1.196945965195838
12712.0,-0.82335897677464,1.9048962333414947,1.4351493884431568,0.9916806556061721,0.8897593496354799,0.21126460503745534
12713.0,-0.9570383966932442,-1.057568175439826,-0.04936658059254624,0.0276002053098174,-0.07757674530912831,1.5137983397095516
12714.0,-0.9188442767165,1.254937876118928,1.9662504131179384,1.8993802968101123,1.902258127180756,1.9485779880530871
12715.0,-0.45574057199847845,-1.057568175439826,-0.6973691695891128,-0.609925943093793,-0.5847816131886778,0.3047181105292357
12716.0,-0.9427156017019651,-0.5566388957505917,0.1057099330452885,0.24547001503700291,0.2889249744088639,0.8763419529970076
12717.0,-0.24089864712929315,-0.2012239156425293,0.2613572765209349,0.1368264488855615,0.2889249744088639,0.6246415227541022
12718.0,-0.6228398468967337,-1.057568175439826,-0.9587021251458381,-0.5734859690690123,-0.6247574474094066,-0.1828918391257171
12719.0,-0.9379413367048721,-0.5566388957505917,-0.2459767935360825,-0.17325226770400967,-0.16624068800434505,0.22094684358962707
12720.0,-0.9474898666990581,2.328585137071624,1.5405874055191096,1.651547080957306,1.4862132955410827,-0.0685665125531078
12721.0,-0.8090361817833609,0.8006346437359392,1.064956530437205,1.1137220034024427,1.1935293341757096,0.8110704775305194
12722.0,-0.5560001369374316,0.07445736048174284,0.06665251258426214,0.09854190366186613,0.1422232254034017,-0.12186262065356536
12723.0,-0.9427156017019651,0.29970536404670484,-0.16207241035778505,-0.07567983104854278,0.189055518651088,-0.844064624609936
12724.0,-0.9379413367048721,0.6551203441547673,0.6710832812156855,0.683292454002868,0.6518959929570478,0.25607619122968645
12725.0,0.8094396522311683,0.07445736048174284,0.6551982326895534,0.5594190404083517,0.6344625252190986,0.9740334037626374
12726.0,-0.828133241771733,1.1560496238440017,1.0652282088423235,1.4775030905352984,0.32826094754877355,0.3861871687453748
12727.0,-0.9092957467223141,1.0485519735441977,1.314131813648484,1.1561346464647109,0.9275818525974744,0.9770089560773592
12728.0,-0.6228398468967337,0.29970536404670484,0.11697207310876125,0.07131861831159202,0.10944517163608153,-0.32577299939006094
12729.0,-0.4175464520217344,-1.057568175439826,-0.49900306743533007,-0.4832889115546586,-0.3788691287103198,0.6748409099228231
12730.0,1.5303536667922122,-1.057568175439826,-0.06585688251430247,-0.4804854634606252,0.09255092212907612,1.4830297928466698
12731.0,-0.8472303017601049,1.6569789035332354,2.3994426571634433,2.0852376243011674,0.9578193087560118,2.2902805304466844
12732.0,-0.10244496221359597,-1.057568175439826,-0.9646958022976778,-0.967681441239905,-0.9777160146122458,-0.19407518417315112
12733.0,0.1553653476294264,0.07445736048174284,0.70356249907966,0.4000924988540104,0.8295356901035954,1.064158916241368
12734.0,0.7235028822834941,-0.2012239156425293,-0.25188893126886974,-0.39902556759911106,-0.7110837506520298,-0.330871904152364
12735.0,0.5420808123939599,-0.5566388957505917,-0.11013428081415004,-0.18385584567445426,-0.07757674530912831,0.47405258063145744
12736.0,0.6280175823416341,-1.057568175439826,-0.9715639615346262,-0.6780563053151835,-1.760606742132222,-0.2068901878247808
12737.0,1.420545571859073,-0.5566388957505917,1.0087170756478285,-3.347422325913002,-2.179147667316555,2.5603158006095708
12738.0,0.8142139172282613,-1.057568175439826,-1.2639758669240035,-0.7800261334955506,-1.0432983725937395,-0.7524890165743899
12739.0,-0.5894199919170826,0.07445736048174284,0.7877217801356311,0.4392142801950146,0.5703472080455595,1.2210050836257353
12740.0,-0.6562597018763847,-1.057568175439826,-0.5403330874481725,-0.23189011747305974,-0.34907158776898006,0.5977249987865185
12741.0,1.5637735217718631,-0.5566388957505917,-0.57731719135826,-0.5389602151498709,-0.7579160438997158,-0.3960730378153973
12742.0,2.026877226489885,-1.057568175439826,0.1999748105773293,0.6736950925782327,0.37793325082309986,1.979033743856076
12743.0,-0.3220611520798743,-0.5566388957505917,-0.3730361047618526,-0.28578980384625685,0.8084355865789369,-0.01572683954744734
12744.0,-0.7135508818415008,1.1560496238440017,2.3865593791600137,1.7503386605360032,1.4314628129879807,2.8488008709451718
12745.0,1.3632543918939568,-0.2012239156425293,0.012784448909121405,-0.026205481328169595,-0.5466658071727737,0.16168486148090194
12746.0,1.6210647017369793,-1.057568175439826,-0.9114060772338362,-1.0554659911595055,-0.7110837506520298,-0.0946441724963025
12747.0,-0.9522641316961511,2.15790818322247,1.6362951462861053,1.1099987109402873,0.5703472080455595,0.3003922684279458
12748.0,-0.9570383966932442,5.280132447272276,2.9239832421012606,2.847384117408965,3.258679056918876,-0.7226680093179695
12749.0,-0.9427156017019651,0.9308016202790399,1.4535169834299713,1.0363214817658954,1.4799587455328098,1.3775843929321183
12750.0,-0.3459324770653393,-1.057568175439826,-0.8538792263203956,-0.8304444438698193,-0.8075883471740417,0.012692710515461352
12751.0,1.1627352620160507,-1.057568175439826,-0.8738783327564783,-0.6202249670189166,0.30224790327738865,-0.0246227641504408
12752.0,-0.5750971969258036,-1.057568175439826,1.1255551041070277,1.0084514161033835,0.189055518651088,3.7060343028485985
12753.0,-0.852004566757198,0.4901498374805938,2.266930475257639,2.072695649389981,0.9275818525974744,3.4369479705847823
12754.0,0.1649138776236124,-0.2012239156425293,0.8587983495967084,1.700266223722946,0.12599809971663617,1.7382272839946007
12755.0,0.37975580249279767,1.1560496238440017,1.255829985808481,1.0173958749201775,-0.16624068800434505,0.7410467791977108
12756.0,-0.5464516069432456,-1.057568175439826,-1.4964779550056058,-0.7979158790770093,-1.760606742132222,-1.1863046875548267
12757.0,-0.8854244217368491,1.3464940972778903,1.5449387573009283,1.0459955118565714,1.4043746575895693,1.0563034075691613
12758.0,-0.4032236570304554,0.6551203441547673,1.7130564197428975,1.6663427508283075,1.2111502729297718,2.1975995593907713
12759.0,-0.7135508818415008,0.8006346437359392,1.225675202355701,1.2368325117075811,1.290033930697721,1.110480763997332
12760.0,1.2152521769840738,-1.057568175439826,-0.6881760019248702,-0.5897996493919544,-0.5466658071727737,0.3218712476541776
12761.0,1.2248007069782596,-0.5566388957505917,-0.10703367882996656,-0.3606258896987994,-0.34907158776898006,0.47983047466832013
12762.0,-0.9236185417135931,-0.5566388957505917,0.5280465082061755,0.6065751787395308,0.3153576561144396,1.6637972009951394
12763.0,-0.30296409209150227,-0.5566388957505917,-0.43685918680805363,-0.28371268495621643,-0.7579160438997158,-0.13458188443474162
12764.0,0.5516293423881459,-1.057568175439826,0.4462483016260412,-0.15254480516260224,0.057680039452894044,2.438544884790408
12765.0,1.2916404169375617,0.4901498374805938,0.3119417360923766,0.4780937426208802,0.12599809971663617,-0.2063395351917866
12766.0,-0.9427156017019651,0.9308016202790399,1.6379470351801584,1.5326261465068114,1.4576839969968878,1.721352958814595
12767.0,0.8333109772166333,-1.057568175439826,0.03144758128328564,0.13463508825052414,0.021258840188633787,1.6645860171371238
12768.0,1.1913808519986089,-1.057568175439826,-1.2052218952623144,-1.022752397493591,-1.1145904545341814,-0.6428625016063376
12769.0,0.1792366726148914,-1.057568175439826,0.16455133238418973,-0.2055903071855897,-0.214451185231064,1.9129385956893887
12770.0,0.04555725269628723,-0.5566388957505917,0.9128706766548861,0.8738444253245125,-0.6247574474094066,2.3815316522794516
12771.0,1.3584801268968638,-1.057568175439826,-0.8374303510244856,-1.0101095543538685,-0.8075883471740417,0.043383961214527075
12772.0,-0.6753567618647568,-1.057568175439826,-0.013195484897074358,0.08684395120841562,0.21885305959242807,1.5812884352983765
12773.0,1.7308727966701185,-1.057568175439826,-1.4231280543133715,-0.9795269433700604,-1.4849208824917954,-1.049444254826232
12774.0,1.5971933767515143,-1.057568175439826,-1.5868446657242725,-1.447270018053046,-1.4849208824917954,-1.3549160560297389
12775.0,-0.880650156739756,0.6551203441547673,0.44295524920527174,0.5245774366523146,0.21885305959242807,-0.16828533497086473
12776.0,2.227396356367791,-1.057568175439826,-1.994385175820254,-1.5385421495302896,-1.760606742132222,-2.1153284088725495
12777.0,1.2248007069782596,-1.057568175439826,-0.4009977367643346,-0.040374296618126464,-0.3788691287103198,0.8577048516426728
12778.0,-0.866327361748477,0.9308016202790399,0.48007182035718454,0.8341675709879212,0.4903479020522795,-0.43426164671503104
12779.0,-0.780390591800803,1.4317308999682739,1.4080801887997405,1.2955037475473752,0.986980467473245,0.702355933703231
12780.0,1.8979720715683737,-1.057568175439826,-0.7098976669395263,-0.3513664749128713,-0.5847816131886778,0.28134172484043835
12781.0,-0.6562597018763847,-0.5566388957505917,-0.06802959325068775,0.2102348185915852,-0.409791367250838,0.5525162818961111
12782.0,-0.9379413367048721,1.1560496238440017,1.165722746497617,0.933122733388186,0.986980467473245,0.5732608990956393
12783.0,-0.9522641316961511,0.4901498374805938,0.6421540770555259,0.16256837033718813,0.47977559959369576,0.4080379264905108
12784.0,-0.9188442767165,-0.2012239156425293,0.47499306174702277,0.3746895000851943,0.8568496217702717,1.0227296913754715
12785.0,0.7760197972515173,-0.2012239156425293,0.13694318124461494,-0.0475748897630871,0.0024225606841520096,0.39288897005910356
12786.0,1.9504889865363968,-1.057568175439826,-0.15869042602087496,-0.2673278472752866,-0.6667842015304029,1.3098156669087528
12787.0,-0.914070011719407,0.07445736048174284,-0.03794500855501779,0.03017827756200417,-0.26567674408401915,-0.3163975071855906
12788.0,1.2486720319637248,0.07445736048174284,-0.5119373784024218,-0.6031484853164844,-0.5847816131886778,-1.196466835478233
12789.0,-0.6514854368792917,-0.2012239156425293,-0.8604664208543573,-1.6958135609136948,-1.6112230199551474,-1.4608385905639183
12790.0,-0.04515378224847989,-0.5566388957505917,-0.3075326361854598,-0.3047852448665163,-0.12070997099915268,0.10627779393370397
12791.0,0.8237624472224473,0.4901498374805938,-0.03684017801350304,-0.21113808341519072,-0.7110837506520298,-0.8541496420856848
12792.0,0.26517344256256553,-0.5566388957505917,-0.06779555935155294,-0.13909354138263974,-0.05683280004799887,0.5529524288805069
12793.0,0.6375661123358201,-0.2012239156425293,-0.018791146371737653,-0.036091495921788945,-0.16624068800434505,0.10289905746639554
12794.0,-0.7087766168444078,-0.5566388957505917,-0.0394179901465125,0.12801683522304796,0.021258840188633787,0.605838293142708
12795.0,-0.87110162674557,-1.057568175439826,-0.5355272948289346,-1.286124655672843,-0.8604674728291044,0.6066919210490653
12796.0,2.036425756484071,-1.057568175439826,-0.6229308344713534,-0.644902679784246,-1.3755129945354494,0.4436094063546887
12797.0,0.7855683272457032,-0.5566388957505917,-0.35736158452462347,-0.5359095944469988,-0.34907158776898006,0.013466211892418553
12798.0,-0.914070011719407,0.07445736048174284,1.6043448198269585,1.8750361516887328,-0.34907158776898006,2.743707027856568
12799.0,1.5637735217718631,-1.057568175439826,-1.0177543869216472,-0.8304444438698193,-0.8075883471740417,-0.29307492081999326
12800.0,1.2820918869433757,-0.2012239156425293,-0.31679127676148894,-0.3536691307934737,-0.2396636998126339,-0.4515760232237826
12801.0,1.430094101853259,-1.057568175439826,0.11807658663446642,0.023714040800434433,0.1422232254034017,1.82622336152777
12802.0,-0.06902510723394494,0.6551203441547673,0.7010585445409052,0.9182970781844549,0.7645317593062706,0.3118643510365645
12803.0,0.9144734821672145,-1.057568175439826,0.13198094772470909,0.38226340392478936,0.21885305959242807,1.8521669123392401
12804.0,1.2629948269550038,-0.5566388957505917,-0.735872417988745,-0.38678298695373253,0.2889249744088639,-0.6911033683892235
12805.0,0.8619565671991913,0.07445736048174284,0.32728150608738316,0.1291245146456743,0.03967179647401301,0.36321195164513576
12806.0,1.1149926120451208,0.07445736048174284,0.8266919888022192,0.9555401663193297,0.2616110427421876,1.2936401692452717
12807.0,0.8667308321962843,-1.057568175439826,-0.7250055007861211,-0.793397596124442,-0.7579160438997158,0.25315266584617574
12808.0,-0.7851648567978959,0.29970536404670484,-0.11277759898924598,-0.27138593165366137,0.07530097820695623,-0.7525746560797614
12809.0,-0.11199349220778199,-0.2012239156425293,0.472054272041941,0.04039063953323784,0.4690650931924128,1.017252551862176
12810.0,1.5924191117544213,-0.5566388957505917,-0.37988486700185714,-0.14746827351346078,-0.214451185231064,-0.028481967052264686
12811.0,0.28427050255093755,0.29970536404670484,0.09225326885765298,-0.0741702836991678,0.09255092212907612,-0.3717201888340709
12812.0,-0.7469707368211519,-1.057568175439826,-0.9850027050506095,-0.712971107144618,-0.8075883471740417,-0.23196496278109907
12813.0,1.434868366850352,-0.2012239156425293,0.4436694608636094,0.558843628921464,-0.09885955416899503,0.964351976328778
12814.0,-0.4748376319868505,-1.057568175439826,-1.413623337850615,-1.4978647899991167,-2.179147667316555,-1.0317098121647
12815.0,-0.2552214421205722,-0.5566388957505917,0.11246278794834388,-0.16454475521589296,-0.07757674530912831,0.8889299337255743
12816.0,-0.5034832219694085,-0.5566388957505917,-0.3317204301780682,-0.8747808531910688,-0.34907158776898006,0.06122411720689307
12817.0,0.37975580249279767,-0.2012239156425293,-0.1965811346771022,-0.5238467315670368,-0.7579160438997158,-0.22798458963060425
12818.0,0.28904476754803055,-1.057568175439826,0.3789152135556049,0.4238437959905344,-0.8604674728291044,2.312910964590048
12819.0,1.2248007069782596,-1.057568175439826,-0.37251910980158087,-0.22806796960317863,-0.6247574474094066,0.9108418998575364
12820.0,-0.9474898666990581,1.1560496238440017,0.777865405055659,0.9162948200423621,0.9213981094917513,-0.14835368559184295
12821.0,0.059880047687566246,-0.5566388957505917,-1.013047760876243,-0.7209883721386089,-0.9169962351303879,-1.2063460793875203
12822.0,-0.6228398468967337,-0.5566388957505917,0.030737800759442126,0.07972394390319104,-0.016856965827270066,0.7365943645342488
12823.0,-0.6037427869083617,1.7237759069352954,1.4111092477284246,0.4245503060873351,-2.5113622892582645,0.3723255292626336
12824.0,-0.6753567618647568,-1.057568175439826,-0.5932705568007098,-0.48610436588700323,-0.409791367250838,0.4989512459283629
12825.0,1.5255794017951192,-0.5566388957505917,-0.4021292430244749,-0.8209851787762878,-0.5847816131886778,-0.06990829415472548
12826.0,-0.9474898666990581,1.254937876118928,0.8069350152166059,0.8990248149987373,0.643225625568364,-0.21033690709904912
12827.0,-0.9331670717077791,-0.2012239156425293,-0.5360763287373267,-0.5931115333827922,-0.6247574474094066,-0.8591017657812635
12828.0,-0.9474898666990581,0.4901498374805938,0.08164251956954022,0.009264940883848482,0.07530097820695623,-0.6342502138814798
12829.0,0.647114642330006,-0.2012239156425293,-0.6148983125208225,0.07972394390319104,-0.7110837506520298,-1.0054547421650724
12830.0,-0.780390591800803,0.4901498374805938,1.4448601031481403,1.9752866521897667,-0.9169962351303879,1.903751667462188
12831.0,0.28904476754803055,-0.2012239156425293,-0.5020124561299117,-0.31124101767951007,-0.7579160438997158,-0.7958300917546074
12832.0,-0.8090361817833609,-0.5566388957505917,-0.619127530470217,-0.5997857793564824,-0.34907158776898006,-0.4738883177811426
12833.0,-0.2695442371118512,-1.057568175439826,-0.5576515200282902,-0.745644046063802,-0.44192654764477163,0.5654112784579667
12834.0,0.3893043324869837,-1.057568175439826,-0.7650177035982901,-0.9735775128852286,-0.6667842015304029,0.1784956132855371
12835.0,1.0815727570654696,2.7037676367644212,1.3531354301351572,1.0332514344120627,0.9637351616934668,-0.8326497295138102
12836.0,-0.6801310268618498,1.511464603952064,1.4175067265543775,0.9993835815553838,1.5404542627791502,0.6277364741783596
12837.0,-0.13586481719324703,-0.5566388957505917,-0.2265673618888471,-0.6031484853164844,0.5510676815341373,0.2571068400958786
12838.0,-0.7994876517891749,1.0485519735441977,0.850451180657144,0.7834061538808618,1.3799148688968128,0.11376932937282415
12839.0,-0.9474898666990581,2.15790818322247,1.6958899331509505,1.7100311280753402,1.0635079798298124,0.4112886848434765
12840.0,-0.2743185021089442,0.6551203441547673,1.0701026883460039,1.007288377176779,0.772014387314677,0.9991144741233833
12841.0,-0.9379413367048721,2.6739964704830737,1.4598180634092952,1.5307912756694932,1.6156248943165106,-0.6019507264719941
12842.0,-0.6276141118938267,0.07445736048174284,0.5353643926432619,0.39346312252384213,0.057680039452894044,0.7507620395903494
12843.0,-0.6467111718821987,2.328585137071624,1.420086671208911,1.2001127886398506,0.9151673412720975,-0.29249576431348806
12844.0,-0.82335897677464,0.07445736048174284,-0.24193336660989737,-0.5120012294368813,0.5984416885683977,-0.6954867951492373
12845.0,0.3129160925334956,0.07445736048174284,-0.6753507125025593,-0.5702712556617224,-0.3788691287103198,-1.499086354257728
12846.0,2.2942360663270933,-1.057568175439826,-2.874188590938295,-3.613978162138445,-2.5113622892582645,-3.7569158544285455
12847.0,-0.856778831754291,-0.5566388957505917,0.4093798449522993,0.7372310275773901,0.7020754717798163,1.4425088481115478
12848.0,2.265590476344535,-1.057568175439826,-1.0557029515985974,-1.3890543432466802,-0.7579160438997158,-0.36388151952158304
12849.0,-0.813810446780454,0.4901498374805938,0.8663189861591458,0.878108705671468,0.8701725506387965,0.8254926032367631
12850.0,1.1675095270131437,-1.057568175439826,-0.7257638867876681,-0.5832255187891728,-2.179147667316555,0.2517376259433608
12851.0,-0.49870895697231554,-0.5566388957505917,-0.8413417939265687,-0.7414700156492805,0.42476554407078576,-0.887246760196382
12852.0,0.4465955124520998,-1.057568175439826,-0.7669208068166018,-0.7756287419706503,-0.7110837506520298,0.1749446946404232
12853.0,-0.31728688708278124,1.1560496238440017,1.0458293700391998,0.8082926846735596,0.7867777069538352,0.35008284415088603
12854.0,-0.5846457269199896,0.6551203441547673,0.8492593855331849,0.7931517196024666,1.2154969254175574,0.5877672458612252
12855.0,0.8189881822253543,0.07445736048174284,-0.282565409931725,-0.4639112852343134,0.3534734621303434,-0.7709418589453083
12856.0,-0.9236185417135931,0.4901498374805938,0.6241654862762077,0.5203184184496683,1.0582725494136873,0.3745499264524625
12857.0,0.04555725269628723,0.4901498374805938,1.0043535999925908,0.7025396058322659,0.42476554407078576,1.0826611263500936
12858.0,0.8667308321962843,-1.057568175439826,-1.3020530308687914,-1.4720807958085678,-0.12070997099915268,-0.8235355631324695
12859.0,1.2295749719753528,-1.057568175439826,-0.3280990403542241,-0.3354698348440594,-0.5466658071727737,0.9937234016595304
12860.0,2.3467529812951162,-1.057568175439826,-2.0108291887895495,-1.9029502298560697,-0.7579160438997158,-2.146010587164997
12861.0,1.9982316365073267,-1.057568175439826,-1.8483670237825431,-1.879041864845952,-1.760606742132222,-1.84287940368628
12862.0,1.0720242270712836,-0.5566388957505917,0.057242355026583765,0.14875007895945422,0.8433064692551185,0.785997014619742
12863.0,-0.7135508818415008,0.4901498374805938,0.8048317184680157,0.3993591941691659,-0.44192654764477163,0.7109626015944079
12864.0,-0.30296409209150227,-0.5566388957505917,-0.7949671586375886,-0.05632101763385772,-1.6112230199551474,-0.8010146859116698
12865.0,-0.837681771765919,0.07445736048174284,0.929691253851272,0.9186301957906704,1.0635079798298124,1.4856357714583164
12866.0,0.3893043324869837,-0.2012239156425293,0.21522547560567512,0.08329358660197225,0.2616110427421876,0.5387016989564201
12867.0,-0.837681771765919,1.3464940972778903,1.5444449665862907,1.828406805271858,1.7569888910733888,1.0553834739882386
12868.0,-0.07379937223103794,0.8006346437359392,0.5809183784534826,0.575329421351217,0.579819476229692,-0.08983257254231666
12869.0,2.2942360663270933,-1.057568175439826,-0.7093253455464675,-0.7979158790770093,-0.143159103290622,0.2824095947731121
12870.0,0.8285367122195403,-0.2012239156425293,0.4390442649116746,0.40738090589853576,0.5703472080455595,0.9557322627007989
12871.0,-0.5607744019345245,-0.2012239156425293,-0.14358382177711942,-0.004152006062478782,-0.9169962351303879,-0.12937391690697067
12872.0,0.599371992359076,1.254937876118928,0.9211118332487157,0.7979708560156098,1.3324564066676785,0.0019302584042019796
12873.0,0.3845300674898907,-0.2012239156425293,0.5751184698303902,0.31408543373742903,-0.18999139653830796,1.2093519200872636
12874.0,0.8762793621904703,-0.5566388957505917,0.030390205347074078,0.16151567582594573,0.03967179647401301,0.7359464833989149
12875.0,-0.2790927671060372,0.29970536404670484,0.28722461222395573,1.5538741523259725,-2.179147667316555,-0.009158597009090084
12876.0,-0.6849052918589428,0.07445736048174284,1.0771358484711275,1.204223627788956,0.8295356901035954,1.760522082919518
12877.0,-0.9427156017019651,1.8474233769671247,0.8422642679354574,1.0011484351838977,1.0261373690197537,-0.8250083208022448
12878.0,0.1649138776236124,-0.5566388957505917,-0.04394737302212039,0.07613481261268797,-0.07757674530912831,0.5973969424110586
12879.0,-0.7469707368211519,-0.2012239156425293,-0.33044461538174136,-0.18030228252576944,-1.3755129945354494,-0.47696361327240233
12880.0,0.8619565671991913,-0.5566388957505917,-0.2513514819327264,-0.3653049669732642,-0.214451185231064,0.2109340022528906
12881.0,0.35588447750733265,-1.057568175439826,-0.7987252775230825,-2.0375836294397245,-1.3755129945354494,0.11560209727472939
12882.0,-0.9188442767165,-0.5566388957505917,0.34118354775033516,-0.44774471036475055,-0.9777160146122458,1.31534716019458
12883.0,-0.842456036763012,0.07445736048174284,-0.18374428684386426,-0.596440186477966,-0.05683280004799887,-0.5873937810418837
12884.0,-0.5416773419461526,-1.057568175439826,-0.7726837321196466,-1.5819034176367013,-1.3755129945354494,0.16419189956757616
12885.0,-0.6610339668734777,-0.2012239156425293,0.18410629750099822,0.19439290548070715,0.36579462773390486,0.48073421870717364
12886.0,-0.6371626418880127,-0.5566388957505917,0.2984499291362162,0.30058236427914886,0.4690650931924128,1.2356684116774126
12887.0,0.8715050971933773,-1.057568175439826,-1.0078898187991028,-1.035643155251807,-0.9169962351303879,-0.2746690463853869
12888.0,0.059880047687566246,-0.5566388957505917,-0.675290088551695,-1.2140077557532785,-1.760606742132222,-0.5783965574271192
12889.0,0.8571823022020983,0.07445736048174284,-0.6146011560998015,-0.8954883157324756,-0.409791367250838,-1.3866472092016575
12890.0,-0.8472303017601049,-0.5566388957505917,-0.18115146539167037,-0.04180811961136482,0.8767536468426793,0.34172286472463465
12891.0,-0.07379937223103794,1.1560496238440017,-0.056198653247033464,1.0265029654160358,-2.179147667316555,-1.693747836987583
12892.0,0.9335705421555864,-1.057568175439826,-0.8870298017426029,-0.816306101501823,-0.6667842015304029,-0.049161525886600575
12893.0,-0.813810446780454,-1.057568175439826,-1.172729872229542,-1.1041851339251454,-0.34907158776898006,-0.5822370298534697
12894.0,1.7833897116381414,-1.057568175439826,-1.2548547323417616,-1.7514022289005018,-0.5466658071727737,-0.7354702828866763
12895.0,-0.7612935318124309,-0.5566388957505917,-0.6385024535037872,-0.551306260279225,-0.5102446079085138,-0.5099439888321031
12897.0,0.016911662713729188,0.07445736048174284,-0.4082035463331466,-0.4398081039294526,-1.1145904545341814,-1.004119236134544
12898.0,1.2534462969608178,-0.5566388957505917,-0.8030341619326709,-0.47769391964063307,-0.34907158776898006,-0.8160163688834848
12899.0,1.0147330471061675,-1.057568175439826,-0.6508951302305679,-0.985530707305215,-0.7110837506520298,0.3914320266658611
12900.0,1.0529271670829117,-1.057568175439826,-0.7037111866129042,-0.8209851787762878,-0.9169962351303879,0.29288481305975306
12901.0,-0.9188442767165,2.2461917041447332,2.1278888694373608,2.5350187120943706,-0.26567674408401915,1.11670048317549
12902.0,0.3033675625393096,-1.057568175439826,-1.344879742000327,-1.3054615668176395,-1.1145904545341814,-0.9034440860137423
12903.0,1.0863470220625626,-1.057568175439826,-0.06216712657886815,0.007935501438273034,-0.016856965827270066,1.4899143501428722
12904.0,-0.875875891742663,-0.5566388957505917,-0.4339949918795738,-0.33099765717701596,0.2753818218937108,-0.12924845739019128
12905.0,1.7929382416323274,-0.5566388957505917,0.0814384102425517,0.057889212795466646,0.17374026765232672,0.8310983994140656
12906.0,-0.9045214817252211,0.29970536404670484,0.8367990142254291,0.8394479815600172,0.21885305959242807,1.014163026052303
12907.0,0.9287962771584934,-0.5566388957505917,-0.41567944311542715,-0.6631145807357566,-0.4753737252323317,-0.09514200884569961
12908.0,-0.121542022201968,0.29970536404670484,0.48020105573754895,1.1940074670511316,-2.5113622892582645,0.3499803318040867
12909.0,-0.7708420618066169,0.8006346437359392,0.8804947284471975,0.9102511939892814,0.8501060275513096,0.46757415079120906
12910.0,-0.852004566757198,1.3464940972778903,1.3287605035063441,1.3196467250227082,0.4690650931924128,0.653665248037814
12911.0,1.6735816167050024,-1.057568175439826,0.4281724082912361,0.3313974801572631,1.3436548781077107,2.40481785093746
12912.0,-0.9474898666990581,0.29970536404670484,0.4327515044552978,0.20925580488600776,-0.7110837506520298,0.2616517966409392
12913.0,-0.9379413367048721,1.3464940972778903,1.3866092375824761,1.2125819785838727,0.17374026765232672,0.7613884988858266
12914.0,0.9526676021439585,-1.057568175439826,-1.002832475724095,-0.2434917288262392,-1.192682094770814,-0.26523276691983294
12915.0,-0.2504471771234792,0.07445736048174284,0.050277483628157454,-0.11139197388754374,0.07530097820695623,-0.15232352450768522
12916.0,-0.2981898270944092,0.6551203441547673,1.143876115428526,0.8133934554511455,0.5412550843430992,1.1365712886394908
12917.0,-0.3507067420624323,0.4901498374805938,1.1243086814455696,0.5371913998929922,0.057680039452894044,1.3062011548680763
12918.0,2.026877226489885,-1.057568175439826,1.7853810021321226,-3.613978162138445,-2.5113622892582645,4.937175137083007
12919.0,-0.9236185417135931,0.4901498374805938,0.27561148648999695,0.2121884829767844,-0.16624068800434505,-0.273880144726924
12920.0,-0.880650156739756,0.07445736048174284,-0.44772497418635604,-0.09718573504834867,0.2753818218937108,-1.0774218036769665
12921.0,-0.9188442767165,3.420100695687139,2.6237249853890074,2.4832639929871383,1.654586691189554,0.7413308816474883
12922.0,-0.1931559971583631,-1.057568175439826,-0.5785345767761815,-0.18030228252576944,-0.32031979307342545,0.5264464788298904
12923.0,-0.6562597018763847,-0.2012239156425293,-0.11859577326559109,-0.49177170772481255,0.20408973995326918,-0.08287247352450067
12924.0,-0.5416773419461526,1.254937876118928,0.7166154611177694,0.7039260546733143,0.233355067772715,-0.3781581451470497
12925.0,-0.9379413367048721,-0.2012239156425293,-0.15787443455090452,0.18835236452773702,0.07530097820695623,-0.15596605623568344
12926.0,1.0004102521148885,0.07445736048174284,0.37044350853822405,0.2867961168598571,1.2740462610544514,0.44358311818733775
12927.0,0.9240220121614005,-1.057568175439826,-1.0933787221236781,-0.793397596124442,-1.0432983725937395,-0.4341791233190441
12928.0,-0.7947133867920819,1.254937876118928,1.1153142843489787,1.1715012305987023,0.6518959929570478,0.36322435814193804
12929.0,0.5277580174026809,-1.057568175439826,-1.4607656179616195,-1.678281653088581,-1.2790083980134372,-1.1196705700514222
12930.0,-0.5894199919170826,-0.5566388957505917,-0.5603666291154281,-0.43196617100258916,-0.5847816131886778,-0.3645223096014267
12931.0,-0.856778831754291,3.10253596394203,3.3151637930117865,3.1943093254150394,-0.09885955416899503,2.3789768389559103
12932.0,1.6115161717427933,0.8006346437359392,0.44822703717305856,0.7846322796608483,0.4016839593570631,-0.3364881542320554
12933.0,-0.8472303017601049,0.8006346437359392,0.42159037686477085,0.43783171905074775,1.3692043624955306,-0.38598067992785984
12934.0,2.5568206411672088,-1.057568175439826,-1.1524079279915194,-1.7912573149263509,-2.179147667316555,-0.544319185983824
12935.0,-0.9522641316961511,1.511464603952064,1.1050705973554031,1.2366272322112064,0.8012797151341228,0.04632986331005475
12936.0,-0.880650156739756,0.07445736048174284,0.11275934848235926,0.0903752448297594,0.233355067772715,-0.036083439974057364
12937.0,-0.8901986867339421,0.9308016202790399,0.8792036390878497,0.9219521209075215,0.9025618299872694,0.3078983114610002
12938.0,-0.837681771765919,-1.057568175439826,-1.483523024771911,-0.816306101501823,-1.192682094770814,-1.1621326390446103
12939.0,-0.6562597018763847,1.8474233769671247,2.3850766311253224,2.0065697508070306,-0.44192654764477163,2.046049637756862
12940.0,-0.6992280868502218,-0.5566388957505917,-0.007420004211368561,-0.12265749575793934,0.5891834875500419,0.6654742524786291
12941.0,2.4947551962049994,-1.057568175439826,-0.6295549280117375,-0.1610937888567785,-0.34907158776898006,0.43124979441498723
12942.0,-0.3363839470711533,-0.2012239156425293,-0.21271038543601897,-0.5897996493919544,0.38989466139460405,-0.25799175617600545
12943.0,1.7022272066875603,-0.5566388957505917,-0.43336005364465396,-0.5149426552915989,-0.5102446079085138,-0.12806613096600605
12944.0,-0.7899391217949889,-0.5566388957505917,-0.2923700834988317,-0.3422356672739857,-0.29254282546769667,0.13452180917887688
12945.0,0.4131756574724487,-0.5566388957505917,-0.007085460801132896,-0.05779008546708409,0.09255092212907612,0.6660977705688808
12946.0,1.1245411420393068,-1.057568175439826,-0.7378980949922075,-0.7756287419706503,-0.5847816131886778,0.22909692745543575
12947.0,-0.2743185021089442,0.4901498374805938,0.40714334849293465,0.5725163764865047,0.5510676815341373,-0.029296725552737317
12948.0,-0.8854244217368491,0.9308016202790399,0.6710554251446967,0.6465562169799237,0.6075964438354208,-0.07931673463220999
12949.0,-0.813810446780454,1.9598138796697315,2.035732307693461,1.8575462665802998,1.7156687709525076,1.2674123850987344
12950.0,-0.9522641316961511,-0.2012239156425293,0.5067596822737472,0.683768663789573,-0.9169962351303879,1.0819360080836435
12951.0,-0.9188442767165,1.511464603952064,0.9056015689432781,0.8059250677742706,0.7794292983039648,-0.3244411694518889
12952.0,-0.9331670717077791,0.07445736048174284,0.30331827166096464,0.19238555252627512,0.3409641798752045,0.31859476911338536
12953.0,-0.914070011719407,-0.5566388957505917,-0.0662372809002109,-0.19102112185780132,0.057680039452894044,0.5558564503624536
12954.0,2.088942671452094,-1.057568175439826,-1.2321074108877008,-1.1568058168174855,-1.1145904545341814,-0.6930270317269809
12955.0,-0.9570383966932442,1.1560496238440017,1.1869857137759432,1.3254119147841652,0.5313235436848637,0.6128501097726903
12956.0,0.49911242742012285,0.07445736048174284,-0.39764133049046885,-0.23573461721189917,0.0024225606841520096,-0.9845249016030772
12957.0,-0.914070011719407,1.3464940972778903,1.6206844640606441,1.4871107654167182,1.8358941779234073,1.19742895964031
12958.0,0.9478933371468654,-0.5566388957505917,-0.47670356621132,-0.9278263552140557,0.057680039452894044,-0.208771709965778
12959.0,1.3489315969026778,-1.057568175439826,-1.284460038494079,-0.9795269433700604,-1.2790083980134372,-0.7907095534627806
12960.0,1.0147330471061675,0.07445736048174284,0.2685306213702677,0.683292454002868,0.12599809971663617,0.253829334777825
12961.0,0.8476337722079124,-1.057568175439826,-1.0421325267983879,-0.6521270116253584,-0.09885955416899503,-0.338561046106625
12962.0,-0.9283928067106861,-0.5566388957505917,-0.8789060421083287,-0.8697043215419273,-0.8075883471740417,-0.9570818245171998
12963.0,-0.9236185417135931,1.254937876118928,0.910511240234162,0.7959671739348112,0.9088888272366124,-0.01778243351389319
12964.0,1.1245411420393068,-1.057568175439826,-1.3787517461259682,-1.411725816863138,-0.3788691287103198,-0.9666444052816703
12965.0,-0.5369030769490596,-1.057568175439826,-0.11916343611746343,-0.35829878078459476,0.7645317593062706,1.3835673815203098
12966.0,-0.914070011719407,-1.057568175439826,-1.2421432582639342,-1.2226014412855573,-1.1145904545341814,-0.7117524887725534
12967.0,0.7473742072689592,-0.2012239156425293,0.8413810972585916,0.41171547708604483,0.09255092212907612,1.7057510104283935
12968.0,-0.42709498201592044,-1.057568175439826,-1.3590437849147883,-1.240133349110671,-1.6112230199551474,-0.9298721659997431
12969.0,1.9170691315567456,-1.057568175439826,-1.4335156267965223,-1.4233616530429278,-1.6112230199551474,-1.0688259806585367
12970.0,-0.9283928067106861,1.0485519735441977,0.3365415733345386,0.4412826854098622,1.5404542627791502,-0.8408955993951237
12971.0,-0.9427156017019651,3.9694849550919904,2.043907021102574,2.220748838198177,0.7181415173627237,-0.9354125541084616
12972.0,1.0147330471061675,0.07445736048174284,0.17550150376046716,0.360832621181903,0.4016839593570631,0.08066951276863406
12973.0,1.0147330471061675,-1.057568175439826,-0.6144340596729301,-1.7912573149263509,-1.4849208824917954,0.4594631739090429
12974.0,-0.016508192265921855,-0.5566388957505917,-0.5722581135054737,-1.0101095543538685,-0.34907158776898006,-0.386656572451654
12975.0,1.1245411420393068,0.4901498374805938,0.6004196377669287,0.41099503034895585,0.6344625252190986,0.33034703547846916
12976.0,0.050331517693380234,0.8006346437359392,0.8926865040533299,1.120861118635248,0.7493583243307705,0.4902715112427317
12977.0,-0.21702732214382814,0.07445736048174284,-0.4087190354153831,-0.8747808531910688,0.20408973995326918,-1.00507549535719
12978.0,0.8762793621904703,0.29970536404670484,0.7262581411271734,0.6903996322159773,0.8897593496354799,0.8082144789085915
12979.0,2.5186265211904644,-1.057568175439826,-0.40341469964863014,0.04291913334944929,0.233355067772715,0.8531951442932167
12980.0,-0.20747879214964213,1.9048962333414947,2.0682172933725576,0.8973069995927909,-1.3755129945354494,1.3901494619923005
12981.0,-0.818584711777547,-0.5566388957505917,-0.6396167624453655,-0.45847813379913716,-0.9777160146122458,-0.5120175784453451
12982.0,0.19833373260326345,0.8006346437359392,0.792462469221727,0.8318914893774593,0.9696086067184702,0.30371166790726767
12983.0,1.8931978065712807,-1.057568175439826,-0.44268055078428914,0.1771317920663914,-0.26567674408401915,0.7799306773046222
12984.0,-0.87110162674557,-1.057568175439826,-1.5955341232873446,-1.9029502298560697,-1.760606742132222,-1.371129342087871
12985.0,-0.9570383966932442,-0.5566388957505917,0.22221914718744162,0.7528430230831967,0.4472146763622555,1.093541373358691
12986.0,1.0863470220625626,1.0485519735441977,0.7885394750863491,0.5719523201826611,0.30224790327738865,-0.0013854628778590665
12987.0,-0.6085170519054547,0.29970536404670484,0.26316281094997845,0.12021037695896361,0.30224790327738865,-0.05392039708154432
12988.0,0.43227271746082074,-1.057568175439826,-0.4200412249788042,-0.8850530556485808,0.4690650931924128,0.8221724240170394
12989.0,-0.9474898666990581,2.4427071657996513,1.9381134386737773,1.7447701759719545,0.1422232254034017,0.5437278920568147
12990.0,-0.813810446780454,0.6551203441547673,0.03572159410581901,-0.009596406386841285,-1.192682094770814,-0.9245057025180405
12991.0,-0.852004566757198,-0.2012239156425293,-0.12382404360375716,-0.005508884937980794,0.057680039452894044,-0.09260236080402198
12992.0,2.4995294612020924,-1.057568175439826,-1.6264232242908647,-2.0375836294397245,-1.4849208824917954,-1.428763990397444
12993.0,-0.852004566757198,0.8006346437359392,0.23383975525801481,0.2841786976818049,0.24760485428798198,-0.7345933104375348
12994.0,-0.9427156017019651,-0.2012239156425293,0.049777396486769605,-0.038943594025597925,0.17374026765232672,0.23056348303643903
12995.0,-0.5560001369374316,-1.057568175439826,-1.0443934162720783,-0.985530707305215,-1.9434376418968569,-0.34277954277534023
12996.0,0.8333109772166333,-1.057568175439826,-0.672506908843226,-0.9060918937029208,-0.5102446079085138,0.3511075361750903
12997.0,-0.856778831754291,0.8006346437359392,0.6041055629908523,0.5842511200313091,0.3534734621303434,-0.04671385228718115
12998.0,1.391899981876515,-0.2012239156425293,0.008643917517914178,0.5489837803244568,0.2616110427421876,0.15397591233745642
12999.0,-0.02605672226010787,-0.2012239156425293,-0.4944811027793064,-0.23189011747305974,-0.409791367250838,-0.781839230411305
13000.0,-0.45096630700138546,0.07445736048174284,0.09128185714216391,0.07733336824421994,0.24760485428798198,-0.0760430950731278
13001.0,-0.9427156017019651,2.4427071657996513,2.349497685635252,2.1800920092265836,1.596788614812029,1.309935241244806
13002.0,0.556403607385239,-0.2012239156425293,-0.5632476077192414,-0.5799629434487835,-0.6247574474094066,-0.9095609339375583
13003.0,-0.45574057199847845,-0.2012239156425293,-1.2934895062628355,-1.0164005840055443,-1.760606742132222,-2.2607945592705896
13004.0,-0.9045214817252211,2.547173051100936,1.8296671527427708,1.8989306336039358,1.8658369279164961,0.22573859245717207
13005.0,-0.131090552196154,0.07445736048174284,0.06812409177863621,-0.03467007356954734,-0.016856965827270066,-0.11912507963393494
13006.0,-0.6944538218531288,-1.057568175439826,-1.722125256535926,-1.4233616530429278,-1.760606742132222,-1.6073303064040827
13007.0,1.8072610366236066,-1.057568175439826,-1.1780033514883013,-1.378005216237291,-1.0432983725937395,-0.5920765885512702
13008.0,0.5802749323707039,-0.2012239156425293,-0.2833958995675897,-0.16454475521589296,-0.2396636998126339,-0.38947238836727965
13009.0,2.251267681353256,-1.057568175439826,-0.9715639615346262,-0.916869308544028,-1.760606742132222,-0.2068901878247808
13010.0,0.8237624472224473,-0.5566388957505917,-0.7255037784291294,-0.26935375822155644,-1.1145904545341814,-0.6718156415090847
13011.0,0.8142139172282613,-1.057568175439826,-2.060180388280667,-2.3347220766489754,-1.9434376418968569,-2.2380928729525307
13012.0,-0.9188442767165,1.1560496238440017,0.8460796385722089,0.7638921500925864,0.6604755694904836,-0.021525350748648368
13013.0,-0.9570383966932442,2.2880751597655706,1.7947480115517331,1.6113505873573377,1.5662850487754325,0.44945008983190726
13014.0,-0.9092957467223141,1.1560496238440017,1.2754034504899856,0.9212890774001828,0.9754402475100741,0.7774994053897892
13015.0,-0.7087766168444078,1.1560496238440017,1.4196963992758622,1.3003665285034738,1.4799587455328098,1.0462770427185473
13016.0,-0.6132913169025477,-0.2012239156425293,-0.10070904176757683,0.05169305399781207,-0.05683280004799887,-0.049583627252075324
13017.0,-0.9283928067106861,-1.057568175439826,-1.069569964789868,-1.5111462029625293,-2.5113622892582645,-0.3897553844907194
13018.0,-0.8854244217368491,2.5133231633305324,1.7028346943781112,1.7266077940600917,1.8338585443984305,0.027444556664114376
13019.0,0.8476337722079124,0.4901498374805938,0.21674277667525205,-0.1341194375889308,0.07530097820695623,-0.3832940580276944
13020.0,1.7260985316730253,-0.5566388957505917,-0.27544639371707064,-0.367657053853687,-0.07757674530912831,0.16604754024910082
13021.0,-0.9427156017019651,1.6569789035332354,1.2063401868386676,1.0861733152723376,1.1141007199045665,0.06766636272432197
13022.0,1.0911212870596556,-1.057568175439826,-1.8796062909970608,-1.713825854278489,-1.6112230199551474,-1.9011674121055708
13023.0,-0.6562597018763847,-0.2012239156425293,0.3342835131981773,0.12021037695896361,0.4016839593570631,0.7605141988813411
13024.0,1.2868661519404687,-0.5566388957505917,-0.35246100719887297,-0.6485049221221219,-0.3788691287103198,0.022593542363206823
13025.0,2.5329493161817433,-1.057568175439826,-0.7402391389805837,-0.4611890967410044,-0.9169962351303879,0.22472887391668347
13026.0,-0.9570383966932442,0.9308016202790399,0.46265617639411977,1.0651932314665582,0.17374026765232672,-0.46660931332214445
13027.0,-0.4175464520217344,1.7871458800763362,2.1108059686159875,2.9417584077910117,-1.3755129945354494,1.6033686561209366
13028.0,-0.852004566757198,-0.5566388957505917,-0.22801772831060996,0.3240337837076536,-0.03660110367654417,0.25440473924655527
13029.0,-0.813810446780454,0.29970536404670484,0.5388373973270169,-0.6031484853164844,-0.9169962351303879,0.45915139585517767
13030.0,-0.9092957467223141,-0.5566388957505917,-0.13551925073486687,-0.22048970030448686,0.47977559959369576,0.42674953961995676
13031.0,0.9813131921265165,0.29970536404670484,0.9230490414980417,1.0219651901478755,1.5257439561174189,1.1748858578938954
13032.0,-0.7135508818415008,0.9308016202790399,0.8108201261287867,0.6312669794642691,1.0151393237236626,0.1806491431993917
13033.0,0.7425999422718662,-0.5566388957505917,-1.0138570488857346,-1.0487917451858157,-0.9777160146122458,-1.2078493139074689
13034.0,-0.6992280868502218,-0.2012239156425293,-0.13135970500875327,-0.11941902821497494,0.0024225606841520096,-0.10662601125876046
13035.0,-0.6085170519054547,-0.2012239156425293,0.29102447663273584,0.4217196985633415,-0.34907158776898006,0.6799136086365478
13036.0,2.3085588613183723,-1.057568175439826,-0.7772111641847453,-1.6612051713861486,-1.4849208824917954,0.15574435832033445
13037.0,-0.30296409209150227,1.254937876118928,1.0471958785733813,0.9689412115392771,1.1845746868770388,0.23646483939710955
13038.0,-0.5798714619228966,-0.2012239156425293,-0.0004665885596090959,-0.19826535584174043,-0.44192654764477163,0.13701407503258273
13039.0,1.8263580966119786,0.07445736048174284,0.07600470367646756,-0.33997264410367656,-0.09885955416899503,-0.1044646948118217
13040.0,-0.9188442767165,-0.5566388957505917,-0.21123767673919056,-0.20743436893273298,-0.07757674530912831,0.28566726360914135
13041.0,1.1913808519986089,0.07445736048174284,-0.09237393861438073,-0.2454453932114384,-0.4753737252323317,-0.4175887395217697
13042.0,1.8931978065712807,-0.2012239156425293,0.3535987960850014,0.3354530610747334,1.1042290092563862,0.7965047775118993
13043.0,0.3415616825160536,-1.057568175439826,-0.4051877043928252,-0.42678970660539517,-0.9169962351303879,0.8498869708092671
13044.0,0.42749845246372775,1.1560496238440017,1.2005638931286347,1.0866893338088783,1.7365892795312785,0.6381324169923752
13045.0,-0.4891604269781295,-0.2012239156425293,-0.08364706984987869,-0.1210362678541802,-0.016856965827270066,-0.017827782778258482
13046.0,-0.813810446780454,-0.2012239156425293,0.031017266244519462,0.023714040800434433,0.1422232254034017,0.19563232811471945
13047.0,-0.8090361817833609,2.0628271562006084,1.5973642710573634,1.265546583839171,1.2284002168518913,0.33481678280365085
13048.0,-0.8949729517310351,0.9308016202790399,1.0713724084410299,1.1152054359577153,0.8832823034758474,0.6656474810759831
13049.0,-0.6562597018763847,0.07445736048174284,0.3138078599534417,0.15834744038408952,-0.6247574474094066,0.3381249605019865
13050.0,-0.8901986867339421,2.5133231633305324,1.8500476879962664,1.7523093363700935,2.0352292097504976,0.30126095456076557
13051.0,1.8024867716265136,-0.5566388957505917,-1.2619134799327414,-1.2490778079274656,-1.760606742132222,-1.6682050525001564
13052.0,0.050331517693380234,0.6551203441547673,0.8842161459935747,0.7043875552761907,1.089194787954205,0.6528632951137867
13053.0,2.007780166501513,-1.057568175439826,-1.4039081181174622,-1.5247014787009079,-0.7110837506520298,-1.0135826004822797
13055.0,-0.5894199919170826,0.07445736048174284,0.6721935480221067,0.8659540050178731,1.0039916405726501,1.0057028304980455
13056.0,1.6688073517079094,-1.057568175439826,-1.0506393209239095,-0.7373223199867728,-0.6667842015304029,-0.3544335082935467
13057.0,1.5685477867689561,-0.2012239156425293,-0.17753718259929413,-0.04324507664642568,-0.16624068800434505,-0.19255235779743027
13058.0,-0.842456036763012,-0.2012239156425293,-0.8655850943139144,-1.4595583680152389,-1.6112230199551474,-1.4703199380373513
13059.0,0.23175358758291448,1.0485519735441977,0.6630689169845284,0.373164191786549,1.0582725494136873,-0.23465551104833052
13060.0,0.2508506475712865,-1.057568175439826,-0.7762103495670364,-0.9007687263045723,-0.8075883471740417,0.15761173537699136
13061.0,-0.6180655818996407,-1.057568175439826,-0.9282827671756712,-0.9915898062500224,-1.1145904545341814,-0.12613366418842148
13062.0,-0.049928047245572905,-1.057568175439826,-0.6898649960557451,-0.22997626581046446,-1.0432983725937395,0.31871982596926607
13063.0,1.3346088019113989,-1.057568175439826,-1.1263667944122626,-0.9389691233576822,-0.9777160146122458,-0.4957301520960447
13064.0,-0.8997472167281281,0.4901498374805938,0.43470752314562805,0.20729339273686767,0.2616110427421876,0.021977380896680353
13065.0,0.8189881822253543,0.29970536404670484,0.1067707509809077,-0.1610937888567785,0.12599809971663617,-0.3447358910711924
13066.0,-0.8472303017601049,-0.5566388957505917,-0.4714216039657661,-0.27138593165366137,0.10944517163608153,-0.1989372446938446
13067.0,-0.5703229319287106,-0.2012239156425293,-0.41624258344132736,-0.8596673696082351,-0.44192654764477163,-0.6364602646635248
13068.0,-0.914070011719407,-0.5566388957505917,-0.696036741489999,-0.5832255187891728,-2.5113622892582645,-0.6169965648663065
13069.0,-0.9570383966932442,2.612211415605459,1.6667612494166861,2.259340435517074,2.125689597812741,-0.1493040109054369
13070.0,-0.04515378224847989,0.07445736048174284,-0.13622439207389037,-0.17676782464759178,-0.9777160146122458,-0.49909230096892987
13071.0,1.9600375165305828,-1.057568175439826,-1.3952038348202802,-1.8121291499106194,-0.9777160146122458,-0.9973416517229482
13072.0,0.3129160925334956,-1.057568175439826,-1.170308968268131,-1.2766653905793108,-1.3755129945354494,-0.5777199690173102
13073.0,1.0004102521148885,-0.5566388957505917,-0.5564518996563221,-0.4089864790976022,-0.409791367250838,-0.35723541920077406
13074.0,1.477836751824189,0.07445736048174284,0.29862678316022395,0.3466773656150786,-0.3788691287103198,0.30986005214663354
13075.0,-0.3411582120682463,-1.057568175439826,0.008277656159876346,-0.0027979219961135433,-0.5102446079085138,1.6213542479219998
13076.0,1.2248007069782596,-1.057568175439826,-1.3619314974714904,-1.5671295918148718,-1.192682094770814,-0.9352602249660983
13077.0,-0.9570383966932442,1.1560496238440017,0.7913744619192536,1.0657259766997644,1.2979122805550882,-0.12324018356423806
13078.0,-0.9474898666990581,3.10253596394203,2.4844644492959422,2.106954180886601,1.0477002469551036,0.8307802259381737
13079.0,-0.9427156017019651,0.4901498374805938,-0.5545708243896346,-0.7373223199867728,-1.0432983725937395,-1.8120438338247826
13080.0,-0.10721922721068898,0.07445736048174284,-0.8414182029775863,-0.6065284803291194,-0.7110837506520298,-1.8060268630450185
13081.0,-0.9045214817252211,2.2461917041447332,2.9668870113644443,2.8994377029344167,2.332711550398804,2.680740975843593
13082.0,-0.36025527205661834,1.9048962333414947,1.497729672447206,1.8758907855501337,0.6939227470780444,0.327698821455325
13083.0,-0.9427156017019651,-0.2012239156425293,-0.5963231989155086,-0.30264733214723183,-0.6247574474094066,-0.9709724696697215
13084.0,1.387125716879422,-1.057568175439826,-1.4338063278748177,-0.7979158790770093,-2.179147667316555,-1.0693683873284119
13085.0,-0.20747879214964213,0.8006346437359392,0.7060459553663823,0.43436254170306454,0.1422232254034017,0.14290645320481624
13086.0,0.8667308321962843,-1.057568175439826,-0.5209577458778927,-0.7498447477801015,0.09255092212907612,0.6338766173510625
13087.0,2.5043037261991854,-1.057568175439826,-0.7621382676833677,-1.133736517118207,-0.8075883471740417,0.18386822922109317
13088.0,1.0290558420974465,-1.057568175439826,-0.9651496224965995,-1.2140077557532785,-0.6247574474094066,-0.1949219478118096
13089.0,-0.9474898666990581,4.656324965083479,3.4626380018000584,3.1514651520497847,2.4550443841377705,0.9550641811609861
13090.0,-0.9188442767165,2.0628271562006084,1.9133337139157653,1.24600436755489,1.0992481910462715,0.9230723423878086
13091.0,-0.828133241771733,-0.2012239156425293,0.6724129239357839,0.6639555428580721,-0.016856965827270066,1.3907222222820683
13092.0,-0.6228398468967337,1.254937876118928,0.614016297209639,0.2033509066675296,0.17374026765232672,-0.5686815397678324
13093.0,0.35588447750733265,3.059182616872485,2.9320413086865473,2.612741327118174,1.2618473944394515,1.7124720678348442
13094.0,-0.861553096751384,1.3464940972778903,0.6368270896244163,0.8924730985357372,-1.6112230199551474,-0.6329030386316524
13095.0,-0.6228398468967337,-1.057568175439826,-1.7873110263365046,-0.7979158790770093,-1.4849208824917954,-1.7289576375723483
13096.0,0.9192477471643075,-1.057568175439826,-0.5536833023636979,-2.7904022884519986,-2.5113622892582645,0.572815405547601
13097.0,-0.8042619167862679,2.2461917041447332,1.9259573662710057,1.573596610702606,1.811126284811443,0.7405894042598742
13098.0,-0.9570383966932442,2.2461917041447332,2.4811029193618848,2.2929982041796007,1.0635079798298124,1.7749524455125603
13099.0,-0.4891604269781295,-1.057568175439826,-1.0579037448956672,-0.3445065074655823,-2.5113622892582645,-0.3679878853126827
13101.0,0.1553653476294264,0.07445736048174284,-0.192012092662485,-0.012335608607309917,0.10944517163608153,-0.6027545328388633
13102.0,-0.9570383966932442,2.5801201667325926,1.8127958480447812,1.6884981654012312,1.3134452968899748,0.1577864852830503
13103.0,-0.7708420618066169,-0.2012239156425293,-0.17748669143303314,-0.08788264232324271,-0.34907158776898006,-0.19245841290103943
13104.0,-0.9474898666990581,0.9308016202790399,0.45266353919142227,0.35300624801366565,-0.8075883471740417,-0.4851679291957966
13105.0,1.1197668770422138,-1.057568175439826,-1.8105236896512822,-1.035643155251807,-2.5113622892582645,-1.7722691501451253
13106.0,-0.3268354170769673,-0.5566388957505917,-0.29361552854489664,-0.4889319297376028,-0.8075883471740417,0.13220182148886875
13107.0,-0.7517450018182449,0.9308016202790399,1.2581295593404946,1.433050823593952,0.986980467473245,1.013504672744422
13108.0,0.8189881822253543,-0.5566388957505917,-0.13931995227495952,0.27891238715543126,-0.34907158776898006,0.4196673983580767
13109.0,-0.6753567618647568,-0.2012239156425293,0.15852629301031956,0.2894031562915032,0.24760485428798198,0.43308806279631984
13110.0,-0.813810446780454,1.254937876118928,0.8459923236086198,0.2945864229462451,1.1189923288955452,-0.13773896095943228
13111.0,2.4708838712195345,-1.057568175439826,-0.7435872667315028,-0.6521270116253584,-0.9777160146122458,0.21848174599289713
13112.0,1.6210647017369793,-1.057568175439826,-2.684387306211652,-2.436061902306955,-2.179147667316555,-3.4027737804109623
13113.0,-0.9570383966932442,2.5801201667325926,2.150907661680265,1.451667856692724,1.1141007199045665,0.7870675862313834
13114.0,2.5281750511846504,-1.057568175439826,-0.9704045313374849,-1.2313089537736739,-0.7579160438997158,-0.20472685676363656
13115.0,-0.9045214817252211,1.0485519735441977,1.2903947773248692,1.3721421198070927,1.1709564996008697,0.9327902682760181
13116.0,-0.30296409209150227,-1.057568175439826,-0.4266983204088725,-0.3377173843214184,-0.26567674408401915,0.8097512352672753
13117.0,-0.856778831754291,1.7237759069352954,0.6516771947829444,0.8770452259327282,0.8635381656265729,-1.0381133530392106
13118.0,-0.866327361748477,0.9308016202790399,0.7007586698789805,0.35300624801366565,0.7867777069538352,-0.024081429350932083
13119.0,2.232170621364884,-1.057568175439826,-1.36456681296344,-0.9735775128852286,-1.0432983725937395,-0.9401773470780683
13120.0,0.1792366726148914,-1.057568175439826,-2.4113681523914874,-2.383441219414615,-2.5113622892582645,-2.8933590547959542
13121.0,0.3224646225276816,-1.057568175439826,-0.8338172887614606,-0.43196617100258916,0.1422232254034017,0.050125419077813815
13122.0,-0.5130317519635945,-0.5566388957505917,0.010441340850567898,0.12021037695896361,0.20408973995326918,0.6987644653216684
13123.0,1.2964146819346547,-0.5566388957505917,-0.41872566450148685,-0.39165269501153327,-0.12070997099915268,-0.10081467415369949
13124.0,-0.5321288119519666,0.07445736048174284,1.1693518344423068,1.1339515251145114,1.3286893100438582,1.9324653734603587
13125.0,1.5399021967863982,-1.057568175439826,-1.2955488803784874,-1.447270018053046,-0.5847816131886778,-0.8113997477839269
13126.0,-0.9379413367048721,1.3464940972778903,1.0210445225072489,1.2544508338318683,1.1935293341757096,0.08099122200264398
13127.0,-0.5894199919170826,-1.057568175439826,-0.8985487888928398,-0.8798968913203039,-0.8075883471740417,-0.07065430980448598
13128.0,2.05074855147535,-1.057568175439826,-0.8867041646464275,-1.7912573149263509,-2.5113622892582645,-0.048553933599842905
13129.0,1.1961551169957019,-0.5566388957505917,-0.9738578226310676,-0.32655569715734933,-1.1145904545341814,-1.1335426914886222
13130.0,-0.5130317519635945,-1.057568175439826,-1.8938165692520206,-1.771027793214282,-2.179147667316555,-1.9276817606297463
13131.0,-0.852004566757198,0.6551203441547673,0.9275944228008375,0.7485434159859329,0.7569801660124958,0.7336502197784146
13132.0,0.28904476754803055,-1.057568175439826,-1.7602287329595458,-2.0681662404235324,-1.9434376418968569,-1.6784259482875152
13133.0,0.3463359475131466,-0.2012239156425293,-1.0821054755202568,-1.4233616530429278,-0.9777160146122458,-1.870883355611583
13134.0,-0.5512258719403386,0.4901498374805938,0.7183069497864136,0.6761076001729854,0.7794292983039648,0.5498262630050198
13135.0,-0.021282457263014865,-0.5566388957505917,0.9399738393084991,1.449146493446236,-0.6667842015304029,2.4320870032704534
13136.0,-0.6944538218531288,1.3464940972778903,1.3856173856713576,1.2174619023566187,1.2820790908109065,0.7595413745531326
13137.0,-0.9092957467223141,1.5863629060023545,1.5218869396289365,1.421064098021597,2.2006609217208046,0.7358725205078
13138.0,-0.856778831754291,0.6551203441547673,0.2419790300643774,0.1291245146456743,-0.016856965827270066,-0.5417454851164765
13139.0,-0.8854244217368491,0.8006346437359392,1.5779019195406654,1.4769335366059766,1.3211027551716024,1.7669623434225497
13140.0,-0.44619204200429247,0.29970536404670484,0.10668240935827861,0.10546204736866442,0.6075964438354208,-0.34490010189515147
13141.0,-0.5560001369374316,1.6569789035332354,1.528395937333026,1.5503164682876664,1.5549051148346527,0.6669958597060567
13142.0,-0.87110162674557,-1.057568175439826,-0.7772344555592245,-0.4165574754242254,-0.4753737252323317,0.15570089994397684
13143.0,1.8311323616090716,-1.057568175439826,-0.5790291779392938,-0.5897996493919544,-0.4753737252323317,0.5255236237397977
13144.0,0.6280175823416341,-0.5566388957505917,-1.3621945939371174,-1.8336854280403143,-1.4849208824917954,-1.8540432927108461
13145.0,-0.7708420618066169,0.6551203441547673,0.15503424419744197,-0.39902556759911106,-1.6112230199551474,-0.7031644888169046
13146.0,-0.837681771765919,-1.057568175439826,-0.9872775730481614,-0.7540724638409552,-0.7579160438997158,-0.2362095413777591
13147.0,-0.914070011719407,0.07445736048174284,-0.17430283557093865,-0.7979158790770093,-2.5113622892582645,-0.5698515966399166
13148.0,-0.82335897677464,2.15790818322247,1.603238733357604,1.4585887754327322,1.9299100902744803,0.23889053459876206
13149.0,-0.8949729517310351,0.07445736048174284,0.4386635446749399,0.6343534057052232,0.47977559959369576,0.5706335298045488
13150.0,1.3489315969026778,-0.2012239156425293,-0.5038241658804633,-0.685656477613488,-1.3755129945354494,-0.7991955765374134
13151.0,0.45136977744919277,-0.2012239156425293,0.7153973270969674,0.3362611835880487,0.9213981094917513,1.4708580031520377
13152.0,1.0290558420974465,0.6551203441547673,0.6160576509769558,0.4569278876928813,0.8084355865789369,0.15368163498859877
13153.0,-0.9331670717077791,-1.057568175439826,-0.4483432992206586,-0.10031625325820803,-0.8075883471740417,0.7693647979493589
13154.0,0.9431190721497724,-0.2012239156425293,0.4164054118090192,0.45625534790859995,0.5007855218324396,0.9135424869099511
13155.0,-0.8042619167862679,0.4901498374805938,0.29431788930104863,0.27537792927725413,0.5110918473134085,-0.23910511637355847
13156.0,0.8762793621904703,-0.2012239156425293,0.3992986811232834,0.4131540062854177,0.6518959929570478,0.8816634586810518
13157.0,-0.7278736768327798,0.9308016202790399,1.315120260973021,1.4976851682620833,1.1477441235911,1.1196857568960716
13158.0,-0.5082574869665015,0.29970536404670484,0.3629745720347372,0.46693428455781283,0.413306027586857,0.13178600857383355
13159.0,-0.9188442767165,0.07445736048174284,0.32447751454147383,0.5092382530992614,0.8084355865789369,0.3579910330505886
13160.0,-0.856778831754291,-1.057568175439826,-1.638309931378201,-1.411725816863138,-1.760606742132222,-1.4509428871694632
13161.0,0.5325322823997739,-0.5566388957505917,-0.4694015542671485,-1.0038781562122157,-0.26567674408401915,-0.19517608136277115
13162.0,-0.37935233204499036,1.5863629060023545,1.6660684708501217,1.6221751991715323,1.2067804381857754,1.0044137301195644
13163.0,1.9504889865363968,-1.057568175439826,-2.789764188559267,-3.158297950335421,-2.179147667316555,-3.599391984138288
13164.0,1.7547441216555835,-0.5566388957505917,-0.6396552177708998,-0.916869308544028,-1.3755129945354494,-0.5120891388444045
13165.0,-0.7421964718240589,-0.2012239156425293,0.3353368411378436,0.8345461529631395,0.09255092212907612,0.7624768532248114
13166.0,0.3893043324869837,-0.5566388957505917,-0.026604179649526986,0.045437939426142,0.21885305959242807,0.6297195549924606
13167.0,-0.87110162674557,0.29970536404670484,0.15289004847920742,0.4767906548170281,0.3409641798752045,-0.2589984043620562
13168.0,-0.7899391217949889,0.29970536404670484,0.5058757639062007,0.40155665888417547,0.8961855949101813,0.39777997407596843
13169.0,-0.6562597018763847,-0.2012239156425293,-0.05655690088944201,-0.32655569715734933,-0.7579160438997158,0.032596405818159105
13170.0,-0.832907506768826,-1.057568175439826,-1.5175350324254016,-0.8116600921875174,-0.29254282546769667,-1.2255941848885006
13171.0,-0.856778831754291,-0.2012239156425293,-0.47506597063185935,-0.49462380582862153,-0.09885955416899503,-0.7457691487863558
13172.0,0.9478933371468654,-1.057568175439826,-1.834512405903307,-1.5111462029625293,-2.5113622892582645,-1.817028666598066
13173.0,-0.9427156017019651,1.1560496238440017,0.6961139448016787,0.730171549466739,1.0841214462193633,-0.3002920881420193
13174.0,-0.8854244217368491,1.254937876118928,1.5595078171397299,1.3483265630955417,2.1660731663401407,1.1904504907174314
13175.0,1.8168095666177926,-0.5566388957505917,-0.06395790946371673,-0.09251773260616844,-0.03660110367654417,0.5601043207661757
13176.0,-0.7421964718240589,-1.057568175439826,-0.4553438542661915,-0.05485522531691114,0.36579462773390486,0.756302762638745
13177.0,-0.6514854368792917,-0.5566388957505917,-0.41106430365204377,-0.6521270116253584,-0.4753737252323317,-0.08654761876281054
13178.0,-0.837681771765919,1.9048962333414947,1.9644907611502729,1.8996799015010903,1.2411034491783224,1.1968665646971757
13179.0,1.9934573715102337,-1.057568175439826,-0.33158273313843045,-0.18385584567445426,-0.16624068800434505,0.9872233287563582
13180.0,1.9361661915451176,-1.057568175439826,-1.6837981414454388,-1.597016901219535,-1.760606742132222,-1.5358173867270408
13181.0,0.8571823022020983,-1.057568175439826,-0.6641220741933934,-0.685656477613488,-0.6247574474094066,0.3667524394088217
13182.0,-0.7469707368211519,-1.057568175439826,-1.440936174250562,-0.5799629434487835,-1.0432983725937395,-1.082671661785007
13183.0,-0.9236185417135931,1.511464603952064,1.4678142287104787,1.3874985646406726,0.3409641798752045,0.7214100392212548
13184.0,-0.8901986867339421,1.0485519735441977,0.4356147862879012,0.8059250677742706,0.9637351616934668,-0.6571013067619567
13185.0,0.3176903575305886,-1.057568175439826,-1.8164461078782437,-2.383441219414615,-2.5113622892582645,-1.7833195362218919
13186.0,-0.7708420618066169,-0.2012239156425293,0.39446847662153195,0.3418903960530085,0.4016839593570631,0.872662365258708
13187.0,0.647114642330006,0.07445736048174284,-0.7015490253140753,-0.32655569715734933,0.15813328011056985,-1.5475516343771356
13188.0,-0.9092957467223141,-1.057568175439826,-1.4806618440992168,-1.9277610076115914,-2.179147667316555,-1.156794084782313
13189.0,-0.87110162674557,-0.5566388957505917,-0.8943959772301582,0.35927478258135875,-0.29254282546769667,-0.9858749770535431
13190.0,1.6353874967282582,-0.2012239156425293,-0.33365096822383955,-0.3005163494651244,-0.7579160438997158,-0.48292539820570435
13191.0,2.179653706396861,-1.057568175439826,-1.222339901830054,-0.9446121415406264,0.2616110427421876,-0.6748022556373859
13192.0,-0.5082574869665015,0.4901498374805938,0.7420636269175995,0.7927485257340791,0.9458578981845076,0.5940649633540672
13193.0,-0.6705824968676638,-1.057568175439826,-1.4964779550056058,-1.5385421495302896,-0.5102446079085138,-1.1863046875548267
13194.0,-0.31251262208568825,-0.5566388957505917,-0.4684163767644599,-0.2632946592767485,-1.1145904545341814,-0.19334175527030348
13195.0,1.0147330471061675,-1.057568175439826,-1.3549683074572294,-1.267340303990541,0.021258840188633787,-0.922267907464241
13196.0,-0.9092957467223141,0.6551203441547673,0.8725097775272488,0.9295294407653336,0.9812306749482648,0.6310631471488413
13197.0,1.9504889865363968,-1.057568175439826,-0.6380994231073692,-0.5702712556617224,-0.6247574474094066,0.41530698760544343
13198.0,-0.914070011719407,0.8006346437359392,1.2189980567300607,1.2856689282695086,1.4955064999588823,1.098039587625182
13199.0,-0.9427156017019651,3.2990514255969483,2.055671744958405,2.081045610006247,0.30224790327738865,-0.18276989399139112
13200.0,-0.87110162674557,0.07445736048174284,-0.03139906060927454,0.03785238316843076,0.0024225606841520096,-0.304225814368425
13201.0,1.434868366850352,0.07445736048174284,0.2185534983406649,0.4954372054252306,0.3534734621303434,0.16079762919719373
13202.0,0.9192477471643075,0.6551203441547673,0.3964725350609966,0.10546204736866442,0.21885305959242807,-0.2546979516950376
13203.0,-0.914070011719407,1.0485519735441977,0.7667728822711459,1.0509158410504256,1.0738795369554441,-0.04186336814353277
13204.0,2.5281750511846504,-1.057568175439826,0.04404570095566134,-0.08481063868742843,0.24760485428798198,1.688092308129424
13205.0,1.1531867320218647,-1.057568175439826,0.8075622449766757,-0.4216536837493171,-2.5113622892582645,3.1127050700280994
13206.0,0.9478933371468654,1.3464940972778903,1.5870460456991435,1.7589286844022718,1.8173888024768738,1.1347529049972938
13207.0,-0.8901986867339421,0.07445736048174284,-0.3787210355052795,-0.659431615462883,-1.1145904545341814,-0.9494211055090427
13208.0,-0.6801310268618498,0.9308016202790399,0.5568443768248739,0.6659150303946088,1.2577404080340233,-0.2916241268822361
13209.0,-0.818584711777547,1.3464940972778903,1.6042250971835361,1.6251380395352824,1.5520352622601656,1.1667608836319732
13210.0,-0.5130317519635945,-1.057568175439826,-0.6765845116345093,-0.28371268495621643,-0.5102446079085138,0.3434993120705764
13211.0,-0.914070011719407,1.0485519735441977,0.7587429491564528,0.8745570623393358,0.6856880840720535,-0.05679506517727601
13212.0,-0.866327361748477,-0.2012239156425293,-0.10349084638381172,-0.2983922520379315,0.9025618299872694,-0.05476095930649502
13213.0,-0.6896795568560358,1.1560496238440017,1.0354772002271608,1.1856299264163672,1.1845746868770388,0.33081682452743083
13214.0,1.0338301070945395,0.6551203441547673,0.9167888429093741,1.1865168170490903,1.293982574833385,0.7135252553055716
13215.0,0.9574418671410515,-1.057568175439826,-1.7218645812523334,-1.0622086921321432,-2.5113622892582645,-1.6068439235763292
13216.0,0.3176903575305886,-1.057568175439826,-0.7177011722585322,-0.324345921692527,-1.6112230199551474,0.2667814990639892
13217.0,-0.37935233204499036,0.07445736048174284,-0.22244875269007716,0.03274627919379447,-1.9434376418968569,-0.6592961777225986
13218.0,-0.35548100705952534,-1.057568175439826,-1.908990175922473,-1.1187947925387802,-1.6112230199551474,-1.9559935423141552
13219.0,1.9886831065131407,-1.057568175439826,-1.7701025760543867,-2.436061902306955,-1.0432983725937395,-1.6968491284950002
13220.0,-0.5894199919170826,0.29970536404670484,0.27609466525627857,-0.13577329401288032,0.07530097820695623,-0.029864023672278098
13221.0,0.18401093761198442,-0.5566388957505917,-0.050330159368431986,-0.45308951689286464,0.3153576561144396,0.5855015338662655
13222.0,1.7929382416323274,-1.057568175439826,-1.664292643347188,-1.8121291499106194,-2.5113622892582645,-1.4994229146811366
13223.0,-0.006959662271735843,0.4901498374805938,0.04586766849494714,0.1008567214823966,-1.2790083980134372,-0.700667054217423
13224.0,-0.6753567618647568,-0.5566388957505917,0.619248577893118,0.7463830210683201,0.7101478727648092,1.8338831449504076
13225.0,-0.9474898666990581,1.5863629060023545,2.0688481835613888,1.7875181003533367,0.2889249744088639,1.7550143503860502
13226.0,0.3415616825160536,-0.5566388957505917,-0.7648345383616485,-0.6557691682088246,-0.32031979307342545,-0.7449741097704033
13227.0,0.00258886772245017,-1.057568175439826,-0.9026148106598676,-1.0421845781960928,-1.192682094770814,-0.07824092537270896
13228.0,-0.5750971969258036,-1.057568175439826,-0.6674922441176876,-0.5832255187891728,-2.179147667316555,0.3604641839394227
13229.0,0.11717122765268233,-1.057568175439826,-1.2387232746079586,-1.3355771031233274,-1.1145904545341814,-0.7053712879983978
13230.0,-0.9427156017019651,2.328585137071624,1.3677237026966556,1.299060852638728,2.232595675970796,-0.38975320736916264
13232.0,-0.8997472167281281,0.6551203441547673,0.2719286569763313,0.3031354066404214,1.0151393237236626,-0.48612013802372983
13233.0,-0.6085170519054547,0.07445736048174284,0.18486240591739517,0.7825874643830275,0.4582127216583458,0.09809094040281813
13234.0,2.251267681353256,-0.5566388957505917,-0.6908555232991761,-0.7332006288566868,0.233355067772715,-0.6073569922991541
13235.0,0.050331517693380234,-1.057568175439826,0.09028827002118392,-0.06518507437364848,0.189055518651088,1.7743743337772024
13236.0,-0.842456036763012,-0.5566388957505917,-0.1427848193004993,-0.10346175008111069,-0.16624068800434505,0.41321108707894305
13237.0,0.8906021571817494,-1.057568175439826,-0.24814635435583607,-0.8747808531910688,-0.44192654764477163,1.142903688207776
13238.0,-0.880650156739756,0.4901498374805938,0.0730907645959249,-0.06369940688983751,-0.44192654764477163,-0.6501282452079111
13239.0,0.28904476754803055,0.29970536404670484,0.4029731984751338,0.5848047264486979,0.5891834875500419,0.20622582891015453
13240.0,-0.5034832219694085,0.8006346437359392,0.3474058735912013,0.24639659388214685,1.0841214462193633,-0.523777831981758
13241.0,1.0051845171119815,-1.057568175439826,-1.4936279621072928,-1.5385421495302896,-0.03660110367654417,-1.1809870080807516
13242.0,-0.42709498201592044,0.6551203441547673,-0.18790214098112054,-0.21673307532921626,-0.6247574474094066,-1.3387071958384538
13243.0,0.0073631327195431764,0.29970536404670484,0.21114204204998313,0.08447917318443562,1.1091797317045071,-0.1506780517600418
13244.0,-0.5178060169606875,-1.057568175439826,-1.4376546599815536,-1.6612051713861486,-0.34907158776898006,-1.0765488250991615
13245.0,-0.7183251468385938,-0.5566388957505917,0.06058366376909528,-0.17853267827610633,0.021258840188633787,0.7922251149697717
13246.0,-0.875875891742663,1.1560496238440017,0.9357697490828419,1.14772718802493,1.3763602339403447,0.14529359092576
13247.0,-0.875875891742663,0.07445736048174284,-0.42672690247336004,-0.2592860640408197,-0.6667842015304029,-1.038478513322421
13248.0,-0.36502953705371133,-0.5566388957505917,-0.4792515543843696,-0.30693013284356935,-0.409791367250838,-0.21351574430878106
13249.0,-0.5225802819577805,0.9308016202790399,0.4093486444652416,0.6166689075752603,-0.5466658071727737,-0.5655994796173098
13250.0,1.2391235019695388,-0.5566388957505917,-0.9155175772925638,-0.9915898062500224,-0.7110837506520298,-1.0251326132439538
13251.0,0.9574418671410515,-1.057568175439826,-0.9166764258292772,-0.5359095944469988,-0.409791367250838,-0.10447788982373402
13252.0,0.9192477471643075,-0.5566388957505917,-0.5893519117273402,-0.8448935437864052,-0.6247574474094066,-0.41847261585751405
13253.0,-0.21225305714673512,0.07445736048174284,0.8444480048480563,1.1972852247892511,0.4472146763622555,1.3267363052019372
13254.0,0.8333109772166333,-1.057568175439826,-2.0483076238400018,-1.5819034176367013,-1.760606742132222,-2.2159399911667457
13255.0,-0.9188442767165,-0.2012239156425293,-0.20936672120985128,-0.11780575726598869,-0.3788691287103198,-0.2517713011723891
13256.0,-0.8949729517310351,-1.057568175439826,-4.8893385150002535,2.134138248268133,-2.5113622892582645,-7.516897640597673
13257.0,1.1197668770422138,-1.057568175439826,-1.29014962708635,-1.7514022289005018,-1.3755129945354494,-0.8013255127134017
13258.0,-0.9045214817252211,0.29970536404670484,0.07508205224328547,-0.05779008546708409,-0.29254282546769667,-0.4036343857478548
13259.0,-0.6658082318705707,0.9308016202790399,0.31089949134289213,0.021110443014004502,1.393981172694407,-0.7483183478113741
13260.0,-0.6705824968676638,-1.057568175439826,-0.35020945257502956,-0.807046686715895,-1.2790083980134372,0.9524685321124824
13261.0,0.3224646225276816,-0.5566388957505917,0.027117589197960583,-0.551306260279225,-1.2790083980134372,0.7298466887645978
13262.0,0.2938190325451236,-0.2012239156425293,-0.33015724478678116,-0.4450885145015486,0.10944517163608153,-0.4764292815057558
13263.0,-0.9570383966932442,2.6434901398736326,1.6181443175187058,1.5769084946934446,2.0256086443582957,-0.2742695444142661
13264.0,1.1531867320218647,-1.057568175439826,-0.16455741240781027,-0.1715015141212187,-0.07757674530912831,1.2988687087240671
13265.0,-0.7087766168444078,0.29970536404670484,0.5978775359022481,0.836058304479299,0.36579462773390486,0.5690929283370895
13266.0,-0.9092957467223141,1.7871458800763362,1.369483582488821,1.7354153000964734,1.0530034504034316,0.2226917989621099
13267.0,-0.9474898666990581,2.547173051100936,1.6779078988060743,1.3763055762929193,1.042362494706519,-0.05647846453517171
13268.0,-0.875875891742663,1.1560496238440017,0.8968494592360402,1.3181974930623193,1.4704864773486772,0.07289579050749208
13269.0,-0.9570383966932442,2.2461917041447332,1.6065661788167562,1.6884981654012312,1.4078100591522456,0.1461681316154565
13270.0,0.7855683272457032,-1.057568175439826,-0.3097754084019784,-0.5832255187891728,-2.5113622892582645,1.0279126803698881
13271.0,-0.7851648567978959,-1.057568175439826,-1.0438190829991087,-0.4639112852343134,0.5110918473134085,-0.3417079189622578
13272.0,-0.813810446780454,-0.5566388957505917,-0.8521190169054931,-1.0622086921321432,-0.8075883471740417,-0.9072838673843163
13273.0,-0.4223207170188274,-1.057568175439826,-1.343340167065298,-0.7583275439502549,-0.7579160438997158,-0.9005714591957423
13274.0,0.9908617221207026,-1.057568175439826,-0.6618179481562415,-0.5865043663930697,-0.6247574474094066,0.3710516093262965
13275.0,0.8715050971933773,-0.5566388957505917,-0.9568748472609259,-0.8256977981095772,0.10944517163608153,-1.1019880100012882
13276.0,-0.6562597018763847,0.29970536404670484,0.525545045169483,0.3577132436481219,1.3018232286601803,0.4344015848660713
13277.0,-0.8854244217368491,0.6551203441547673,-0.39570890101689216,-0.15937507524567543,-1.1145904545341814,-1.7226305733166078
13278.0,-0.7660677968095239,0.07445736048174284,0.32773112740657767,0.6732115268471253,0.521270140592798,0.3640491322765858
13279.0,-0.5894199919170826,-1.057568175439826,-1.3496735242198192,-1.240133349110671,-1.192682094770814,-0.9123885985866929
13280.0,-0.37935233204499036,0.6551203441547673,0.6635570027826199,0.7337107643771373,1.0790164946748164,0.2420696688410296
13281.0,1.1340896720334928,-1.057568175439826,-0.6819284306386865,-0.5799629434487835,-0.5102446079085138,0.3335283228739178
13282.0,-0.875875891742663,0.07445736048174284,0.2636981262598144,-0.1129895629648933,0.0024225606841520096,0.24483305696561988
13283.0,-0.6753567618647568,0.07445736048174284,-0.6374282083900582,-0.5702712556617224,-0.6247574474094066,-1.4289059089779226
13284.0,0.618469052347448,-1.057568175439826,-1.0794743124027284,-1.0970002800952623,-0.9169962351303879,-0.40823548176962415
13285.0,-0.852004566757198,0.4901498374805938,0.938512670324559,1.0627905208788173,1.1890642437119816,0.9599854991761699
13286.0,1.9027463365654667,-1.057568175439826,-0.1524125691128489,-0.37715046910341965,0.07530097820695623,1.321529250770927
13287.0,1.9170691315567456,-0.2012239156425293,-0.10827964798983171,-0.08328000334684735,0.07530097820695623,-0.06367347761802183
13288.0,1.1531867320218647,0.29970536404670484,0.014486544912911903,-0.16454475521589296,-1.3755129945354494,-0.5162318426816148
13289.0,2.4947551962049994,-1.057568175439826,-0.775234155360578,-0.9223250044342675,-0.7579160438997158,0.1594331742645997
13290.0,1.1293154070363998,-1.057568175439826,-1.0535431179960315,-3.613978162138445,-2.5113622892582645,-0.35985157866714046
13291.0,-0.21702732214382814,1.1560496238440017,0.9182290798151937,0.7809470204081823,1.0582725494136873,0.1126637305711563
13292.0,-0.7756163268037098,0.29970536404670484,0.0644070332247414,0.055417752810252185,0.21885305959242807,-0.42347332206897853
13293.0,0.9096992171701214,0.4901498374805938,0.19483640094601343,0.08566262549647,0.15813328011056985,-0.4240003300874868
13294.0,-0.05470231224266591,-0.2012239156425293,0.4444041866819459,0.46957713266706547,0.643225625568364,0.9657212489483176
13295.0,0.7569227372631452,0.07445736048174284,0.13796535563963191,0.26825149004186777,0.233355067772715,0.010817533170231732
13296.0,-0.30773835708859526,0.4901498374805938,-0.09833577467489121,0.19238555252627512,0.1422232254034017,-0.9682029093996074
13297.0,-0.9236185417135931,0.6551203441547673,1.1258573395379623,1.123305015805855,0.7645317593062706,1.1029963560878593
13298.0,-0.9570383966932442,-1.057568175439826,-0.6635055916308286,-1.0622086921321432,-2.179147667316555,0.3679027077730047
13299.0,0.3176903575305886,-0.2012239156425293,0.21015431464930248,-0.10346175008111069,0.233355067772715,0.5292550727756656
13300.0,-0.15496187718161905,-0.2012239156425293,0.24842239561877094,-0.04468518145406716,0.03967179647401301,0.6005440096544988
13301.0,-0.4652891019926645,0.07445736048174284,-0.2764541145940362,-0.22616519669220447,0.4690650931924128,-0.7595942783424846
13302.0,-0.22180158714092113,-0.5566388957505917,-1.246519671666405,-2.383441219414615,-1.9434376418968569,-1.6396624990754862
13303.0,0.9478933371468654,-1.057568175439826,-1.9194396792408768,-1.9029502298560697,-1.760606742132222,-1.975490822234904
13304.0,0.7139543522893081,0.07445736048174284,0.20973647319197455,0.25284633457514366,0.2753818218937108,0.14438646190569884
13305.0,-0.9427156017019651,1.5863629060023545,0.9902907939741705,0.998499374856119,1.0477002469551036,-0.25311358538518813
13306.0,1.0911212870596556,-1.057568175439826,-2.018274954928207,-1.2313089537736739,-1.760606742132222,-2.1599033227531237
13307.0,-0.38890086203917634,-0.2012239156425293,-0.8604925775403566,-0.816306101501823,-0.8075883471740417,-1.4608870419868292
13308.0,-0.852004566757198,0.07445736048174284,0.43622471638506416,0.5184846443686072,0.3534734621303434,0.5660911641434508
13309.0,-0.9283928067106861,0.4901498374805938,0.4515170557343269,0.8986816108239889,0.6604755694904836,0.05324890749375822
13310.0,-0.828133241771733,0.29970536404670484,0.3785058606626114,0.33867960783032935,0.521270140592798,0.16068938990672632
13311.0,-0.9427156017019651,-0.5566388957505917,-0.2994443895985968,-0.30693013284356935,-0.409791367250838,0.12134403566560056
13312.0,1.1913808519986089,-1.057568175439826,-1.4202691039103987,-1.612486028620509,-1.6112230199551474,-1.0441098619285212
13313.0,-0.856778831754291,1.254937876118928,0.955522350546046,1.0216805365033332,0.7416649150137341,0.0659261270625232
13314.0,-0.9522641316961511,-0.2012239156425293,-0.11347920540736652,0.09154814002366078,0.21885305959242807,-0.07335028869303632
13315.0,2.3276559213067443,-1.057568175439826,-0.7698886965460744,-0.48610436588700323,-0.5102446079085138,0.16940703652728303
13316.0,-0.7851648567978959,1.0485519735441977,1.9050139465467686,2.4387304351234267,0.8155295016493898,2.0783217038302353
13317.0,-0.6467111718821987,1.7871458800763362,1.4094067405721522,1.2258633915472854,1.3510363881442073,0.29697076092517755
13318.0,-0.9570383966932442,-0.2012239156425293,-0.2506466899933153,-0.3090820417430482,-0.8604674728291044,-0.32856126662900115
13319.0,-0.9379413367048721,3.123655172520356,2.2633665423080567,1.9141957425605312,1.7109463251854902,0.39594966275522003
13320.0,-0.5894199919170826,0.4901498374805938,0.6375279680353955,0.7424763286628807,0.6856880840720535,0.399425667401513
13321.0,-0.6180655818996407,-0.5566388957505917,-0.33780540779624474,-0.17676782464759178,-1.1145904545341814,0.04989027553454698
13322.0,-0.880650156739756,-1.057568175439826,-1.0855691089154749,-0.9333741314436567,-0.409791367250838,-0.41960750109419215
13323.0,-0.9474898666990581,0.29970536404670484,-0.10256237945823592,-0.6705429940306544,-1.4849208824917954,-0.7336113605498298
13324.0,-0.7899391217949889,1.7237759069352954,1.7559610699942825,1.8744917147368718,-0.12070997099915268,1.0144369053892786
13325.0,-0.5703229319287106,-1.057568175439826,-0.2130286331766002,-0.4639112852343134,-0.9777160146122458,1.2084283374802898
13326.0,1.1006698170538416,-1.057568175439826,-0.8387994699963454,-0.816306101501823,-0.9169962351303879,0.040829380865034064
13327.0,-0.7756163268037098,1.8474233769671247,1.6550766938406245,1.4156135716288576,1.157108134911449,0.6857493912765351
13328.0,0.5468550773910529,-1.057568175439826,0.2611216750170631,0.21898094646235522,-0.7110837506520298,2.093125054795025
13329.0,-0.8090361817833609,0.8006346437359392,1.1947272980503354,1.2588322395677167,0.38989466139460405,1.0528185331724125
13330.0,-0.5178060169606875,0.4901498374805938,0.805743048896263,0.911262331202405,0.521270140592798,0.7126599778421111
13331.0,0.9574418671410515,-1.057568175439826,-0.8896947170411869,-1.435207155173084,-0.9777160146122458,-0.0541338770078321
13332.0,-0.8949729517310351,-1.057568175439826,-0.6818264632350397,-0.6557691682088246,-0.5466658071727737,0.33371857947761596
13333.0,1.0004102521148885,-0.2012239156425293,0.0795494061134049,0.22379009432996386,0.20408973995326918,0.28600245227763205
13334.0,-0.5703229319287106,0.29970536404670484,1.3772488424112168,1.236011008843044,1.6156248943165106,2.0215959425946832
13336.0,-0.5941942569141756,-1.057568175439826,-0.09597934430539778,0.0903752448297594,0.15813328011056985,1.426825583751996
13337.0,1.6449360267224442,-1.057568175439826,0.3941817251284223,0.458941388751718,0.5891834875500419,2.3413960935458267
13338.0,-0.20747879214964213,0.07445736048174284,0.7096744454380073,0.5645752047366291,0.8012797151341228,1.0755489088836698
13339.0,-0.0021853972746428366,-1.057568175439826,-0.039659614648302186,-0.2632946592767485,0.20408973995326918,1.5319101510013646
13340.0,-0.7469707368211519,1.254937876118928,2.2890598220192415,1.9609814169819517,1.2241216584486951,2.5505158973204956
13341.0,0.28427050255093755,-1.057568175439826,-0.11356233582299372,-0.3155803574067836,0.0024225606841520096,1.3940182342525282
13343.0,-0.11199349220778199,-1.057568175439826,-0.6766857368398457,-0.8400418052944546,-0.6247574474094066,0.34331044030286256
13344.0,-0.6371626418880127,-0.2012239156425293,0.7287957936476016,0.4399044719453387,0.8155295016493898,1.495837557549275
13345.0,0.4131756574724487,-1.057568175439826,-0.6071384492415777,-0.8116600921875174,-0.5847816131886778,0.47307574040512607
13346.0,1.2486720319637248,0.4901498374805938,-0.7953731398199665,-0.6521270116253584,-1.760606742132222,-2.255082950608887
13347.0,-0.6276141118938267,-1.057568175439826,-0.7015490253140753,-0.5670721856905674,-1.2790083980134372,0.29691909706278613
13348.0,-0.6562597018763847,-1.057568175439826,-0.9722971996113227,-0.8352256109933592,-0.8604674728291044,-0.20825830529355305
13349.0,-0.9092957467223141,-1.057568175439826,-0.932000962092976,-0.5061575680105667,-0.7579160438997158,-0.13307128456076223
13350.0,-0.8854244217368491,-0.5566388957505917,0.05322678215346241,-0.3467852188694181,-0.12070997099915268,0.778512144838162
13351.0,-0.6467111718821987,-1.057568175439826,-0.6363172901136382,-0.9333741314436567,-0.7579160438997158,0.4186321930985676
13352.0,-0.6753567618647568,-1.057568175439826,-0.5917221125474375,-0.27342440640881605,-0.44192654764477163,0.501840421626748
13354.0,-0.6228398468967337,-1.057568175439826,-0.14405594001100613,0.14118737752563632,0.15813328011056985,1.3371215264827832
13355.0,-0.37935233204499036,-1.057568175439826,-0.21366555239174884,-0.287873506325402,-0.214451185231064,1.207239937242856
13356.0,-0.5798714619228966,-1.057568175439826,-0.12062653859512991,-0.26530816033558524,0.0024225606841520096,1.3808374413795603
13357.0,0.26517344256256553,0.29970536404670484,1.0268554894317492,0.9633646764649598,1.5520352622601656,1.368355112023847
13358.0,0.3224646225276816,-1.057568175439826,-0.5214468155514819,-0.3513664749128713,-0.29254282546769667,0.6329640832299502
13359.0,-0.6562597018763847,-0.5566388957505917,0.09874864038640929,-0.1610937888567785,0.17374026765232672,0.8633655414362401
13360.0,1.1006698170538416,0.07445736048174284,0.38427566764454313,0.4329697285087724,0.2616110427421876,0.4693417619420944
13361.0,1.2916404169375617,-0.5566388957505917,0.33501062311958507,-0.2673278472752866,-0.29254282546769667,1.3038372606164554
13362.0,-0.9188442767165,0.6551203441547673,1.2771333273838985,1.069178337113501,1.2067804381857754,1.3849067167590532
13363.0,-0.875875891742663,-0.2012239156425293,0.458830584091283,0.5617156631171545,0.5007855218324396,0.9926073546282669
13364.0,-0.6228398468967337,-1.057568175439826,-1.3642500636305734,-1.2581456424754653,-1.1145904545341814,-0.9395863380875515
13365.0,-0.7994876517891749,-0.5566388957505917,0.6419800472945599,0.6171958876289693,0.8635381656265729,1.87627747173287
13366.0,-0.7230994118356868,-1.057568175439826,-1.9860512250789624,-0.7979158790770093,-2.5113622892582645,-2.0997784477406634
13367.0,1.1006698170538416,-1.057568175439826,-0.4138663204959253,-0.4293728438455572,-0.5847816131886778,0.833693913366159
13368.0,0.26517344256256553,0.07445736048174284,0.15056044961099876,0.14335704148113826,0.057680039452894044,0.03425498662283398
13369.0,0.7855683272457032,-1.057568175439826,-0.7744680761630731,-0.7756287419706503,-0.8604674728291044,0.16086256857168696
13370.0,0.8142139172282613,-1.057568175439826,-0.13320858053531956,-0.22997626581046446,-0.05683280004799887,1.3573611491379542
13371.0,1.449191161841631,-0.5566388957505917,0.66491001677873,0.484570717000652,0.4690650931924128,1.9190426132049834
13372.0,-0.5321288119519666,-1.057568175439826,-0.6273778988077855,-0.7332006288566868,-0.4753737252323317,0.4353118198043032
13373.0,-0.6705824968676638,0.4901498374805938,1.5219105818750833,1.424929848204538,1.5747174601405618,2.047416917275551
13374.0,1.0195073121032605,-0.5566388957505917,-0.5484149628540124,-0.8400418052944546,-0.7110837506520298,-0.3422751423752224
13375.0,-0.5369030769490596,-0.5566388957505917,0.4867253731333411,0.5489837803244568,0.3153576561144396,1.586739625469111
13376.0,-0.4891604269781295,-0.2012239156425293,0.08238105083788828,0.007935501438273034,0.057680039452894044,0.2912755445714922
13377.0,0.9335705421555864,-0.5566388957505917,0.3839201628723139,0.28155081577436647,0.42476554407078576,1.395034735982895
13379.0,-0.837681771765919,-0.2012239156425293,-0.331269883550716,0.13791939607295814,0.5703472080455595,-0.478498098078991
13380.0,1.1054440820509346,-1.057568175439826,-1.9117014975433166,-1.5111462029625293,-1.9434376418968569,-1.9610524810010936
13381.0,-0.8090361817833609,1.254937876118928,1.5797704509918196,1.5459703786147412,1.0530034504034316,1.2282064582304049
13382.0,0.37975580249279767,0.29970536404670484,0.3032097552755362,0.3754508291590478,0.4582127216583458,0.020580765885133547
13383.0,1.6353874967282582,-1.057568175439826,-0.7814626952107999,-0.3445065074655823,-2.5113622892582645,0.14781160898470388
13384.0,-0.813810446780454,1.1560496238440017,1.4306315679634913,1.406004711818039,1.2326565488774406,1.0666497815610285
13385.0,0.613694787350355,-1.057568175439826,-0.3804473929794156,-0.3606258896987994,-0.143159103290622,0.8960488564277151
13386.0,1.0147330471061675,-0.5566388957505917,-0.060509474375514516,0.03530428857607337,-0.44192654764477163,0.5665309062810822
13387.0,1.0290558420974465,-1.057568175439826,-1.1319198489895488,-0.9007687263045723,0.42476554407078576,-0.5060913583859034
13388.0,-0.3363839470711533,-0.2012239156425293,0.1904414498705185,0.23894713647380736,0.38989466139460405,0.49253473087895316
13389.0,-0.9092957467223141,-0.2012239156425293,-0.0934240196030822,-0.08328000334684735,0.1422232254034017,-0.03602493068078486
13390.0,-0.6037427869083617,-1.057568175439826,-0.36781701246399034,-0.5090729057452075,-0.9169962351303879,0.9196153415429558
13391.0,0.012137397716636182,-1.057568175439826,-1.9417501477846353,-3.011601687871804,-2.5113622892582645,-2.0171189682918187
13392.0,2.2703647413416284,-1.057568175439826,-1.6434317558393396,-1.164679055612675,-1.2790083980134372,-1.4604994796869164
13393.0,1.8263580966119786,0.07445736048174284,0.1568932929820737,0.20137076185179442,0.189055518651088,0.04603980975165616
13394.0,-0.9522641316961511,1.7871458800763362,1.4242530326346619,1.5747024269125405,1.460903419890852,0.3245959550551335
13395.0,-0.07857363722813095,-0.2012239156425293,0.18715633833171513,0.8051339634889131,0.4903479020522795,0.4864155192677459
13396.0,-0.82335897677464,-0.5566388957505917,0.28933520456438294,0.1368264488855615,0.0024225606841520096,1.2186740368498494
13397.0,-0.6132913169025477,1.0485519735441977,0.9007075215157754,0.6624820848296678,0.38989466139460405,0.2072674810797719
13398.0,-0.04515378224847989,-0.5566388957505917,-0.21831088994742892,-0.23380955703164844,-0.09885955416899503,0.2724891916297255
13399.0,1.2534462969608178,-0.2012239156425293,-0.8551243317836537,-0.916869308544028,-1.1145904545341814,-1.4509428871694632
13400.0,1.8215838316148856,-1.057568175439826,-0.7685757895592336,-0.3536691307934737,-0.4753737252323317,0.17185673334562462
13402.0,-0.35548100705952534,0.07445736048174284,0.21493331877322192,0.4153059151848971,0.21885305959242807,0.15405931369584006
13403.0,-0.875875891742663,-0.2012239156425293,-0.9854384225652939,-0.9503040176316452,-1.192682094770814,-1.6921763217293841
13404.0,-0.9570383966932442,-0.5566388957505917,-0.9172140884305771,-0.967681441239905,-1.0432983725937395,-1.0282856368281443
13405.0,-0.6085170519054547,0.4901498374805938,0.20727215095054075,0.3693353656939675,-0.18999139653830796,-0.4008929335145342
13406.0,1.0767984920683766,-0.5566388957505917,-0.3358384930829572,-0.3354698348440594,-1.3755129945354494,0.05355382031885061
13407.0,1.8024867716265136,-0.2012239156425293,0.6481835322004474,0.8169017165110839,0.5703472080455595,1.3455531953433093
13408.0,-0.9522641316961511,3.8591041211804797,2.877405179584013,2.677851961014773,1.6520460935807713,0.7335127218901618
13410.0,-0.8472303017601049,0.9308016202790399,0.6343946700648436,0.6156136784854553,-0.409791367250838,-0.14747915118975863
13411.0,-0.45096630700138546,-1.057568175439826,-1.0368958045873065,-1.2490778079274656,-0.7110837506520298,-0.3287900708070778
13412.0,1.9982316365073267,-1.057568175439826,-0.44668092052337544,-0.6668182952182143,-0.18999139653830796,0.7724665590386286
13413.0,2.0937169364491868,0.4901498374805938,-0.5372590095779071,-0.04468518145406716,-0.07757674530912831,-1.7801178238525956
13414.0,-0.3220611520798743,0.4901498374805938,0.7237661283546045,1.1252536132511703,0.10944517163608153,0.5599918615960217
13415.0,1.2964146819346547,0.07445736048174284,-0.10591780902931378,0.011915781498928746,0.5703472080455595,-0.44276437654083534
13416.0,-0.7517450018182449,-0.2012239156425293,0.02460758029358812,-0.5575673321928842,-0.7579160438997158,0.18369800090145855
13417.0,-0.9379413367048721,0.4901498374805938,0.4358467926274452,0.057889212795466646,0.24760485428798198,0.024096746361531692
13418.0,-0.9045214817252211,2.3678088637493606,1.8240289964573766,1.7833304930049803,1.6696670323348335,0.41488541297073
13419.0,-0.6562597018763847,-1.057568175439826,-1.012207068415337,-0.3747642320667963,-0.7579160438997158,-0.28272441721887087
13420.0,-0.24567291212638617,-0.5566388957505917,-1.2436139698842021,-1.0291661808720358,-1.2790083980134372,-1.6342744401091311
13421.0,-0.7708420618066169,0.8006346437359392,1.0730748437245794,1.0338106922780315,1.152439506483106,0.8261918689768932
13422.0,-0.6562597018763847,-1.057568175439826,0.760802574277598,0.6575465692921595,0.8961855949101813,3.0254582066277798
13423.0,1.0863470220625626,-1.057568175439826,-1.0253497942819703,-0.8116600921875174,-0.9777160146122458,-0.3072468655434828
13424.0,1.1866065870015159,-1.057568175439826,-0.33100719526034783,0.05417852985744867,-0.03660110367654417,0.9882972001904394
13425.0,-0.44619204200429247,0.29970536404670484,0.9440011136757668,1.0357643566632306,0.8767536468426793,1.2139326979964924
13426.0,-0.9570383966932442,1.9598138796697315,1.574781240091769,1.5121552714719964,1.0942369089268609,0.40897181424412793
13427.0,-0.87110162674557,0.4901498374805938,0.07301954488110839,0.38826032196798577,-0.143159103290622,-0.6502604748438281
13428.0,-0.914070011719407,-0.2012239156425293,-0.459744784925137,-0.2055903071855897,0.8635381656265729,-0.7173020090736796
13429.0,-0.9092957467223141,0.07445736048174284,0.07321182189151204,0.6885118848117506,0.21885305959242807,-0.10966037676056647
13430.0,-0.87110162674557,-0.5566388957505917,-0.20863868508627853,0.2841786976818049,0.10944517163608153,0.29050948152651634
13431.0,-0.6419369068851057,0.8006346437359392,0.9281289398533712,0.7685114494555024,0.8012797151341228,0.5562592889889334
13432.0,1.7642926516497695,-0.5566388957505917,-0.5213326694770543,-0.5298504955021914,0.6856880840720535,-0.2918601955415957
13433.0,1.430094101853259,0.07445736048174284,-0.23127548458808664,-0.6167740006598021,-0.5102446079085138,-0.6756914541673078
13434.0,-0.6085170519054547,0.29970536404670484,0.43471612818327493,0.3762112775744356,-0.7110837506520298,0.26530872140909656
13435.0,-0.9379413367048721,0.9308016202790399,1.1386683556986146,1.1377806299728548,0.6689662368954782,0.790975801262729
13436.0,-0.9522641316961511,-1.057568175439826,-1.094900126796663,-1.2140077557532785,-0.9777160146122458,-0.4370178470246652
13437.0,-0.8949729517310351,0.6551203441547673,0.9477217981573076,0.6358912019194104,0.9926901914321936,0.7711381126205432
13438.0,1.6497102917195372,-1.057568175439826,-2.118895854007406,-2.493263841242748,-2.5113622892582645,-2.3476475413486018
13439.0,0.2556249125683795,-0.2012239156425293,0.05868974406083502,0.4399044719453387,0.9275818525974744,0.24715883334941832
13440.0,1.0577014320800047,0.6551203441547673,0.25383475626928037,0.1066083555611067,0.12599809971663617,-0.5197271578382111
13441.0,-0.5225802819577805,-0.5566388957505917,-0.16620562020731625,0.04291913334944929,-0.18999139653830796,0.3695706957548622
13442.0,2.222622091370698,-0.2012239156425293,-0.5533933888591949,-0.9446121415406264,-0.18999139653830796,-0.8912619275475844
13443.0,1.1818323220044227,0.4901498374805938,0.2415004772144146,0.32976821641925746,1.1617503120453048,-0.337283430247723
13444.0,0.8237624472224473,-0.5566388957505917,-0.27530750872545184,-0.25331863200662824,0.15813328011056985,0.16630626251578037
13445.0,2.026877226489885,-1.057568175439826,-0.947837149583306,-0.5897996493919544,-1.3755129945354494,-0.16261934736989403
13446.0,1.0911212870596556,1.1560496238440017,1.0411119346262008,1.0481868724916088,0.8012797151341228,0.3413033204467808
13447.0,-0.852004566757198,-0.2012239156425293,0.15542802846974774,0.11908756271198213,0.21885305959242807,0.4273173343154633
13448.0,-0.880650156739756,1.3464940972778903,1.6238878706777558,1.4143613663325483,1.6520460935807713,1.2033978515227062
13449.0,-0.8472303017601049,-1.057568175439826,-0.8135655884146026,-0.5149426552915989,-0.6247574474094066,0.08791219788464964
13450.0,-0.832907506768826,1.3464940972778903,1.0838274134281087,1.4333553199318638,0.24760485428798198,0.19777973019308603
13451.0,-0.837681771765919,1.1560496238440017,1.4732875556749678,1.5591748372988299,2.108378910140558,1.1461242838556809
13452.0,0.27472197255675157,-0.2012239156425293,-0.1574127782375678,-2.7904022884519986,-2.179147667316555,-0.1551070232224538
13453.0,-0.16928467217289805,-0.2012239156425293,-0.10818795888590972,-0.23380955703164844,-0.18999139653830796,-0.06350283492225293
13454.0,2.0984912014462798,-1.057568175439826,-1.0160629409954218,-0.5897996493919544,-0.4753737252323317,-0.28991892443532846
13455.0,-0.842456036763012,0.4901498374805938,0.6379786345391857,0.3215607742140928,0.5110918473134085,0.4002646513676761
13456.0,-0.875875891742663,0.4901498374805938,0.4764437477413932,0.2963051365573482,0.021258840188633787,0.09962507273032276
13457.0,2.3276559213067443,-0.5566388957505917,-1.2974698977269241,-1.0622086921321432,-1.192682094770814,-1.734117300397793
13458.0,-0.9283928067106861,1.5863629060023545,1.8484145946216313,1.7279704990409395,1.569105506198596,1.3441604197617167
13459.0,2.022102961492792,-0.5566388957505917,0.1750135556561035,0.4629499839876468,0.24760485428798198,1.005535821555579
13460.0,-0.82335897677464,-0.5566388957505917,-1.1454096098230575,-0.3490718562419169,-0.7579160438997158,-1.4520976357069955
13461.0,-0.7756163268037098,0.4901498374805938,1.0907521186391165,1.22230586929254,-0.26567674408401915,1.243662822221254
13462.0,0.2460763825741935,0.29970536404670484,0.1709488653923766,0.23519051149853673,0.3409641798752045,-0.22542100885256966
13464.0,-0.6849052918589428,0.4901498374805938,0.8792105866429941,0.7117278417980945,0.9025618299872694,0.849507386793193
13465.0,1.1675095270131437,-0.5566388957505917,0.01719383027985531,0.11908756271198213,-0.16624068800434505,0.7113500797757484
13466.0,-0.08334790222522395,0.29970536404670484,0.07786060425798774,0.19938463471635076,0.12599809971663617,-0.39847040792101324
13467.0,-0.9092957467223141,-0.5566388957505917,0.11813678396051805,0.11457702987679434,0.6075964438354208,0.8995069021662977
13468.0,-0.9522641316961511,3.3867082949121143,1.896786187485583,1.6062218497140137,1.569105506198596,-0.5737092312732377
13469.0,2.155782381411396,-1.057568175439826,-1.7149479435894415,-1.4595583680152389,-1.4849208824917954,-1.5939384661096294
13470.0,-0.4891604269781295,-0.5566388957505917,-1.2209985608105602,-1.035643155251807,-1.3755129945354494,-1.5923339951611575
13471.0,-0.9570383966932442,0.07445736048174284,0.7259772178374347,0.7739291020262786,1.3211027551716024,1.1059307188359397
13472.0,1.2534462969608178,-0.5566388957505917,-0.3070607288346689,-0.29627499551606934,-0.44192654764477163,0.10715682338232134
13473.0,-0.6705824968676638,0.8006346437359392,0.7693442193547428,0.4722093987735749,0.3534734621303434,0.2606877856701952
13474.0,0.1649138776236124,-0.2012239156425293,-0.2441572016907925,-0.2795780324479533,0.8225625239939895,-0.3164902576916323
13475.0,-0.049928047245572905,0.07445736048174284,0.3256955924711883,0.48004354409505196,0.3409641798752045,0.36025903954343436
13476.0,-0.10721922721068898,0.29970536404670484,0.5871068299760203,0.2500899046174339,0.579819476229692,0.5490349406701102
13477.0,-0.780390591800803,1.1560496238440017,0.811637379635895,0.9567983630321886,0.7940607955516648,-0.08556795997118767
13478.0,1.2773176219462827,0.29970536404670484,0.63888235646295,0.5859105426586317,0.8084355865789369,0.6454602520713664
13479.0,-0.0021853972746428366,0.07445736048174284,-0.04698853526789134,0.25284633457514366,0.057680039452894044,-0.33321262458660805
13480.0,1.0290558420974465,-0.5566388957505917,-0.26526364941022185,-0.19463326051556207,-0.03660110367654417,0.18501670464213846
13481.0,-0.7421964718240589,1.1560496238440017,1.0316148322812657,0.9453869516597532,1.0942369089268609,0.3236289058942603
13482.0,0.14581681763524038,-0.5566388957505917,-0.712680983989613,-0.6271817259242423,-0.5847816131886778,-0.6479615403215536
13483.0,-0.6467111718821987,-1.057568175439826,-1.3364018930600514,-0.7291046182118397,-1.1145904545341814,-0.8876256314061192
13484.0,0.1887852026090774,-0.2012239156425293,-0.09995635550345304,-0.5090729057452075,-0.07757674530912831,-0.048182762888703726
13485.0,0.15059108263233337,1.1560496238440017,0.8608160071121922,0.8576024017401527,0.9213981094917513,0.0058789329495007574
13486.0,-0.5894199919170826,-0.2012239156425293,0.15114196181185907,0.20827533105504853,0.4016839593570631,0.4193343161859014
13487.0,-0.6849052918589428,0.29970536404670484,-0.0507870434184088,-0.19463326051556207,-0.2396636998126339,-0.6374762805779169
13488.0,-0.880650156739756,2.0123938836412982,1.9719426940818656,1.785204848930559,1.7681063217802035,1.089134449851295
13489.0,-0.46051483699557144,0.07445736048174284,-0.5045405754861207,0.09154814002366078,-1.0432983725937395,-1.182757222317204
13490.0,2.160556646408489,-1.057568175439826,-1.2690423524258048,-1.9277610076115914,-1.2790083980134372,-0.7619423545018549
13491.0,-0.7135508818415008,2.202838357075187,1.1419404786605978,1.0332514344120627,0.9983604014140248,-0.6685228495727835
13492.0,-0.31251262208568825,-0.2012239156425293,0.23962824244039124,-0.11619643557664044,-0.07757674530912831,0.5841610021555724
13493.0,0.35111021251023966,-0.5566388957505917,-0.27582846610268336,-0.16281700762011428,-1.4849208824917954,0.16533579613119437
13494.0,0.5277580174026809,-1.057568175439826,-0.7561876069745153,-0.7209883721386089,-0.6667842015304029,0.19497131173311644
13495.0,-0.9236185417135931,1.0485519735441977,1.202818626381605,1.064926696866597,0.2753818218937108,0.7696698026634872
13496.0,-0.9092957467223141,-0.5566388957505917,-0.23672719436862888,-0.23380955703164844,-0.32031979307342545,0.23817876815748848
13497.0,0.3893043324869837,0.4901498374805938,0.17896933130050227,0.049198145569619475,0.17374026765232672,-0.45348117920146025
13498.0,2.5234007861875574,-1.057568175439826,-0.7314665479895737,-0.19463326051556207,-0.7110837506520298,0.24109727507128406
13499.0,-0.875875891742663,0.29970536404670484,0.17420988015035352,0.676589041118559,-0.2396636998126339,-0.21935737599772862
13500.0,-0.852004566757198,0.07445736048174284,0.3427796523488004,0.35614798676153486,0.4903479020522795,0.3920696344825243
13501.0,0.4131756574724487,-0.2012239156425293,0.8282227418543116,0.6203489276386059,0.6166500395156311,1.681216246648261
13502.0,-0.880650156739756,0.29970536404670484,-0.10927981976096779,0.003930975867357463,-0.32031979307342545,-0.7460816147488664
13503.0,-0.6228398468967337,0.4901498374805938,0.5130518378802339,0.5377860698401894,1.0738795369554441,0.16774269878439046
13504.0,-0.6562597018763847,-1.057568175439826,-0.8037105236771188,-0.659431615462883,-0.5102446079085138,0.10630034036080067
13505.0,-0.6132913169025477,0.07445736048174284,1.1299528673289416,1.0705013554344471,1.1890642437119816,1.8590013295228105
13506.0,0.5468550773910529,0.29970536404670484,0.27716187362577666,0.4329697285087724,0.21885305959242807,-0.02787870018511758
13507.0,-0.9474898666990581,0.07445736048174284,0.7194449358233158,0.7797139955106772,1.009584440939199,1.0937570724999048
13508.0,0.20310799760035644,-0.5566388957505917,-0.8254984086339046,-0.6521270116253584,-0.34907158776898006,-0.857788671881179
13509.0,-0.9188442767165,0.8006346437359392,0.14621296539345052,0.5995785522705271,-0.34907158776898006,-0.8971324225971836
13510.0,-0.9570383966932442,1.1560496238440017,1.1563485944032657,1.2035762544409265,1.1617503120453048,0.5558081015815961
13511.0,2.2703647413416284,-1.057568175439826,-0.8362661213157886,-1.3671387278127125,-1.6112230199551474,0.045556247478366965
13512.0,0.28427050255093755,0.07445736048174284,-0.17370994326775716,-0.09874913074782131,-0.2396636998126339,-0.5687499723866911
13513.0,-0.35548100705952534,-0.2012239156425293,-0.06989592533669813,-0.19102112185780132,-0.214451185231064,0.007767285590889693
13514.0,-0.6085170519054547,0.07445736048174284,-0.077489230583214,-0.3445065074655823,-0.8075883471740417,-0.38991867869743174
13515.0,-0.6132913169025477,0.4901498374805938,0.23735470167216685,0.34108916794432426,0.3409641798752045,-0.34498853145050334
13516.0,-0.861553096751384,0.07445736048174284,0.44258936559236445,0.5431140307780654,0.21885305959242807,0.5779455063455637
13517.0,-0.6753567618647568,-0.2012239156425293,0.6100306715662208,0.6785112868793287,0.8832823034758474,1.274430464918526
13518.0,-0.5512258719403386,-1.057568175439826,-0.2660172224834884,-0.15937507524567543,-0.12070997099915268,1.1095592020925398
13519.0,-0.5894199919170826,-0.5566388957505917,-0.6976818156294469,-0.8497813550146158,-0.6247574474094066,-0.620057156666575
13520.0,-0.6801310268618498,1.1560496238440017,1.4225498562603582,1.2320947896889383,0.5313235436848637,1.0515931235297054
13521.0,-0.9570383966932442,-0.2012239156425293,0.11801638425818634,0.25467755465000186,1.6314326271912203,0.3576391323310834
13522.0,-0.818584711777547,-1.057568175439826,-1.4143021292636362,-1.5671295918148718,-1.6112230199551474,-1.0329763399396774
13523.0,-0.8042619167862679,0.4901498374805938,1.1526055117671863,0.9239372484807334,1.1663663359298055,1.3589396962081914
13524.0,-0.7660677968095239,0.29970536404670484,-0.20786924722192665,-0.2673278472752866,-0.7110837506520298,-0.9290316262892357
13525.0,-0.8901986867339421,-0.5566388957505917,-0.26416895385726274,-0.13909354138263974,-1.6112230199551474,0.18705600951427623
13526.0,2.5615949061643017,-0.5566388957505917,0.18823080608888504,0.897650921955748,-0.29254282546769667,1.0301763002603121
13527.0,-0.7994876517891749,1.254937876118928,1.1536679302944608,1.1334713150261035,1.4985809578715155,0.4346092058323533
13529.0,-0.5846457269199896,-0.5566388957505917,-0.7756756025402323,-1.2313089537736739,-0.8075883471740417,-0.7651371737593889
13530.0,2.065071346466629,-1.057568175439826,-0.5827851184617365,-0.3819490858966789,-0.6667842015304029,0.5185155754622518
13531.0,0.016911662713729188,0.4901498374805938,0.32634138725571,0.013237204218814665,0.03967179647401301,-0.1795661343568493
13532.0,-0.7994876517891749,-1.057568175439826,-1.0478151424540358,-0.8697043215419273,0.36579462773390486,-0.3491639948539655
13533.0,-0.08812216722231696,-0.2012239156425293,-0.8716963806392805,-0.5767164796572039,0.30224790327738865,-1.4816392619989702
13534.0,-0.9522641316961511,2.5133231633305324,1.5344450800413334,1.3611920927100851,1.0992481910462715,-0.28551816883907494
13535.0,0.9622161321381445,-1.057568175439826,-1.6563192768497887,-2.493263841242748,-2.5113622892582645,-1.4845457522195753
13536.0,-0.9570383966932442,0.6551203441547673,0.9553286790439447,0.9677060630654695,0.6256046868143018,0.7853066601412027
13537.0,1.0720242270712836,-0.5566388957505917,-0.1692438570360204,-0.2415438530847377,-0.07757674530912831,0.36390963851740565
13538.0,-0.7565192668153379,1.254937876118928,0.8804808581131559,0.4447156309748033,0.7416649150137341,-0.07362104501710234
13539.0,-0.5512258719403386,0.6551203441547673,0.3914906985581893,0.2473218686046284,0.4016839593570631,-0.2639580882740355
13540.0,1.2677690919520967,-0.2012239156425293,-0.2600673251361528,-0.6202249670189166,-0.3788691287103198,-0.34608385761882304
13541.0,1.0767984920683766,-0.5566388957505917,-0.10493143572091813,-0.3653049669732642,-1.1145904545341814,0.48374797008024123
13542.0,0.8380852422137263,1.6569789035332354,1.0553117402570311,0.32895206785782466,0.6856880840720535,-0.21310826111032355
13543.0,2.065071346466629,-0.5566388957505917,0.32960650430082133,-0.25729089534159444,-0.09885955416899503,1.2937609153961958
13544.0,-0.7708420618066169,0.4901498374805938,-0.1004278256048371,-0.25331863200662824,1.3399390346760849,-0.9720818998344386
13545.0,0.9049249521730284,-0.5566388957505917,-0.65377205316508,-0.43196617100258916,0.20408973995326918,-0.5383580511370221
13546.0,-0.9045214817252211,0.29970536404670484,0.12765769299412438,0.12245026867198418,0.6604755694904836,-0.305908787763804
13547.0,0.9860874571236096,-1.057568175439826,-1.2120628679300411,-1.1888808406597104,0.03967179647401301,-0.6556267790048578
13548.0,-0.5034832219694085,-0.2012239156425293,-0.0060271010954312644,0.08920025330731865,1.1286887979491427,0.1266618074354283
13549.0,-0.837681771765919,0.8006346437359392,0.07249942671540292,0.08447917318443562,0.03967179647401301,-1.0337685286106177
13550.0,0.8667308321962843,-1.057568175439826,-0.6990590787522705,-0.08175292349225614,-0.03660110367654417,0.30156498152484595
13551.0,0.561177872382332,-0.5566388957505917,-0.9410742645165688,-1.6958135609136948,-1.6112230199551474,-1.0726274498209338
13552.0,-0.6467111718821987,1.9598138796697315,1.4588605207072,1.1075047489894896,1.0942369089268609,0.19328212858309393
13553.0,2.260816211347442,-1.057568175439826,-0.4289024772109658,-0.5799629434487835,0.5703472080455595,0.8056385936564584
13554.0,0.8524080372050054,0.6551203441547673,0.4183932308455925,0.11344454452903792,1.0635079798298124,-0.21394934253116626
13555.0,-0.6085170519054547,1.3464940972778903,1.6357595404721121,1.4976851682620833,1.492420462139777,1.2255185928438346
13556.0,1.0863470220625626,-0.5566388957505917,-1.0807886880219193,-0.8448935437864052,-1.2790083980134372,-1.3321461596894049
13557.0,-0.828133241771733,1.3464940972778903,0.863907604382961,1.0468181283332072,0.8897593496354799,-0.2111658080523531
13558.0,-0.9331670717077791,0.07445736048174284,-0.3043080790505718,-0.23960173178512437,0.8701725506387965,-0.8113102620130477
13559.0,1.487385281818375,-0.5566388957505917,0.06114869400142343,-0.19826535584174043,-2.5113622892582645,0.7932783174525477
13560.0,-0.9283928067106861,-1.057568175439826,-1.193768984924417,-1.3355771031233274,-0.214451185231064,-0.6214930075776651
13561.0,0.06942857768175226,1.1560496238440017,0.4911814003681685,0.5495678830566179,0.9213981094917513,-0.6808324411295459
13562.0,-0.5703229319287106,0.8006346437359392,1.1991017744461423,0.7821777369893975,0.5984416885683977,1.0609688553371703
13563.0,-0.5607744019345245,-0.5566388957505917,-0.11201215377086722,-0.5544293425508449,0.12599809971663617,0.47055322699469415
13564.0,-0.2743185021089442,2.5801201667325926,2.0793140679247206,1.9071259838423893,1.9876464313829287,0.6537609838691139
13565.0,-0.87110162674557,-0.2012239156425293,-0.5620903762857657,-0.4115004690897406,0.057680039452894044,-0.9074120499363522
13566.0,-0.7660677968095239,0.29970536404670484,0.44400931197200244,0.6224425841272715,1.489322756853159,0.28260725503510475
13567.0,1.0815727570654696,0.07445736048174284,0.12305585908611352,0.18225580539420755,1.1800603940669612,-0.016925209142231064
13568.0,-0.13586481719324703,-1.057568175439826,-1.1314999680434197,-1.3054615668176395,-0.016856965827270066,-0.5053079205429151
13569.0,-0.880650156739756,0.07445736048174284,-0.16062103633796546,-0.22616519669220447,0.9754402475100741,-0.5444291492328236
13570.0,0.19833373260326345,-1.057568175439826,-0.9549925302485318,-0.72503397002458,-0.34907158776898006,-0.17597026516172015
13571.0,-0.8997472167281281,2.15790818322247,1.1530309841919104,1.234570904035402,1.489322756853159,-0.5977100334448587
13572.0,0.021685927710822197,-1.057568175439826,0.30148679856766675,0.060351416354561,-0.214451185231064,2.168440607019947
13573.0,-0.7230994118356868,0.4901498374805938,-0.003582139268665276,0.18632645358146716,0.4472146763622555,-0.7924436345500788
13574.0,1.0004102521148885,-1.057568175439826,-0.5801786751754783,-0.3090820417430482,0.5607641505877349,0.5233788261643432
13575.0,-0.852004566757198,0.29970536404670484,-0.15518724820811075,-0.05339269394218388,-0.016856965827270066,-0.8312879474771782
13576.0,-0.914070011719407,2.2461917041447332,1.8015153727844668,1.461366043388503,1.0039916405726501,0.5089110258178902
13577.0,-0.842456036763012,1.1560496238440017,0.9646178512204316,0.8055296346304388,0.7181415173627237,0.1989631258462002
13578.0,0.9908617221207026,-1.057568175439826,-1.3001679909893809,-0.8798968913203039,-1.192682094770814,-0.8200183480964295
13579.0,-0.8901986867339421,0.29970536404670484,0.29633470936706613,0.25467755465000186,0.43606699321124226,0.007789935542313268
13580.0,0.9765389271294235,-1.057568175439826,-1.524495659274966,-1.552680491898286,-1.6112230199551474,-1.2385817198913194
13581.0,0.5134352224114018,-0.5566388957505917,-0.8419278046763516,-0.9223250044342675,-0.214451185231064,-0.8883363040115457
13582.0,0.9001506871759354,-0.5566388957505917,-0.9484873865915553,-0.9977052697151033,-1.1145904545341814,-1.086402804989069
13583.0,-0.21702732214382814,-0.5566388957505917,0.33230174096608844,0.5330135800472435,0.643225625568364,1.2987863599832064
13584.0,0.5038866924172158,-0.2012239156425293,-0.6141556520644105,-0.19826535584174043,0.4582127216583458,-1.004076177465399
13585.0,1.5733220517660491,-0.2012239156425293,-0.20329080037383826,0.6866187011223984,-0.29254282546769667,-0.24046761862431443
13586.0,1.6210647017369793,-1.057568175439826,-1.4059749110670303,-1.6612051713861486,-0.5847816131886778,-1.0174389407740698
13587.0,-0.6562597018763847,0.07445736048174284,0.4375673118172417,0.2033509066675296,-0.34907158776898006,0.5685917711281987
13588.0,-0.8854244217368491,0.9308016202790399,0.7193841730271278,1.1014803532748827,0.9213981094917513,0.010557893106248186
13589.0,-0.8901986867339421,0.4901498374805938,0.15007442968591386,-0.33322994313103943,0.10944517163608153,-0.5071604220093108
13590.0,-0.9092957467223141,1.7237759069352954,1.3926132670972124,1.564433124413704,1.464110242271589,0.33790582840106403
13591.0,-0.6514854368792917,0.6551203441547673,0.598316117957875,0.36548410932646447,0.6075964438354208,0.1206718520260768
13592.0,-0.7899391217949889,0.07445736048174284,-0.930153868146617,-1.1490257546338611,-0.8075883471740417,-1.9697393007268962
13593.0,-0.44619204200429247,1.4317308999682739,1.2902106443448913,0.9811667164708552,1.3134452968899748,0.4829070399546651
13594.0,-0.7087766168444078,-0.5566388957505917,-0.38212419136165965,-0.13577329401288032,-0.2396636998126339,-0.03265243328136787
13595.0,1.506482341806747,-0.2012239156425293,-0.10563454459803229,-0.23380955703164844,0.8084355865789369,-0.058750650384188606
13596.0,-0.9331670717077791,-0.5566388957505917,-0.2250012307512504,-0.15595106968361416,0.9337192750953127,0.2600246252810111
13597.0,0.9478933371468654,-0.5566388957505917,-0.5940099464262147,-0.4889319297376028,-0.7110837506520298,-0.4271421150076364
13598.0,-0.7374222068269658,0.29970536404670484,-0.1265089633644031,-0.14075997467494245,0.5007855218324396,-0.7780630611094094
13599.0,-0.9570383966932442,2.4427071657996513,1.7063449308830114,1.676200074581074,1.3974603374650032,0.11248284368543865
13600.0,0.5277580174026809,-0.5566388957505917,-0.402419306213856,0.1357316816353968,-0.143159103290622,-0.07044847086387898
13601.0,-0.7469707368211519,0.07445736048174284,0.17475400505663066,0.44334460319571367,1.0841214462193633,0.0792783798256479
13602.0,-0.6514854368792917,0.07445736048174284,0.08617424478798082,0.06524832973619131,0.12599809971663617,-0.08554548828874561
13603.0,-0.837681771765919,-1.057568175439826,-1.22385733864409,-0.712971107144618,-0.34907158776898006,-0.6776335758852299
13604.0,2.184427971393954,-1.057568175439826,-0.16947349242299706,-0.45847813379913716,-0.5466658071727737,1.2896960059411429
13605.0,0.8858278921846564,-0.5566388957505917,-0.3965716838898643,-0.08942404415905093,0.1422232254034017,-0.05955852365230631
13606.0,-0.82335897677464,-0.2012239156425293,-0.8516279644494142,-0.37238662520105137,-0.03660110367654417,-1.4444659180131392
13607.0,-0.7708420618066169,-0.5566388957505917,0.12074049599557204,-0.029014919714122,0.7794292983039648,0.9043605411329739
13608.0,1.6210647017369793,-1.057568175439826,-0.9775433206630962,-0.9735775128852286,-0.2396636998126339,-0.21804681748670374
13609.0,1.8693264815858155,-1.057568175439826,-1.210911063072415,-2.1002412642657573,-1.3755129945354494,-0.6534776757375603
13610.0,-0.9045214817252211,1.4317308999682739,0.6016549303250983,0.38000038075448084,1.6209280977648393,-0.7967591828676658
13611.0,-0.5369030769490596,1.0485519735441977,0.9241570923900634,0.9236068098802609,1.1334943370758328,0.25090002659063926
13612.0,2.060297081469536,-1.057568175439826,-0.07539283015481463,-0.06073810646911588,0.1422232254034017,1.4652370772704932
13613.0,1.2009293819927949,0.29970536404670484,0.09636716072864764,-0.05926244348857524,0.1422232254034017,-0.3640737243470831
13614.0,-0.8472303017601049,0.4901498374805938,0.6757785665295076,0.3426906488381303,1.3692043624955306,0.470639104889567
13615.0,0.561177872382332,0.8006346437359392,1.3853852223695275,1.1739901282195409,1.4768134745980201,1.4081048948382024
13616.0,1.7499698566584905,-0.5566388957505917,-0.8335149204426675,-0.6818454084952281,-0.2396636998126339,-0.8726943005393122
13617.0,-0.7708420618066169,0.8006346437359392,0.2446418297451649,0.1291245146456743,0.10944517163608153,-0.7145486530969863
13618.0,-0.131090552196154,-1.057568175439826,-1.1695440482014694,-0.44774471036475055,-0.9169962351303879,-0.5762927374827328
13619.0,1.6401617617253512,-0.5566388957505917,-0.9997769766613024,-1.1888808406597104,-0.05683280004799887,-1.1816948129498919
13620.0,1.5589992567747701,-1.057568175439826,-1.4948299120896456,-1.2313089537736739,-1.6112230199551474,-1.1832296749848714
13621.0,-0.4032236570304554,-1.057568175439826,-1.035893109125666,-0.22997626581046446,-0.6247574474094066,-0.32691918436442396
13622.0,2.361075776286395,-1.057568175439826,-0.2305901278929468,-0.16454475521589296,-0.214451185231064,1.1756610979399833
13623.0,-0.813810446780454,1.0485519735441977,0.734873015490657,0.4787443192022273,1.309589562375142,-0.10117791252493705
13624.0,0.8906021571817494,-1.057568175439826,-0.4848085950768244,0.3418903960530085,-0.5102446079085138,0.7013257669029341
13625.0,1.8884235415741877,-1.057568175439826,-0.7909436702763251,-0.7979158790770093,-0.5466658071727737,0.1301214643776757
13626.0,0.2460763825741935,-0.5566388957505917,-0.18011695428858554,-0.1324697313736682,0.03967179647401301,0.3436503903044489
13627.0,-0.6801310268618498,0.6551203441547673,0.6485668802585117,0.7939573662496181,0.8364500102281615,0.21417396088522658
13628.0,2.265590476344535,-1.057568175439826,-0.7701654043651678,-0.9977052697151033,-0.7579160438997158,0.16889073927939177
13629.0,-0.852004566757198,1.7871458800763362,1.9284711209951844,1.8154267980275258,-0.32031979307342545,1.2635618133695121
13630.0,-0.9379413367048721,0.6551203441547673,0.5767017085751919,0.6889843300938874,0.15813328011056985,0.08045937521103626
13631.0,-0.4843861619810365,1.1560496238440017,0.8728790180661972,-0.027608699751634977,-1.4849208824917954,0.02831312839519827
13632.0,-0.842456036763012,0.8006346437359392,0.99609938068844,0.794359819633353,1.1141007199045665,0.6828275947501471
13634.0,-0.8042619167862679,1.5863629060023545,1.2275347492414257,0.9564840395350224,1.5077357131385387,0.18799230535391168
13635.0,-0.6371626418880127,0.07445736048174284,0.8560339099528137,0.8883012754498446,0.9458578981845076,1.3483321784688014
13636.0,-0.7851648567978959,0.29970536404670484,0.030919088070374655,0.12801683522304796,0.24760485428798198,-0.48570108270808027
13637.0,-0.7135508818415008,-0.2012239156425293,-0.08775214621370264,-0.1210362678541802,0.5110918473134085,-0.025468347119151066
13638.0,-0.8854244217368491,-1.057568175439826,-1.4324120354634478,-1.082861937727266,-1.2790083980134372,-1.0667668369381675
13639.0,-0.6085170519054547,-0.5566388957505917,0.2815374212566482,0.4702361879421117,0.12599809971663617,1.2041352204243974
13640.0,1.9552632515334898,-1.057568175439826,-0.5792059038611228,-0.985530707305215,-1.760606742132222,0.525193878424431
13641.0,2.0984912014462798,0.29970536404670484,0.0800644412493221,0.5336120394256678,-0.016856965827270066,-0.3943744901457857
13642.0,0.06942857768175226,0.07445736048174284,-0.46929539321925035,-0.4889319297376028,0.643225625568364,-1.117419319674439
13643.0,-0.813810446780454,1.0485519735441977,0.6195213318148973,0.40447523229840104,0.42476554407078576,-0.3155815796603122
13644.0,-0.8854244217368491,0.07445736048174284,0.7602451717532668,0.949212806774478,0.9983604014140248,1.1697950726173165
13645.0,-0.38890086203917634,-1.057568175439826,-0.9183189753807844,-0.7373223199867728,-1.6112230199551474,-0.10754265256064181
13646.0,0.9478933371468654,-0.5566388957505917,-0.733940149969781,-1.1888808406597104,0.2616110427421876,-0.6875090306560474
13647.0,-0.914070011719407,0.8006346437359392,0.8661326941588736,0.8565051982891361,0.6856880840720535,0.4408375460637298
13648.0,0.9478933371468654,0.8006346437359392,0.47534686062117776,0.44540007412022964,0.6604755694904836,-0.28609014060559745
13649.0,0.26517344256256553,0.4901498374805938,0.33658103852741844,0.31073557893872533,0.6773698189974897,-0.16052632081514767
13650.0,-0.880650156739756,1.0485519735441977,0.9219938241938606,0.8383200300420183,0.8961855949101813,0.2468746756354362
13651.0,-0.7947133867920819,-0.2012239156425293,-0.9937362278851826,-1.3459301923950664,-0.8604674728291044,-1.7075248914152734
13652.0,-0.7421964718240589,0.29970536404670484,0.6537062802560033,0.7198888683069863,0.8225625239939895,0.6730702665055666
13653.0,1.3680286568910498,-1.057568175439826,-1.2785809657776905,-1.2490778079274656,-1.192682094770814,-0.7797400439145147
13654.0,-0.7565192668153379,1.1560496238440017,1.3894310197448547,1.4976851682620833,1.4862132955410827,0.9898936808387376
13655.0,-0.4175464520217344,0.4901498374805938,0.6595360581309326,0.605503609501791,0.7260579274719773,0.440398434283423
13656.0,-0.17405893716999107,0.07445736048174284,0.12276352426593677,0.3746895000851943,0.5313235436848637,-0.017469153282928047
13657.0,-0.9092957467223141,-0.5566388957505917,-0.6207925079126527,-0.5544293425508449,-0.7579160438997158,-0.476986849926192
13658.0,-0.914070011719407,0.9308016202790399,1.3565574095544313,0.9814694600091548,1.1042290092563862,1.1968960432761704
13659.0,0.021685927710822197,1.254937876118928,1.205964279365919,1.081250831562814,1.3583519909614636,0.5319593541271269
13660.0,0.9478933371468654,-1.057568175439826,-0.778283350621587,-0.8352256109933592,-0.05683280004799887,0.1537438116484638
13661.0,1.9170691315567456,-1.057568175439826,-0.7361583082738724,-0.9278263552140557,-0.7110837506520298,0.23234312085010525
13662.0,-0.5512258719403386,1.1560496238440017,0.6446310318248445,0.5747677745150057,0.8897593496354799,-0.39593881648493773
13663.0,-0.10721922721068898,0.29970536404670484,0.5822332119534469,0.3978901263359389,0.5891834875500419,0.5399591276379149
13665.0,0.8810536271875634,-0.2012239156425293,0.45373696828581667,0.801959991931657,0.6773698189974897,0.9831144417582295
13666.0,-0.6753567618647568,0.29970536404670484,-1.4025149986700955,-1.435207155173084,-0.6247574474094066,-3.1249915034605715
13667.0,-0.2504471771234792,-1.057568175439826,-0.7962097073580812,-0.7756287419706503,0.5412550843430992,0.1202957917186495
13668.0,-0.9474898666990581,2.5133231633305324,1.9054385511414682,1.6600116731986843,1.8539908120855393,0.4043310518991208
13669.0,-0.7183251468385938,-0.2012239156425293,-0.5642508993905716,-0.14075997467494245,-0.9169962351303879,-0.9114239509611941
13670.0,-0.6037427869083617,-1.057568175439826,-0.6842776888532034,-0.35829878078459476,-0.409791367250838,0.32914494276302914
13671.0,0.9240220121614005,-1.057568175439826,-1.1888746661404503,-1.0690212668978847,0.30224790327738865,-0.6123609081424396
13672.0,0.47524110243465784,-0.2012239156425293,-0.5533081424672442,-0.8256977981095772,-0.9169962351303879,-0.8911036221942656
13673.0,-0.87110162674557,-0.5566388957505917,-0.6109339928940835,-0.9503040176316452,0.09255092212907612,-0.45863982822993515
13674.0,1.1054440820509346,-1.057568175439826,-0.9514504579498122,-1.022752397493591,-0.8604674728291044,-0.16936126442710753
13675.0,-0.24089864712929315,-0.5566388957505917,-0.4474601407542957,-0.2553017634706537,-0.409791367250838,-0.15432158188713366
13676.0,1.6115161717427933,-0.5566388957505917,-0.9419527738308934,-1.0101095543538685,-0.9169962351303879,-1.07425996070752
13677.0,0.9717646621323305,-0.5566388957505917,-0.35845227395698387,-0.5298504955021914,0.6856880840720535,0.011434816944957175
13678.0,-0.23612438213220016,-1.057568175439826,-0.9758517841203765,0.4202998112256334,-0.7579160438997158,-0.2148906520246097
13679.0,1.396674246873608,-0.2012239156425293,-0.8400695060822766,-1.022752397493591,0.03967179647401301,-1.4230524436921097
13680.0,-0.9570383966932442,1.254937876118928,1.8152864692969426,1.561057628796166,1.7319862220743076,1.6671452935836784
13681.0,-0.875875891742663,0.07445736048174284,-0.06708525728056265,-0.19826535584174043,-0.09885955416899503,-0.3705768700829118
13682.0,-0.06902510723394494,-1.057568175439826,-1.9452996798460467,-2.493263841242748,-1.9434376418968569,-2.023741887877587
13683.0,1.2248007069782596,-1.057568175439826,-0.900122676024013,-0.6521270116253584,-1.1145904545341814,-0.07359095827715571
13684.0,0.40362712747826274,0.07445736048174284,-0.30387441374157864,-0.4804854634606252,0.5313235436848637,-0.8105051590914123
13685.0,-0.9474898666990581,0.6551203441547673,0.8842414427169666,1.5370610557427664,-0.29254282546769667,0.6529104046006559
13686.0,-0.08812216722231696,-0.2012239156425293,-0.5721005905980345,-0.16627705551152036,-0.34907158776898006,-0.925999646421758
13687.0,1.1293154070363998,-1.057568175439826,1.8436934331076429,3.40874242908352,0.057680039452894044,5.045977800228411
13688.0,2.069845611463722,-1.057568175439826,-0.6333378087251769,-0.8646666909006259,-1.6112230199551474,0.4241914795908912
13689.0,-0.6610339668734777,-0.5566388957505917,0.23376575080101514,0.2583247627941531,-1.4849208824917954,1.1150684692912272
13690.0,-0.6801310268618498,-1.057568175439826,-1.1903228918629964,-1.2957220170974781,-1.192682094770814,-0.615063090384076
13691.0,0.9287962771584934,-1.057568175439826,-1.0394758209705806,-0.793397596124442,0.20408973995326918,-0.33360401268469997
13692.0,-0.842456036763012,0.29970536404670484,0.8830814762581134,0.9599333598258345,0.5510676815341373,1.100405107424394
13693.0,0.8237624472224473,0.9308016202790399,0.5696207690680668,0.38826032196798577,0.5007855218324396,-0.2678804197660056
13694.0,-0.9427156017019651,4.226011682925126,3.8538751128277426,3.9147349519484806,2.4914655834020305,2.1527552575201274
13695.0,-0.813810446780454,1.5863629060023545,0.7992046821759782,0.8550394059721895,0.09255092212907612,-0.6079670459534798
13696.0,1.0529271670829117,-0.2012239156425293,0.572673145759523,0.08210585803716575,-0.44192654764477163,1.2047937970087386
13697.0,-0.7756163268037098,-1.057568175439826,-1.2828090372025374,-0.6631145807357566,-0.9777160146122458,-0.7876290209867526
13698.0,1.8884235415741877,-0.5566388957505917,-0.5010290572022713,-0.5003653932570907,-0.2396636998126339,-0.25406124001524794
13699.0,-0.22180158714092113,-0.5566388957505917,-0.12445212786929617,-0.5238467315670368,-0.18999139653830796,0.44737204820542437
13700.0,-0.837681771765919,1.3464940972778903,0.7527466077714249,1.1453725738251235,1.0992481910462715,-0.41769261925168405
13701.0,1.1722837920102367,-1.057568175439826,-1.2385017602978319,-1.180714181827603,-1.192682094770814,-0.7049579739508881
13702.0,1.1675095270131437,-1.057568175439826,-1.3630898441345671,-1.2313089537736739,-1.6112230199551474,-0.9374215343075187
13703.0,0.556403607385239,-0.5566388957505917,-0.5437567691097709,-0.8747808531910688,-0.12070997099915268,-0.33360401268469997
13704.0,-0.9379413367048721,0.9308016202790399,0.6681493659291159,0.7519853483603718,0.7867777069538352,-0.08472034228842211
13705.0,-0.9236185417135931,0.6551203441547673,0.45605027671693266,0.40738090589853576,0.21885305959242807,-0.14393768858596334
13706.0,0.4847896324288438,-0.5566388957505917,-0.26145085006674257,-0.3155803574067836,-0.07757674530912831,0.1921195777511885
13707.0,0.3129160925334956,0.29970536404670484,0.9387834027994515,0.9931690139095474,0.986980467473245,1.2042087058269424
13708.0,0.33201315252186764,-1.057568175439826,-0.8297961492401201,-0.3155803574067836,0.12599809971663617,0.0576282907894176
13709.0,-0.9427156017019651,1.7237759069352954,1.520411068207211,1.4028234446287149,1.5858273533751712,0.5757737454443616
13710.0,-0.8090361817833609,-0.2012239156425293,-0.4148215040714244,-0.2434917288262392,-0.9169962351303879,-0.6338190908829796
13711.0,0.08375137267303129,0.9308016202790399,0.48673737811205775,0.34108916794432426,0.521270140592798,-0.42188016145578794
13712.0,0.21743079259163547,-0.5566388957505917,-0.12232636107537906,0.551317083862779,-0.214451185231064,0.45133325588956497
13713.0,0.9860874571236096,-0.2012239156425293,-0.14673071023595818,-0.3536691307934737,0.413306027586857,-0.13522980646348737
13714.0,1.2582205619579108,-1.057568175439826,-1.2369530717936241,-1.4848463926750592,-0.26567674408401915,-0.7020683425151621
13715.0,0.37975580249279767,1.6569789035332354,1.573520357994679,1.5029092626926663,1.5316598090548748,0.7510214095931113
13716.0,0.3224646225276816,-1.057568175439826,-1.3469376602503007,-0.8256977981095772,-0.5466658071727737,-0.9072838673843163
13717.0,-0.8090361817833609,0.8006346437359392,0.4750540739990645,0.9732460473822359,0.7794292983039648,-0.2866342801259277
13718.0,0.21265652759454245,-0.5566388957505917,-0.7784933137374926,-0.6780563053151835,-1.192682094770814,-0.7703776142896788
13719.0,-0.8901986867339421,1.1560496238440017,0.8023949713619885,0.776000983923359,1.2411034491783224,-0.1027516475721434
13720.0,-0.4032236570304554,0.07445736048174284,-0.0916836971371936,0.018496492922869624,0.0024225606841520096,-0.41630565603169195
13721.0,-0.7899391217949889,-0.5566388957505917,-0.14597651685045623,0.03274627919379447,-0.016856965827270066,0.40726382711647424
13722.0,-0.3316096820740603,1.0485519735441977,1.3085365770631807,1.2068067650291179,0.9578193087560118,0.9665856230423453
13723.0,0.07420284267884526,0.4901498374805938,0.1955212500040576,0.1291245146456743,0.15813328011056985,-0.42272782608197945
13724.0,2.079394141457908,-1.057568175439826,-1.0387041946850037,-0.8646666909006259,-0.05683280004799887,-0.3321642683039693
13725.0,-0.7230994118356868,0.8006346437359392,0.5583887398204074,0.33058335301693326,0.6604755694904836,-0.13172397332562474
13726.0,-0.7756163268037098,-0.5566388957505917,0.12330159394839162,0.5067504257904393,-0.05683280004799887,0.9091347581582967
13727.0,-0.82335897677464,0.8006346437359392,0.11963340391623604,-0.18385584567445426,0.4582127216583458,-0.9464111157069801
13728.0,-0.7851648567978959,1.5863629060023545,0.8207396490700881,0.6286838422241071,0.4690650931924128,-0.5679989603310732
13729.0,1.1197668770422138,-0.2012239156425293,-0.162408520716135,-0.09874913074782131,-0.12070997099915268,-0.1644028359178093
13730.0,-0.31251262208568825,-0.5566388957505917,-0.13536687880479897,0.0012476758898576639,-0.07757674530912831,0.4270334670654943
13731.0,0.08375137267303129,-0.5566388957505917,-0.2852005533814424,-0.367657053853687,-0.12070997099915268,0.14787718124180918
13732.0,-0.828133241771733,-1.057568175439826,-0.4400842104283602,0.01455597613908807,-0.18999139653830796,0.784775077382464
13733.0,1.0004102521148885,-0.5566388957505917,-0.44715129189691544,-0.2454453932114384,-0.32031979307342545,-0.15374649269750212
13734.0,1.468288221830003,0.07445736048174284,1.432225686749486,-0.3134071072233412,-0.44192654764477163,2.422685186902121
13735.0,-0.842456036763012,1.3464940972778903,1.7028060316079348,1.404893018577501,1.7502452968544266,1.3504568088925715
13736.0,-0.9379413367048721,0.6551203441547673,0.7944615621451468,0.7596644340317328,1.6621615562882688,0.48573639326283413
13737.0,-0.006959662271735843,-1.057568175439826,-0.705247546619151,-0.8902499805920427,-0.29254282546769667,0.2900181848394356
13738.0,0.9287962771584934,-1.057568175439826,-0.5284113518039426,-0.472146143411032,0.5984416885683977,0.6199692538399949
13739.0,-0.875875891742663,-0.5566388957505917,-0.8127819731557796,-1.2140077557532785,-1.4849208824917954,-0.834142986253129
13740.0,0.1887852026090774,0.29970536404670484,0.3975925491501983,0.46361571324129663,0.5510676815341373,0.19621150396879244
13741.0,-0.6180655818996407,-0.2012239156425293,-0.22035539948581587,-0.5268417598989991,-0.16624068800434505,-0.2722139948401314
13742.0,-0.880650156739756,1.254937876118928,0.8815757893261624,0.5437033697523602,1.2659338970370226,-0.07158526845447379
13743.0,-0.9474898666990581,0.6551203441547673,0.2790457210420073,0.8495133920804023,-1.2790083980134372,-0.47290008709948184
13744.0,-0.5082574869665015,-0.5566388957505917,0.12387243657040037,0.5657155477490082,0.20408973995326918,0.910198884606567
13745.0,-0.1883817321612701,-0.5566388957505917,-0.11216886523130164,0.5617156631171545,0.07530097820695623,0.4702612009444037
13746.0,1.0147330471061675,-1.057568175439826,-1.172164263686161,-1.1568058168174855,-1.192682094770814,-0.5811816851390043
13747.0,0.8237624472224473,-0.5566388957505917,-1.2005431444035926,-1.3671387278127125,-1.760606742132222,-1.5543924478222255
13748.0,-0.5034832219694085,0.9308016202790399,0.5881081699903556,0.49034593055540676,-0.03660110367654417,-0.23352039211530318
13750.0,-0.7040023518473147,1.1560496238440017,0.98746238282334,0.6789909713820402,0.15813328011056985,0.2414678949033268
13751.0,0.4131756574724487,-1.057568175439826,-0.8029375908458977,-0.7626103446465929,-1.192682094770814,0.10774252256899386
13752.0,-0.3698038020508043,0.6551203441547673,0.3962592168638291,0.47548497895228237,0.4690650931924128,-0.25509446822230636
13753.0,0.4131756574724487,0.07445736048174284,0.598531884168976,0.7162742470671974,0.3409641798752045,0.8684474369847247
13754.0,-0.23612438213220016,-0.2012239156425293,-0.5084856562279153,-0.28578980384625685,-0.7579160438997158,-0.8078547240599795
13755.0,-0.9427156017019651,0.9308016202790399,0.6031365213836515,0.61455675288513,1.3869782063675777,-0.20558671019867475
13756.0,-0.9522641316961511,2.0123938836412982,1.6164677060263548,1.5476355131753727,0.986980467473245,0.4271954639013609
13757.0,2.260816211347442,-1.057568175439826,-1.0997758077918822,-1.435207155173084,-1.2790083980134372,-0.44611517100949427
13758.0,-0.9045214817252211,1.511464603952064,1.6199556182831576,1.484440372850426,1.3172829716921783,1.0047761479458128
13759.0,-0.8042619167862679,-0.5566388957505917,-0.23009012184875274,-0.3467852188694181,-0.44192654764477163,0.2505437869189629
13760.0,-0.7040023518473147,0.29970536404670484,0.29073006117781247,0.16151567582594573,0.6604755694904836,-0.002637092645355757
13761.0,-0.7230994118356868,0.4901498374805938,0.5480333188998063,0.5221470916226655,0.8364500102281615,0.23284236338401715
13762.0,0.08375137267303129,0.29970536404670484,0.7175095745428408,1.1019845002181474,-0.4753737252323317,0.7919170992436054
13763.0,-0.6610339668734777,-0.2012239156425293,1.2532466745401696,1.2413325189482594,0.1422232254034017,2.4738356996693907
13764.0,-0.6228398468967337,0.4901498374805938,0.8367523327914584,0.9545949359885536,1.5830639710850705,0.7704178233198261
13765.0,2.155782381411396,-1.057568175439826,-0.6779198073298213,-0.324345921692527,-0.7110837506520298,0.3410078411216543
13766.0,1.401448511870701,-1.057568175439826,-1.119016440330019,-0.8304444438698193,-0.7579160438997158,-0.48201544177046174
13767.0,-0.9522641316961511,3.4035173108982337,2.5961201420943487,2.2338960632773484,0.8295356901035954,0.7081103730721078
13768.0,2.5090779911962784,-0.5566388957505917,-0.026571448223467166,-0.17500769620178155,-0.26567674408401915,0.629780557593816
13769.0,-0.9522641316961511,1.8474233769671247,1.2882265879364487,1.0614518774071213,0.8568496217702717,0.003112689397972124
13770.0,1.0529271670829117,0.07445736048174284,-0.10482192233255729,-0.026205481328169595,0.10944517163608153,-0.4407273856240522
13771.0,-0.6562597018763847,0.9308016202790399,1.320331537097855,1.223982395752446,1.1890642437119816,1.1293956470977669
13772.0,-0.7994876517891749,0.8006346437359392,0.8797615451202526,0.7144594561789135,1.8194657163198902,0.4662092150034587
13773.0,0.9335705421555864,-0.5566388957505917,-0.7902792298566701,-0.6742889163126701,-0.6247574474094066,-0.7922965913960524
13774.0,-0.5703229319287106,-1.057568175439826,-0.6939597628997868,-0.609925943093793,-0.5102446079085138,0.3110795761951096
13775.0,1.8597779515916295,-1.057568175439826,0.10309881821934007,-0.04468518145406716,0.32826094754877355,1.7982769860418126
13776.0,1.0815727570654696,-0.5566388957505917,-0.26965920807567073,-3.347422325913002,-2.5113622892582645,0.17682828216327007
13777.0,-0.9570383966932442,3.1849293968689216,2.8696907203639728,2.538286787724898,0.03967179647401301,1.4577837137680043
13778.0,-0.4700633669897575,0.07445736048174284,0.15246936567835415,0.0314635322857433,-0.18999139653830796,0.03780726997691369
13779.0,1.501708076809654,-1.057568175439826,-1.2379261429019925,-1.447270018053046,-0.34907158776898006,-0.7038839541480362
13780.0,-0.9283928067106861,-0.2012239156425293,-0.15518724820811075,-0.010964580828220287,0.6166500395156311,-0.15096581801494588
13781.0,0.2365278525800075,-0.2012239156425293,-0.11081490217438872,-0.3177608157300655,0.233355067772715,-0.0683918200293723
13782.0,-0.8997472167281281,1.3464940972778903,0.48426010208553755,0.18225580539420755,1.2111502729297718,-0.9158596535928878
13783.0,1.3680286568910498,0.07445736048174284,0.3789198639514158,1.2833783072001546,-1.760606742132222,0.45936791609483185
13784.0,-0.914070011719407,1.4317308999682739,0.8344414953984037,1.1549733538437092,-0.9169962351303879,-0.3646917125123622
13785.0,1.0863470220625626,0.07445736048174284,-0.3699132999209637,-0.7669212294825337,-0.3788691287103198,-0.933077898020525
13786.0,0.7903425922427962,0.4901498374805938,0.8862049645820919,0.7450833680945268,0.521270140592798,0.862536973950636
13787.0,-0.5989685219112687,0.4901498374805938,0.2123865228076792,0.47089458317170435,0.42476554407078576,-0.39138922343204785
13788.0,1.449191161841631,-1.057568175439826,-3.771220789874901,-3.613978162138445,-2.5113622892582645,-5.430649748535166
13789.0,0.8906021571817494,-1.057568175439826,-0.9550820525193987,-0.4165574754242254,-0.6667842015304029,-0.17613730092610505
13790.0,-0.9427156017019651,-1.057568175439826,-0.6861216186094456,0.28155081577436647,0.057680039452894044,0.3257044333420374
13791.0,-0.3507067420624323,-0.5566388957505917,0.36668328076861,0.591959504950134,-1.3755129945354494,1.362894111719044
13792.0,-0.6467111718821987,-0.2012239156425293,-0.6174104812133091,-0.745644046063802,-0.4753737252323317,-1.0101179049371967
13793.0,2.127136791428838,-1.057568175439826,-1.606546036595427,-1.4595583680152389,-1.3755129945354494,-1.3916759986789613
13794.0,1.6497102917195372,-1.057568175439826,-1.413001675939592,-1.3355771031233274,-1.192682094770814,-1.0305498798764414
13795.0,0.8906021571817494,0.07445736048174284,-0.05978920342119324,0.6187742979473558,-0.4753737252323317,-0.35701232514448833
13796.0,1.420545571859073,-1.057568175439826,-0.8189268608670798,-0.5268417598989991,-0.5102446079085138,0.07790882963333291
13797.0,1.1245411420393068,-0.2012239156425293,0.18668233288654104,0.1066083555611067,0.42476554407078576,0.4855325882729015
13798.0,-0.9570383966932442,3.904446590587467,3.169948003229586,3.0190790319994747,1.123854907395181,1.228894574061372
13799.0,-0.4032236570304554,0.9308016202790399,0.8076569218391997,0.7554093539224325,0.3409641798752045,0.1747638069278708
13800.0,0.5182094874084949,-0.2012239156425293,0.4401595957566929,0.39641776831444836,0.4472146763622555,0.9578108350831034
13801.0,-0.6419369068851057,-1.057568175439826,-0.7371267829465534,-0.6972240648877613,-0.4753737252323317,0.23053608550937654
13802.0,-0.2981898270944092,1.7871458800763362,2.412775358616472,2.2125649478658183,1.3134452968899748,2.16632063133704
13803.0,0.2556249125683795,-0.2012239156425293,0.2776065220706625,0.3506400514035264,0.4472146763622555,0.6549145906712369
13804.0,-0.813810446780454,0.9308016202790399,0.8937629828225819,0.8572368706871991,1.0261373690197537,0.33499471363797517
13805.0,-0.7135508818415008,-0.5566388957505917,0.012156749842002185,0.893857843822446,-1.1145904545341814,0.7019617149841069
13806.0,-0.6562597018763847,-1.057568175439826,-0.9062856688996493,-1.411725816863138,-1.1145904545341814,-0.08509022226937185
13807.0,0.7903425922427962,-0.2012239156425293,-0.5494316273952021,-0.9389691233576822,-0.44192654764477163,-0.8839047124088661
13808.0,-0.9331670717077791,0.29970536404670484,0.46866443713020034,0.31073557893872533,0.413306027586857,0.3285033850860325
13809.0,0.49433816242302986,-0.2012239156425293,-0.20837508606705687,-0.3606258896987994,-0.4753737252323317,-0.24992647582813132
13810.0,-0.82335897677464,-0.2012239156425293,0.3586010548829726,-0.2920608299201562,-0.214451185231064,0.8058258062152922
13811.0,-0.08334790222522395,-0.2012239156425293,-0.07872009812677706,-1.286124655672843,-1.3755129945354494,-0.008657325402605425
13812.0,-0.7612935318124309,-0.2012239156425293,-0.3745361710360207,-0.2493702262529745,-0.18999139653830796,-0.5589376871496758
13813.0,-0.7708420618066169,0.8006346437359392,0.7978415844181302,0.6404831245362104,0.5607641505877349,0.3137229015610808
13814.0,-0.5225802819577805,-0.2012239156425293,0.6522048643420237,0.5995785522705271,0.233355067772715,1.3530497687486336
13815.0,-0.856778831754291,0.8006346437359392,1.5112928771904806,1.5780087586855005,1.2780725201262169,1.6427904109703226
13816.0,-0.8472303017601049,-0.5566388957505917,-0.3323842501509438,-0.38921333198338165,-0.409791367250838,0.05998768207232966
13817.0,-0.82335897677464,-0.5566388957505917,-0.6192209661810767,-0.548197944409192,-0.5847816131886778,-0.47406220264603555
13818.0,1.0911212870596556,-1.057568175439826,-1.924491573143728,-1.3671387278127125,-1.6112230199551474,-1.9849169343239197
13819.0,0.48001536743175083,0.4901498374805938,0.7651729821066369,1.0219651901478755,0.09255092212907612,0.6371009884631156
13820.0,1.0338301070945395,-0.2012239156425293,-0.2373635552585,-0.3513664749128713,0.38989466139460405,-0.3038531283011333
13821.0,-0.2695442371118512,0.4901498374805938,0.29880359360865927,-0.013709501650298647,1.0738795369554441,-0.23076574116373832
13822.0,-0.9331670717077791,-0.5566388957505917,-0.26050930950686235,0.14875007895945422,0.6166500395156311,0.19387358512405525
13823.0,-0.87110162674557,0.6551203441547673,0.9467507520357562,0.7659958561495082,0.7645317593062706,0.769329464727592
13824.0,-0.8042619167862679,1.254937876118928,0.9278087102412741,0.7126396416416252,0.2753818218937108,0.014384164770103123
13825.0,2.007780166501513,-0.5566388957505917,-0.9084916380106441,-0.644902679784246,-0.07757674530912831,-1.0120743560553973
13826.0,-0.121542022201968,-1.057568175439826,-1.1222111883678976,-1.164679055612675,-1.1145904545341814,-0.487976385068224
13827.0,-0.6849052918589428,-0.2012239156425293,-0.5707717742310696,-0.8256977981095772,0.5510676815341373,-0.9235322885556639
13828.0,-0.856778831754291,-1.057568175439826,-1.0506052284421608,-0.29416453597707787,-0.8075883471740417,-0.35436989659454116
13829.0,1.0481529020858187,-1.057568175439826,-1.5634773767775714,-2.383441219414615,-2.5113622892582645,-1.311316034124348
13830.0,1.8168095666177926,-1.057568175439826,-1.257124170039613,-1.5247014787009079,-1.0432983725937395,-0.7397047293201043
13831.0,-0.8854244217368491,1.7237759069352954,1.420324218897612,1.0454465284578214,0.8568496217702717,0.38947480056045647
13832.0,-0.87110162674557,-0.5566388957505917,-0.2860223532902676,-0.09718573504834867,0.20408973995326918,0.14634632456061503
13833.0,-0.2027045271525491,-0.5566388957505917,-0.18686808974251992,-0.4557783042066653,0.021258840188633787,0.33107158581027535
13834.0,1.7929382416323274,-0.5566388957505917,-0.7384716068157662,-0.5178973010822051,-0.8075883471740417,-0.6959382423575798
13835.0,-0.842456036763012,0.6551203441547673,0.1335930220993698,0.04291913334944929,0.2889249744088639,-0.7429561826699475
13836.0,0.9431190721497724,-0.5566388957505917,-0.2738161902515714,-0.37954539919033564,-0.29254282546769667,0.16908437407853152
13837.0,0.050331517693380234,-0.5566388957505917,-0.8783695019495275,-0.644902679784246,-0.7110837506520298,-0.9560844459122683
13838.0,-0.9331670717077791,1.0485519735441977,0.44463336909757856,0.2323588879600871,1.6696670323348335,-0.6403635616599991
13839.0,1.3584801268968638,-1.057568175439826,-1.3383846941711206,-1.9277610076115914,-1.3755129945354494,-0.8913252549300049
13840.0,1.0242815771003535,-1.057568175439826,-0.23884692915523204,-0.20191762957879816,-0.03660110367654417,1.1602550867109864
13841.0,0.2460763825741935,-1.057568175439826,-1.6929184856134556,-1.035643155251807,-2.5113622892582645,-1.5528346456147635
13842.0,-0.6801310268618498,1.7237759069352954,1.2671240437872437,1.1286498223339696,1.3211027551716024,0.10444525411403627
13843.0,0.8571823022020983,-1.057568175439826,-0.7483368409032692,-0.793397596124442,-0.6667842015304029,0.20961971931951504
13844.0,-0.9092957467223141,-1.057568175439826,-0.6602925604339928,-0.596440186477966,-0.5847816131886778,0.37389776483265225
13845.0,-0.6514854368792917,-1.057568175439826,-0.7636451025639586,-0.644902679784246,-1.192682094770814,0.18105669066600358
13846.0,-0.842456036763012,0.07445736048174284,0.2607434550650994,0.24268241687381845,0.5313235436848637,0.23933264483764025
13847.0,2.4756581362166274,-1.057568175439826,-0.7688289705937432,-1.0622086921321432,-0.6247574474094066,0.17138433371570477
13848.0,-0.5225802819577805,0.8006346437359392,0.8598126460903522,1.930544969112691,-1.9434376418968569,0.429072425943607
13849.0,-0.7135508818415008,0.29970536404670484,0.9604981946672814,0.8879524255707117,1.2198206403184555,1.2446780448869117
13850.0,-0.3459324770653393,-1.057568175439826,0.40332838039659824,0.43436254170306454,0.643225625568364,2.358462445186496
13851.0,-0.5034832219694085,0.8006346437359392,1.1638903945659127,1.0807305247831414,0.7867777069538352,0.995366714228237
13852.0,1.9552632515334898,-1.057568175439826,-1.130356085332619,-1.1413366894165116,-1.0432983725937395,-0.5031735988694912
13853.0,-0.6896795568560358,-1.057568175439826,0.1302271490465476,-0.2920608299201562,-0.4753737252323317,1.8488945746298935
13854.0,-0.9188442767165,2.6434901398736326,1.8475314767681976,1.3214537838345026,0.30224790327738865,0.15213585631422027
13855.0,1.430094101853259,0.07445736048174284,0.2621402326011265,0.10889499293360552,0.3409641798752045,0.2419328776753667
13856.0,-0.15496187718161905,1.1560496238440017,0.16356636080053544,0.5377860698401894,-0.18999139653830796,-1.287852237773886
13857.0,0.9144734821672145,0.4901498374805938,0.069077212122687,0.31073557893872533,0.6939227470780444,-0.6575798809235265
13858.0,-0.6896795568560358,-1.057568175439826,-1.0281858835328113,-1.2226014412855573,-1.0432983725937395,-0.31253860279825596
13859.0,0.594597727361983,-0.5566388957505917,-0.4059647736126989,-0.701125605014462,-0.16624068800434505,-0.07705106344465146
13860.0,-0.9570383966932442,0.29970536404670484,0.22598127613254432,0.1269072862983992,0.2616110427421876,-0.12307961783587247
13861.0,1.0863470220625626,-0.5566388957505917,-0.8607018653586707,-0.5061575680105667,-0.5466658071727737,-0.9232404023110867
13862.0,-0.875875891742663,0.9308016202790399,0.7413651987641604,0.9031293501747574,0.8012797151341228,0.051441460314658766
13863.0,0.22220505758872847,0.07445736048174284,0.2223174903511133,0.08329358660197225,0.2753818218937108,0.16780371320014376
13864.0,0.8858278921846564,-1.057568175439826,-0.2268485471538635,-0.609925943093793,-2.5113622892582645,1.182642352913845
13865.0,-0.6849052918589428,0.07445736048174284,-0.42609835988258815,-0.5702712556617224,-0.3788691287103198,-1.0373127049368178
13866.0,-0.6085170519054547,-1.057568175439826,-1.3098387786565118,-1.40029235334365,-1.3755129945354494,-0.8380626558931542
13867.0,-0.813810446780454,-0.2012239156425293,0.07199319647080918,0.018496492922869624,0.15813328011056985,0.2719314697576958
13868.0,-0.9283928067106861,-0.5566388957505917,0.9008580878136095,0.915626043197505,-0.214451185231064,2.35912483603746
13869.0,-0.37457806704789737,1.0485519735441977,1.5596433121728988,1.4309153910561996,2.017504304570704,1.4344845104080823
13870.0,-0.9522641316961511,1.511464603952064,1.3182319716124897,1.2856689282695086,1.0790164946748164,0.44292691515173266
13871.0,-0.852004566757198,1.6569789035332354,1.5496124446529376,1.2956914442172582,1.1935293341757096,0.7065014891072817
13872.0,1.5542249917776771,-0.2012239156425293,0.008246476346840155,-0.2376653310278139,0.15813328011056985,0.15323595107829963
13873.0,-0.38890086203917634,0.8006346437359392,0.09572570208183923,-0.020622368520814997,0.21885305959242807,-0.9907260885709048
13874.0,0.7473742072689592,0.6551203441547673,0.582807476151999,0.3762112775744356,0.07530097820695623,0.09181847941620234
13875.0,-0.7040023518473147,1.4317308999682739,1.1955623063358032,1.2095937571579503,1.0790164946748164,0.3067523001824827
13876.0,-0.6562597018763847,-1.057568175439826,-1.432063885249475,-1.6958135609136948,-1.3755129945354494,-1.0661172383908044
13877.0,-0.5512258719403386,-0.2012239156425293,-0.5042857701210084,-0.012335608607309917,-0.4753737252323317,-0.8000530600215213
13878.0,-0.6992280868502218,0.07445736048174284,0.701201015314327,0.4224284938684444,0.643225625568364,1.0597581762263002
13879.0,2.1223625264317447,-1.057568175439826,-0.5961964999830239,-0.5702712556617224,-0.409791367250838,0.4934918540779091
13880.0,-0.861553096751384,1.6569789035332354,1.1134737276931437,1.0833279504528543,1.0206567996063762,-0.10500579695759919
13881.0,-0.9427156017019651,2.7612404931387906,2.8021467986092854,2.7022669449430476,1.1890642437119816,1.7995720690140078
13882.0,-0.9474898666990581,0.29970536404670484,0.19374770841924294,0.4405939398447174,0.20408973995326918,-0.1830261586750262
13883.0,-0.9092957467223141,1.511464603952064,1.4175384452999116,1.3109030206448087,1.2659338970370226,0.6277955308061256
13884.0,-0.9283928067106861,1.0485519735441977,0.4997323304415505,0.2850523291483125,0.7645317593062706,-0.538080755174757
13885.0,-0.05947657723975892,-0.5566388957505917,-0.41865500371644077,-0.644902679784246,-0.32031979307342545,-0.1006830903644654
13886.0,-0.6228398468967337,-1.057568175439826,-0.9429497196238434,-0.8850530556485808,-0.7579160438997158,-0.15350010149675591
13887.0,0.012137397716636182,-1.057568175439826,-0.6845846816287764,-0.784453137307648,-0.6247574474094066,0.32857213811417535
13888.0,-0.38890086203917634,0.6551203441547673,0.5659643459925435,0.3215607742140928,0.8767536468426793,0.060484392957438356
13889.0,-0.5178060169606875,0.4901498374805938,0.5622423724854438,0.458270906713182,0.24760485428798198,0.2592873949713094
13890.0,-0.9570383966932442,1.4317308999682739,0.8386564343946161,0.6894564360975154,0.7020754717798163,-0.3568620990713409
13891.0,0.8428595072108194,-0.2012239156425293,-0.04041834430341452,-0.015086271958306217,0.6773698189974897,0.06263800767847104
13892.0,-0.832907506768826,0.4901498374805938,0.23839056498714667,1.2208353931809395,-0.18999139653830796,-0.343063351526305
13893.0,0.4609183074433788,-1.057568175439826,-0.07293583259609841,-0.6167740006598021,-0.5466658071727737,1.4698214836013201
13894.0,-0.8472303017601049,-0.2012239156425293,-0.34127322164809193,-0.20928361792087674,-0.409791367250838,-0.49709758700358286
13895.0,-0.828133241771733,0.4901498374805938,1.0641408775389474,0.946983764642544,1.0530034504034316,1.1940707594101718
13896.0,2.026877226489885,-1.057568175439826,-0.6088863273491429,-0.7756287419706503,-0.5466658071727737,0.46981444963444147
13897.0,-0.7230994118356868,-0.2012239156425293,0.17520506851842926,0.3418903960530085,0.2616110427421876,0.46415416511454816
13898.0,0.594597727361983,-0.5566388957505917,-0.2013464639334767,0.0725259787644493,0.021258840188633787,0.30409585846910947
13899.0,-0.8854244217368491,-0.5566388957505917,-0.608941592904406,-0.745644046063802,-0.6247574474094066,-0.4549318272089231
13900.0,-0.08812216722231696,0.4901498374805938,0.41008817661446345,0.43017521810831033,0.521270140592798,-0.023819126416581387
13901.0,-0.6180655818996407,1.511464603952064,1.313728722218411,1.265350078806532,1.5404542627791502,0.4345450996778781
13902.0,2.055522816472443,0.29970536404670484,2.600165865221531,4.019157431433559,0.2616110427421876,4.3026782571635875
13903.0,0.9478933371468654,-1.057568175439826,-1.2190559034599933,-1.0164005840055443,-1.1145904545341814,-0.6686747839739634
13904.0,-0.7851648567978959,-0.5566388957505917,-0.7200631695499757,-0.2513414648567622,-0.44192654764477163,-0.6616946930465283
13905.0,2.5377235811788363,-1.057568175439826,-0.7643997082089035,-0.8400418052944546,-0.9777160146122458,0.17964870436838162
13906.0,0.9908617221207026,-1.057568175439826,-2.1903178538931356,-1.035643155251807,-2.5113622892582645,-2.480910786676179
13907.0,2.3419787162980232,-1.057568175439826,-1.354603688771657,-1.286124655672843,-1.760606742132222,-0.9215875811022773
13908.0,-0.5798714619228966,0.07445736048174284,0.6870088406945718,0.728839416119736,0.7338985812987724,1.0333107476838561
13909.0,1.0577014320800047,-0.5566388957505917,-0.8360385580074696,-0.3155803574067836,-0.143159103290622,-0.8773865459102486
13911.0,-0.6896795568560358,1.8474233769671247,1.1035695508069463,1.4585887754327322,1.1709564996008697,-0.34007376880575063
13912.0,1.0624756970770977,-1.057568175439826,-1.4191287054153894,-1.8336854280403143,-1.3755129945354494,-1.0419820413038565
13913.0,1.458739691835817,-1.057568175439826,-2.186655794624974,-2.493263841242748,-1.9434376418968569,-2.4740779074031543
13914.0,-0.9045214817252211,-0.5566388957505917,-0.2668287689536399,-0.16281700762011428,-0.32031979307342545,0.1821010569921847
13915.0,0.9192477471643075,-1.057568175439826,-1.8224178117055028,-1.9535450018021403,-2.179147667316555,-1.794461882185725
13916.0,1.2534462969608178,0.07445736048174284,0.24299138383365082,0.2121884829767844,0.43606699321124226,0.20628650959622274
13917.0,-0.7230994118356868,-0.5566388957505917,-0.8639010909550799,-0.4974883314143884,-0.7579160438997158,-0.9291879658225048
13918.0,-0.7230994118356868,-0.5566388957505917,0.2066983465079692,0.5582677133508609,-0.26567674408401915,1.0646053597257543
13919.0,-0.6801310268618498,0.07445736048174284,0.28917185537922674,0.5542221154648898,0.3534734621303434,0.2922570359481668
13920.0,1.1006698170538416,0.07445736048174284,0.4796678097158567,0.8480319095789665,0.5313235436848637,0.6470088353299642
13921.0,0.9574418671410515,0.07445736048174284,-0.15652958353905366,-0.551306260279225,-0.12070997099915268,-0.5368263438407196
13922.0,0.7187286172864011,-0.2012239156425293,-0.03543874513016389,-0.027608699751634977,-0.26567674408401915,0.07190775046085048
13923.0,-0.7040023518473147,-1.057568175439826,-0.6813575997084226,-0.6342128900791293,-0.5847816131886778,0.33459341181600893
13924.0,-0.9522641316961511,0.4901498374805938,0.5051428829969467,0.7706004489311048,0.6166500395156311,0.15302549525255596
13925.0,-0.5178060169606875,0.07445736048174284,-0.2099053099975403,-0.25331863200662824,-0.32031979307342545,-0.6359957204722062
13926.0,-0.852004566757198,-1.057568175439826,-1.003247243217822,-1.0101095543538685,-1.0432983725937395,-0.2660066637913698
13927.0,-0.6037427869083617,-0.5566388957505917,-0.17888155338458725,-0.03325171793457919,-0.09885955416899503,0.3459522236515548
13928.0,-0.9092957467223141,0.07445736048174284,-0.48096039105819177,-0.8697043215419273,-0.4753737252323317,-1.1390463071333423
13929.0,-0.15496187718161905,1.1560496238440017,0.965608151347375,0.7668354572620967,-0.07757674530912831,0.20080560910833334
13930.0,-0.6849052918589428,-0.5566388957505917,-0.7100249114831626,-0.37715046910341965,-0.8075883471740417,-0.6430203199523804
13931.0,-0.5034832219694085,1.1560496238440017,1.2587179735004157,1.2930588016414786,1.2860661647241316,0.746425102817867
13932.0,0.4465955124520998,-1.057568175439826,-0.7765127742493683,-1.2490778079274656,-0.7579160438997158,0.15704745413732876
13933.0,-0.4414177770071994,-0.5566388957505917,-0.2873156576383674,-0.5670721856905674,-0.4753737252323317,0.14393715073219035
13934.0,0.2985932975422166,-1.057568175439826,0.010215937272666651,-0.14578477046336633,-0.2396636998126339,1.624970803491164
13935.0,1.8884235415741877,-0.2012239156425293,1.3673613555867083,1.005539951726499,0.37793325082309986,2.6866819680692124
13936.0,-0.10244496221359597,-0.2012239156425293,0.02373844194670392,0.20037844833236992,0.233355067772715,0.18207975153432762
13937.0,-0.15496187718161905,-0.5566388957505917,-0.023175505699834495,0.12245026867198418,0.20408973995326918,0.6361097010425535
13938.0,-0.7947133867920819,-1.057568175439826,-1.8138737232607904,-1.267340303990541,-1.3755129945354494,-1.778519834128685
13939.0,-0.852004566757198,0.6551203441547673,0.38764191075465176,0.7842238251079141,0.6256046868143018,-0.27111196947241484
13940.0,-0.880650156739756,0.07445736048174284,-0.05735934189791359,0.03785238316843076,-0.05683280004799887,-0.35249470977257014
13941.0,-0.856778831754291,1.511464603952064,1.721980568959738,1.5004398657006064,0.0024225606841520096,1.1948549735141454
13942.0,1.5924191117544213,-1.057568175439826,-0.7477777480803175,0.4722093987735749,-2.5113622892582645,0.2106629066307791
13943.0,1.7977125066294204,-1.057568175439826,-0.934258555087734,-1.0759051788219403,-0.8075883471740417,-0.1372836304708683
13944.0,2.155782381411396,-1.057568175439826,-1.0821767221051009,-0.7583275439502549,-0.143159103290622,-0.4132777920902408
13945.0,0.9240220121614005,-0.5566388957505917,-0.04465190959313761,-0.1082083958413534,0.12599809971663617,0.5960839125349171
13946.0,-0.5846457269199896,0.4901498374805938,0.5195760552035761,1.1596062664763378,0.12599809971663617,0.17988347159502086
13947.0,-0.6514854368792917,-1.057568175439826,-1.6476497022932919,-1.5671295918148718,-1.6112230199551474,-1.4683695650103594
13948.0,0.7616970022602382,0.07445736048174284,-0.36168211079403484,-0.44244300758420896,-0.4753737252323317,-0.9178035064791411
13949.0,-0.9474898666990581,0.4901498374805938,0.7042868668419793,1.0673216269535128,0.8767536468426793,0.5237200237464259
13950.0,-0.9092957467223141,0.07445736048174284,-0.1425828029893186,-0.26935375822155644,-0.18999139653830796,-0.510908881053527
13951.0,-0.121542022201968,-0.2012239156425293,-0.2139311023344447,-0.038943594025597925,-0.07757674530912831,-0.26026272087841
13952.0,0.07897710767593827,1.4317308999682739,1.8984803197502507,1.6437462142425032,1.4078100591522456,1.61604360184986
13953.0,-0.9283928067106861,1.254937876118928,1.4263066489847191,1.5585460399464444,-1.2790083980134372,0.9422912565293348
13954.0,-0.9522641316961511,-0.5566388957505917,-0.5199968801339748,-0.7712605692098072,-0.44192654764477163,-0.28937344867392006
13955.0,-0.22657585213801415,-0.2012239156425293,-0.36783017754406117,-0.3819490858966789,0.5412550843430992,-0.546471218637797
13956.0,-0.9379413367048721,0.29970536404670484,0.08203649749794223,-0.0014466212494210415,0.8701725506387965,-0.3907093042368976
13957.0,1.0338301070945395,-0.2012239156425293,-0.49076829920211296,-0.7414700156492805,-0.5466658071727737,-0.7749417852172088
13958.0,0.8524080372050054,0.8006346437359392,1.1797205607793637,1.0090321648883236,1.1430216778240823,1.024859225564849
13959.0,-0.5846457269199896,0.4901498374805938,0.11334536903777175,0.2323588879600871,0.8501060275513096,-0.5753796068866818
13960.0,-0.861553096751384,-0.5566388957505917,-0.9832004027602046,-0.807046686715895,-1.0432983725937395,-1.150900028985796
13961.0,0.9096992171701214,-1.057568175439826,-0.375333942771282,-0.5032551015661108,-0.6247574474094066,0.9055898237857716
13962.0,-0.856778831754291,-0.2012239156425293,-0.6579612271692321,-0.7291046182118397,-0.4753737252323317,-1.0853775338211096
13963.0,0.5086609574143088,1.6569789035332354,0.8220950857995226,0.9298569165289168,0.9088888272366124,-0.6461899055225431
13964.0,0.8858278921846564,-0.5566388957505917,-0.5216588493017423,-0.4974883314143884,-0.5102446079085138,-0.2924674204255977
13965.0,1.315511741923027,-0.2012239156425293,0.06591918635325103,-0.08942404415905093,-0.4753737252323317,0.260620814683457
13966.0,1.1149926120451208,-1.057568175439826,-0.6168328344712015,0.2919998979763777,-0.5466658071727737,0.4549874029289652
13967.0,-0.2647699721147582,-0.5566388957505917,-1.2154007269479272,-1.3054615668176395,-1.760606742132222,-1.5819515387226721
13968.0,1.0577014320800047,-1.057568175439826,-1.4265163316271725,-0.6742889163126701,-1.2790083980134372,-1.0557662960968397
13969.0,-0.9283928067106861,2.5133231633305324,1.9068214847298726,1.7161974773804065,1.9671190427696428,0.40690465762748346
13970.0,0.8810536271875634,-0.5566388957505917,-0.05105792685183941,-0.0248052516576016,-1.1145904545341814,0.584145223203751
13971.0,-0.87110162674557,1.4317308999682739,1.1733454958675995,1.212155920512059,1.1979702234882976,0.2654122575533039
13972.0,-0.6228398468967337,-0.5566388957505917,-1.1193915556558418,-0.6271817259242423,-0.8075883471740417,-1.4038087883962653
13973.0,0.40840139247535573,-1.057568175439826,-0.883455895341593,-0.9795269433700604,-1.0432983725937395,-0.042493127266321186
13974.0,-0.7278736768327798,-0.5566388957505917,-0.21046544856959887,-0.2055903071855897,0.021258840188633787,0.2871060100845929
13975.0,-0.813810446780454,1.254937876118928,1.2585842233283966,1.3637352586739053,1.8984996707171427,0.6299279690737637
13976.0,0.026460192707915203,0.07445736048174284,0.1944877179507261,-0.049024521181340666,0.12599809971663617,0.11600505929407155
13977.0,1.0004102521148885,-1.057568175439826,-0.4005015409496521,-0.31124101767951007,-0.9169962351303879,0.8586306821247139
13978.0,-0.8901986867339421,-0.5566388957505917,-1.0952628419287076,-0.28578980384625685,-0.8604674728291044,-1.3590183612365423
13979.0,-0.6132913169025477,0.6551203441547673,0.9417759632531901,1.0107713393994755,1.7365892795312785,0.7600636066513307
13980.0,-0.6753567618647568,0.29970536404670484,-0.1200856818789022,-0.03325171793457919,0.24760485428798198,-0.766140364426309
13981.0,1.0242815771003535,-1.057568175439826,-0.7232966557592286,-0.4804854634606252,-0.5102446079085138,0.25634112646629187
13982.0,-0.7756163268037098,0.9308016202790399,1.0543689405160221,1.0683832462101346,0.8701725506387965,0.6339847283317882
13983.0,-0.818584711777547,1.9048962333414947,1.4384352657938477,1.3706367971200704,1.4078100591522456,0.2173774421111191
13984.0,-0.832907506768826,1.254937876118928,0.5262611801429965,0.6450431954103398,0.189055518651088,-0.7315301787616214
13985.0,-0.9427156017019651,1.9598138796697315,1.7215281804004554,1.5215393073818086,1.0261373690197537,0.6821454948870617
13986.0,-0.880650156739756,-1.057568175439826,-0.7467501540408171,-0.08175292349225614,-0.9777160146122458,0.21258025026162372
13987.0,0.8524080372050054,-0.5566388957505917,-0.20538737942668567,0.0066033680912695215,0.07530097820695623,0.29656707107251645
13988.0,-0.866327361748477,0.8006346437359392,1.1870822280380489,1.2733590059244426,1.33620626251436,1.0385747658225735
13989.0,-0.6467111718821987,0.29970536404670484,0.5746796340307768,0.9922764033422745,0.30224790327738865,0.5258928421084373
13990.0,0.05510578269047324,-1.057568175439826,-0.7674950211402388,-0.6167740006598021,-0.7579160438997158,0.17387329276979674
13991.0,-0.9045214817252211,0.4901498374805938,-0.045718417006395694,0.4689174160218383,0.2616110427421876,-0.8706193212136777
13992.0,-0.818584711777547,-0.2012239156425293,-1.0172660605319561,-0.7540724638409552,-1.1145904545341814,-1.7510399037765845
13993.0,-0.7565192668153379,1.7871458800763362,1.440749544904396,0.9704818908987571,0.7794292983039648,0.35529360734904725
13994.0,-0.9427156017019651,0.4901498374805938,0.6575297214747445,0.4259610525123972,0.8635381656265729,0.4366630943635675
13995.0,-0.8901986867339421,1.4317308999682739,1.0448207044922333,1.0360429782320544,1.009584440939199,0.026332436979654223
13996.0,0.8810536271875634,-0.5566388957505917,-0.010557955430707741,0.15089496693650725,-0.29254282546769667,0.6596257914575158
13997.0,1.5160308718009332,-0.2012239156425293,-0.6315104116479701,-0.8024654306724417,-0.12070997099915268,-1.0362890439575947
13998.0,1.1722837920102367,-0.2012239156425293,-0.3386391897277893,-0.5702712556617224,-0.26567674408401915,-0.49220014518375915
13999.0,-0.914070011719407,2.2880751597655706,1.683399592361896,1.5353688860007575,1.152439506483106,0.24225531314578222
14000.0,0.04555725269628723,0.29970536404670484,0.5818232424100668,0.8720594457272334,-0.32031979307342545,0.5391956742307055
14001.0,-0.7421964718240589,0.9308016202790399,1.1025286528526812,0.8506223171369314,0.2889249744088639,0.7236684275729061
14002.0,-0.3220611520798743,-0.5566388957505917,-0.3869618571384265,0.3860178834715041,0.09255092212907612,-0.041661907766425615
14003.0,2.5377235811788363,-1.057568175439826,-1.0508780136588298,-0.7756287419706503,-0.7579160438997158,-0.35487887482686264
14004.0,-0.7565192668153379,1.1560496238440017,1.383772876331116,1.2810796769499304,0.8961855949101813,0.9793531669447179
14005.0,-0.914070011719407,0.29970536404670484,0.8256347354793501,1.0683832462101346,0.189055518651088,0.9933607884029255
14006.0,-0.40799792202754837,0.6551203441547673,0.6326694250145375,0.984489252098023,0.21885305959242807,0.18459145822864295
14007.0,1.487385281818375,-1.057568175439826,-1.7405227659673088,-2.2070824407035254,-1.6112230199551474,-1.6416574299331543
14008.0,1.1006698170538416,-1.057568175439826,-0.4154965176215118,-0.2632946592767485,-0.214451185231064,0.8306521984908135
14009.0,-0.016508192265921855,-0.2012239156425293,0.13662386030363782,0.4392142801950146,0.42476554407078576,0.392294243003103
14010.0,1.7356470616672115,-0.5566388957505917,-0.5115351612504988,-0.6631145807357566,-0.5847816131886778,-0.2736206078370523
14011.0,1.3298345369143059,-0.5566388957505917,-0.4914405053114639,0.18327583287859556,-0.214451185231064,-0.2362095413777591
14012.0,0.3654330075015187,-1.057568175439826,-0.7283701690786565,-0.7291046182118397,-1.0432983725937395,0.2468746756354362
14013.0,-0.4366435120101064,0.29970536404670484,0.12655461919453342,0.3048319432769277,0.233355067772715,-0.30795941569595003
14014.0,-0.5941942569141756,-0.2012239156425293,0.5465769360979471,0.9288739994530146,0.47977559959369576,1.1561510126508998
14015.0,-0.7087766168444078,-1.057568175439826,0.006506055144286346,-0.16627705551152036,-0.5847816131886778,1.6180486935950293
14016.0,-0.1883817321612701,1.1560496238440017,1.8142640758191015,1.6183953385626446,1.7319862220743076,1.7816244103364531
14017.0,1.7642926516497695,-1.057568175439826,-0.9846605410777839,-1.240133349110671,-0.8604674728291044,-0.23132653370426193
14018.0,2.1175882614346517,-1.057568175439826,-0.6494317439536715,-0.5090729057452075,-0.9169962351303879,0.3941624963354176
14019.0,-0.7374222068269658,-0.2012239156425293,0.32058387173828157,0.49607085133626144,-0.09885955416899503,0.7349881714521995
14020.0,-0.880650156739756,0.07445736048174284,0.22776886437254176,0.18734018945204,0.32826094754877355,0.17795075266864913
14021.0,-0.22180158714092113,0.6551203441547673,0.45579546727288145,0.3867662131844065,0.5607641505877349,-0.1444114718283208
14022.0,0.11239696265558932,-0.5566388957505917,-0.09866140766637987,0.21994559459112442,0.057680039452894044,0.49543215051199413
14023.0,-0.9283928067106861,-0.5566388957505917,-0.3170120150371251,-0.22616519669220447,-0.26567674408401915,0.08862060878389007
14024.0,-0.37935233204499036,-0.2012239156425293,-0.24509970684689644,-0.46938971345332225,-0.18999139653830796,-0.31824341964881797
14025.0,1.2582205619579108,0.8006346437359392,1.0729245832098653,0.9007381534243528,0.2889249744088639,0.8259119869646391
14026.0,1.2868661519404687,-0.5566388957505917,-0.17399125481290428,-0.0863448461090561,0.021258840188633787,0.35506401871684445
14027.0,-0.6705824968676638,-1.057568175439826,-1.5440947254319102,-1.3459301923950664,-1.4849208824917954,-1.2751507765635355
14028.0,1.6640330867108164,-0.2012239156425293,1.7479333200550493,1.7666749146991203,-1.9434376418968569,3.3965947561833927
14029.0,-0.6610339668734777,-0.5566388957505917,-0.4762134261866574,-0.5897996493919544,-0.8075883471740417,-0.2078591266060441
14030.0,-0.875875891742663,1.8474233769671247,1.5157000199851212,1.4174874187363944,2.1509886184464784,0.4262880290692824
14031.0,-0.9283928067106861,2.789004439454805,2.696969299858165,2.1962666979828316,1.5404542627791502,1.572775071151778
14032.0,-0.9522641316961511,1.5863629060023545,1.154476337584162,1.3389049556037262,0.5110918473134085,0.05210193087618018
14033.0,1.6879044116962814,-1.057568175439826,-1.5134298205098693,0.11003533594598465,-2.5113622892582645,-1.2179344461035808
14034.0,-0.856778831754291,-0.2012239156425293,-0.24161308291702954,-0.09718573504834867,0.5412550843430992,-0.3117578850815144
14035.0,-0.82335897677464,0.9308016202790399,0.8053966229840862,0.695563159939193,0.413306027586857,0.1705584269736011
14036.0,0.3988528624811697,-1.057568175439826,-0.26660007144490505,-0.39165269501153327,-0.07757674530912831,1.1084716892217374
14037.0,-0.121542022201968,0.4901498374805938,-0.059232346636021505,0.1257958615505005,0.6689662368954782,-0.8956862096361925
14038.0,-0.5894199919170826,0.29970536404670484,0.8727528433023276,0.8238625677039734,0.6939227470780444,1.081158244926211
14039.0,-0.8042619167862679,-0.5566388957505917,-0.8765215118064098,-0.609925943093793,-1.1145904545341814,-0.9526491816635726
14040.0,-0.7660677968095239,2.5133231633305324,1.881510931657268,1.526049385155634,1.686916976256953,0.35980441282141606
14041.0,0.30814182753640257,-1.057568175439826,-1.330989868858492,-1.0759051788219403,-0.5466658071727737,-0.8775275676436218
14042.0,2.4995294612020924,-1.057568175439826,-0.5330369668016466,-0.6521270116253584,-0.5466658071727737,0.611338517271204
14043.0,1.382351451882329,-0.5566388957505917,-0.7877694066690064,-0.7626103446465929,-0.09885955416899503,-0.7876290209867526
14044.0,-0.832907506768826,1.0485519735441977,0.8745778787135452,0.9596205320389182,2.066505605232923,0.15865286098624923
14045.0,-0.4414177770071994,1.5863629060023545,1.7875479713697526,1.4547691899110395,-0.7579160438997158,1.2307404515368219
14046.0,0.3940785974840767,-1.057568175439826,-1.2656300548672774,-0.03751599828153477,-0.8604674728291044,-0.7555754948871664
14047.0,-0.9188442767165,1.4317308999682739,1.0568718886946444,0.7562625760821724,0.6256046868143018,0.0487441996086885
14048.0,0.49433816242302986,-0.2012239156425293,-0.13909976484909098,-0.027608699751634977,0.8897593496354799,-0.12102963777422505
14049.0,-0.880650156739756,1.3464940972778903,1.9095782800999181,1.8769768969778697,2.125689597812741,1.7358527484995525
14050.0,-0.8090361817833609,-0.5566388957505917,-0.14133348997868156,0.2276122421998444,0.12599809971663617,0.4159154379931358
14051.0,-0.9570383966932442,2.5801201667325926,2.27827839852934,1.6169003149911283,0.5412550843430992,1.0242939610642372
14052.0,-0.866327361748477,-0.5566388957505917,-0.47774622667110683,-0.6742889163126701,0.8155295016493898,-0.21071301728980182
14053.0,-0.3698038020508043,0.07445736048174284,-0.331595249959354,0.003930975867357463,-1.9434376418968569,-0.8619641352846412
14054.0,-0.6514854368792917,-1.057568175439826,-1.6332244049149331,-1.3459301923950664,-1.4849208824917954,-1.4414540215289233
14055.0,-0.45574057199847845,-0.2012239156425293,0.36902571195967737,0.25650368799587886,-0.18999139653830796,0.825251013716588
14056.0,-0.9570383966932442,2.0123938836412982,1.573491315784849,1.423231718013003,1.6494975936338885,0.3472171204499563
14057.0,-0.8472303017601049,1.9598138796697315,1.590360712264721,1.6958906134178198,1.4281253661235325,0.43796714256000147
14058.0,1.2486720319637248,-0.5566388957505917,-0.4738745600356432,-0.548197944409192,-0.4753737252323317,-0.20350441331357663
14059.0,0.3129160925334956,-1.057568175439826,-1.144787372106239,-0.8747808531910688,-1.2790083980134372,-0.5301003177065785
14060.0,-0.9379413367048721,2.328585137071624,1.6362757940018415,1.789114827149942,0.7020754717798163,0.10935412500466092
14061.0,1.458739691835817,-0.2012239156425293,0.006576378161569614,-0.8497813550146158,-0.7110837506520298,0.15012654977740916
14062.0,-0.914070011719407,2.0628271562006084,2.3941319904706453,2.147320054419148,0.9812306749482648,1.8190262167499645
14063.0,1.1293154070363998,0.9308016202790399,2.3085855987878605,1.3579565612329627,-0.26567674408401915,2.9719399379943727
14064.0,-0.82335897677464,1.511464603952064,0.91591142929726,1.3682883112989284,0.9213981094917513,-0.3052872616213681
14065.0,0.8953764221788424,-0.2012239156425293,-0.014361006800398063,0.11683616468348103,0.0024225606841520096,0.11114651598147764
14066.0,0.3129160925334956,-1.057568175439826,-1.2769434200911227,-1.552680491898286,-1.3755129945354494,-0.7766846176745139
14067.0,-0.6562597018763847,-0.5566388957505917,-0.6348642024981597,-0.1964467998223347,0.15813328011056985,-0.5031735988694912
14068.0,0.565952137379425,0.07445736048174284,0.3670237858848015,0.03017827756200417,0.643225625568364,0.43721496207147
14069.0,1.496933811812561,-0.5566388957505917,-0.9970191237971313,-1.3890543432466802,-0.09885955416899503,-1.176571684824793
14070.0,2.3085588613183723,-1.057568175439826,-0.7442098322057273,-1.1413366894165116,-0.03660110367654417,0.2173201277848268
14071.0,-0.9427156017019651,0.8006346437359392,0.32858962083194165,0.4682570366777099,1.5137825455459155,-0.5587184613475953
14072.0,2.222622091370698,-1.057568175439826,-0.6046619233282039,-1.3153475814112587,-0.6247574474094066,0.47769658385507224
14073.0,-0.8090361817833609,-1.057568175439826,-1.2840351323717514,-0.8646666909006259,-0.9169962351303879,-0.7899167393591213
14074.0,2.012554431498606,-1.057568175439826,-1.017591574532529,-0.4974883314143884,-1.4849208824917954,-0.2927711361683714
14075.0,-0.9379413367048721,0.4901498374805938,0.46339653071706066,0.7359131368952082,0.2753818218937108,0.07535012000913667
14076.0,-0.3459324770653393,-1.057568175439826,-1.455831602266332,-1.1888808406597104,0.021258840188633787,-1.110464401852503
14077.0,-0.7660677968095239,0.4901498374805938,-0.2799515554929946,-0.1697554106198197,0.021258840188633787,-1.3046596188805626
14078.0,-0.4748376319868505,0.9308016202790399,0.38419257840482457,0.12133127677322404,0.7569801660124958,-0.6123009215450744
14079.0,-0.36502953705371133,-0.5566388957505917,-0.2757126651080542,-0.3134071072233412,-0.9169962351303879,0.16555151612365065
14080.0,-0.8042619167862679,0.29970536404670484,0.14683014136580733,-0.39165269501153327,0.4582127216583458,-0.27026513701821714
14081.0,0.48001536743175083,1.0485519735441977,1.203446797582637,1.2725819283141075,1.9549028537289856,0.7708397167159695
14082.0,0.7807940622486103,-0.5566388957505917,-0.564579869162344,-0.44774471036475055,0.10944517163608153,-0.37236474227947225
14083.0,-0.9427156017019651,1.1560496238440017,0.12497963789807412,0.2919998979763777,1.1286887979491427,-1.3592081906072317
14084.0,1.482611016821282,-1.057568175439826,-1.2865883512809926,-0.3047852448665163,-1.3755129945354494,-0.7946806809796528
14085.0,-0.9522641316961511,2.4427071657996513,1.6997051704673154,1.6954820954107017,1.9791557639779342,0.10013445826517975
14086.0,1.2486720319637248,-1.057568175439826,-2.225371183007338,-3.613978162138445,-2.5113622892582645,-2.5463152895571968
14087.0,-0.9474898666990581,-0.2012239156425293,-0.06566675891326877,0.25467755465000186,1.157108134911449,0.01563929184511113
14088.0,-0.914070011719407,1.5863629060023545,3.052456207069716,2.263874447780399,1.902258127180756,3.589365425628583
14089.0,-0.6896795568560358,-1.057568175439826,-1.2485382260268312,-0.8497813550146158,-0.9169962351303879,-0.7236845847543568
14090.0,0.58982346236489,-1.057568175439826,-1.7692668127224338,-1.2490778079274656,-2.5113622892582645,-1.6952897135511453
14091.0,2.160556646408489,-0.5566388957505917,1.6854972247317854,1.2598239543157457,-0.9169962351303879,3.8228706142685076
14092.0,-0.9236185417135931,2.0628271562006084,1.4872565868175187,1.3149249928113291,1.1286887979491427,0.1299756444201769
14093.0,-0.9045214817252211,-1.057568175439826,-0.5299279101966751,-0.14410556755345874,0.6604755694904836,0.6171395726007738
14094.0,1.1388639370305857,-1.057568175439826,-0.7664158780155262,-0.7373223199867728,-0.016856965827270066,0.17588681962709876
14095.0,2.4899809312079064,-1.057568175439826,-3.903566257230528,-3.613978162138445,-2.5113622892582645,-5.677587477980203
14096.0,-0.9427156017019651,1.6569789035332354,3.06498621848538,2.3086195388447877,2.6733825488026937,3.53158757432276
14097.0,1.3346088019113989,-0.5566388957505917,-0.5483133755756473,-0.21299779492920515,-0.05683280004799887,-0.3420860412032007
14098.0,-0.7851648567978959,-1.057568175439826,-1.301665952117873,-1.0101095543538685,-0.5466658071727737,-0.8228133294981935
14099.0,-0.8854244217368491,1.8474233769671247,1.3230927423179037,1.325770565956071,1.5197850784170508,0.06794849395024743
14100.0,-0.30296409209150227,-1.057568175439826,-1.1130411106540552,-1.3355771031233274,-0.44192654764477163,-0.47086633049109217
14101.0,-0.6085170519054547,1.3464940972778903,1.7172961588090685,2.0200509842859367,-0.6247574474094066,1.3774604600056133
14102.0,-0.9379413367048721,0.29970536404670484,0.14050471508177484,0.2997291421194089,-0.143159103290622,-0.2820251673530426
14103.0,2.213073561376512,-1.057568175439826,-4.8893385150002535,-2.8917421141099786,-2.5113622892582645,-7.516897640597673
14104.0,-0.22180158714092113,0.29970536404670484,-0.14405594001100613,0.011915781498928746,0.8295356901035954,-0.810630365532147
14105.0,0.1792366726148914,0.29970536404670484,1.3521776509409016,1.301669616307327,1.2659338970370226,1.9748473616494413
14106.0,2.5568206411672088,-1.057568175439826,-1.032727118517639,-1.9535450018021403,-2.5113622892582645,-0.3210118983212255
14107.0,-0.7135508818415008,1.1560496238440017,1.2048795052162486,1.2932471975682005,0.7181415173627237,0.6461682102714311
14108.0,-0.813810446780454,0.07445736048174284,0.09988153995360194,0.2121884829767844,0.12599809971663617,-0.0600434816918123
14109.0,-0.6132913169025477,-1.057568175439826,-1.3170671642688165,-1.1187947925387802,-1.192682094770814,-0.8515497904835618
14110.0,-0.9427156017019651,2.4427071657996513,1.907622455122585,1.631474547211382,1.1663663359298055,0.4869729683001527
14111.0,-0.8949729517310351,0.07445736048174284,-0.19464452688233472,-0.040374296618126464,-1.1145904545341814,-0.6076451719852275
14112.0,-0.852004566757198,1.3464940972778903,1.3334572633740105,1.3025988144574971,1.2618473944394515,0.6624106881233787
14113.0,-0.9427156017019651,1.5863629060023545,1.4735455622136764,1.2837606320622241,0.47977559959369576,0.6458584903722125
14114.0,0.3463359475131466,0.6551203441547673,0.2909666545579683,0.18936298360731627,0.43606699321124226,-0.4507554741885865
14115.0,1.434868366850352,-0.5566388957505917,-0.2711649151728775,0.028890505197628424,-0.5102446079085138,0.17402334065270136
14116.0,-0.866327361748477,0.29970536404670484,0.30070415257301364,0.24454212838783287,0.30224790327738865,0.015919121295948434
14117.0,-0.2743185021089442,-1.057568175439826,-1.652365572071533,-1.2490778079274656,-1.9434376418968569,-1.4771687041019013
14118.0,1.0863470220625626,-1.057568175439826,-0.4904558596186605,-1.0554659911595055,-0.8075883471740417,0.690788778282166
14119.0,0.8333109772166333,-0.5566388957505917,-1.1456820085798178,-0.6631145807357566,-1.0432983725937395,-1.4526031515256237
14121.0,-0.9427156017019651,0.07445736048174284,0.8016393672600906,0.9539640265526069,1.0206567996063762,1.246945058017834
14122.0,0.9765389271294235,-0.2012239156425293,-0.6587111690123141,-0.9503040176316452,-0.9777160146122458,-1.0867691636107422
14123.0,2.5377235811788363,-1.057568175439826,-0.5261096777202683,-0.4804854634606252,-0.44192654764477163,0.6242638487626735
14124.0,-0.5607744019345245,-1.057568175439826,-0.5538880177327045,0.7882969953981624,-1.760606742132222,0.5724334359235931
14125.0,-0.9092957467223141,-0.2012239156425293,0.7861152300085377,0.7923450844315741,1.0790164946748164,1.60270568056298
14126.0,-0.9236185417135931,0.07445736048174284,0.1824204809027372,0.39346312252384213,-0.09885955416899503,0.09354625621577915
14127.0,-0.37457806704789737,0.4901498374805938,0.5286355989823279,0.3482653074059812,0.6689662368954782,0.1967426634748756
14128.0,-0.6705824968676638,-0.2012239156425293,0.01185432842769558,0.33706831393105546,0.1422232254034017,0.1599531305882539
14129.0,-0.9522641316961511,0.9308016202790399,0.7511898357005682,0.6997579052850695,-0.03660110367654417,0.06971604539652942
14130.0,0.561177872382332,0.07445736048174284,0.5128705104457835,0.6001194059265371,1.2198206403184555,0.7088582165854588
14131.0,2.136685321423024,-1.057568175439826,-1.2072122180567701,-1.0038781562122157,0.057680039452894044,-0.646576159516547
14132.0,-0.9522641316961511,1.1560496238440017,0.9842387806028654,1.2700500636638623,0.7020754717798163,0.23546979794637446
14133.0,-0.3411582120682463,0.07445736048174284,0.0016449151742802893,-0.1324697313736682,-0.18999139653830796,-0.24277730523978922
14134.0,0.8667308321962843,1.511464603952064,1.7964219773145598,1.6288794396826765,0.9151673412720975,1.3335680571658335
14135.0,-0.9522641316961511,2.0628271562006084,1.6315373565325892,1.8811494555805268,0.9637351616934668,0.39840943085479547
14136.0,0.9526676021439585,0.29970536404670484,0.392152988438558,0.5628609727827911,0.579819476229692,0.1860877269737221
14137.0,2.361075776286395,-1.057568175439826,-0.7199341326685256,-0.03467007356954734,-1.0432983725937395,0.2626151140369696
14138.0,-0.9522641316961511,-0.5566388957505917,0.04346703667385955,0.1368264488855615,-0.03660110367654417,0.7603205418548367
14139.0,-0.7421964718240589,0.07445736048174284,0.12802720670051718,0.5036273435188194,0.10944517163608153,-0.007674984312115955
14140.0,-0.9427156017019651,-0.5566388957505917,0.02021299328515314,0.3346439439488434,0.2889249744088639,0.7169773820760089
14141.0,-0.9474898666990581,0.07445736048174284,0.0047770685186798246,-0.20743436893273298,-0.34907158776898006,-0.23695227129951207
14142.0,0.8189881822253543,-0.5566388957505917,-0.21724278484138648,0.04039063953323784,0.0024225606841520096,0.27447916115106935
14143.0,-0.3220611520798743,-1.057568175439826,-1.4732511524000569,-1.8121291499106194,-1.3755129945354494,-1.142966793086026
14144.0,1.3584801268968638,-1.057568175439826,-2.4113681523914874,-2.383441219414615,-2.5113622892582645,-2.8933590547959542
14145.0,-0.7374222068269658,0.6551203441547673,1.5231256896284915,0.8031520277646939,-1.0432983725937395,1.8434615662464473
14146.0,-0.9188442767165,1.254937876118928,1.6794653031062876,1.6250243307082584,1.6917795547565888,1.4139908382461583
14147.0,-0.5894199919170826,0.9308016202790399,0.7508741985107629,0.4689174160218383,-0.44192654764477163,0.06912892377068817
14148.0,0.1553653476294264,-0.5566388957505917,-0.4783141936994727,-0.5120012294368813,-0.8075883471740417,-0.21177050048287327
14149.0,0.0932999026672173,-1.057568175439826,-0.5091746736842299,-0.5268417598989991,-0.32031979307342545,0.6558621462212836
14150.0,-0.7899391217949889,-0.5566388957505917,-0.23092728510192734,0.011915781498928746,-0.4753737252323317,0.24898412296039799
14151.0,2.251267681353256,-0.5566388957505917,-0.20863868508627853,-0.1210362678541802,0.03967179647401301,0.29050948152651634
14152.0,-0.6037427869083617,0.6551203441547673,0.5644398092196286,0.8742008403952101,0.7338985812987724,0.05764833141426116
14153.0,1.3441573319055848,-1.057568175439826,-0.973398463433502,-0.2920608299201562,-0.7110837506520298,-0.21031310621120136
14154.0,0.1792366726148914,0.8006346437359392,1.4065925020409709,1.2409246978546602,1.4009247911355573,1.4476311900290706
14155.0,0.30814182753640257,-1.057568175439826,-1.4553520462535239,-1.9277610076115914,-1.4849208824917954,-1.1095696188628723
14156.0,-0.914070011719407,4.33279417047448,4.192091322908893,3.8255486763796243,2.8832682967004524,2.667006648082581
14157.0,-0.866327361748477,0.29970536404670484,0.0529118882466108,0.044179742713283024,0.4690650931924128,-0.44483509626389833
14158.0,-0.7708420618066169,-1.057568175439826,-0.41744072599780835,0.3098954413396573,-0.016856965827270066,0.8270245834949738
14159.0,-0.866327361748477,1.8474233769671247,1.5473296096176885,1.7042097709923132,2.2964415259076936,0.4851588652009352
14160.0,1.9504889865363968,0.6551203441547673,1.5967630100502161,1.4835948324357313,0.521270140592798,1.980755283494941
14161.0,0.06942857768175226,0.6551203441547673,0.8555003273403162,0.7297278048789838,1.2740462610544514,0.5993885912467405
14162.0,-0.131090552196154,-0.5566388957505917,-0.8197666451665025,-0.807046686715895,-0.409791367250838,-0.8471308727885067
14163.0,-0.5464516069432456,0.29970536404670484,0.7520972111961509,0.4385233630722501,0.0024225606841520096,0.8563509583597761
14164.0,-0.6228398468967337,-0.5566388957505917,0.4194575997165592,0.49353259497145435,-0.32031979307342545,1.4613009078455663
14165.0,0.35588447750733265,-1.057568175439826,-1.4452956059771418,-1.447270018053046,-0.4753737252323317,-1.0908057384084213
14166.0,1.449191161841631,-0.5566388957505917,-0.9210175072966047,-1.164679055612675,-0.05683280004799887,-1.035354313454032
14167.0,-0.7756163268037098,0.8006346437359392,0.24213660114962723,-0.23573461721189917,0.10944517163608153,-0.7191975784338384
14168.0,1.0481529020858187,-0.5566388957505917,-0.6430280630413783,-0.784453137307648,-1.0432983725937395,-0.5183655287770025
14169.0,1.0958955520567486,-0.5566388957505917,-0.2725008556288185,-0.5670721856905674,0.1422232254034017,0.17153466076865487
14170.0,0.8285367122195403,-0.2012239156425293,-0.3342537576067696,-0.38678298695373253,0.8701725506387965,-0.4840461942081822
14171.0,-0.4939346919752225,-0.5566388957505917,-0.43006452913992776,-0.548197944409192,0.30224790327738865,-0.12192945991887322
14172.0,1.9266176615509316,-0.2012239156425293,-0.6457959780833189,-1.197150227452304,-0.07757674530912831,-1.0628019810759406
14173.0,-0.9092957467223141,0.4901498374805938,-0.31464874191598297,-0.6031484853164844,-0.26567674408401915,-1.3688657221974456
14174.0,-0.8042619167862679,-1.057568175439826,-1.366893923381867,-1.0759051788219403,-0.3788691287103198,-0.9445194025664524
14175.0,-0.6753567618647568,0.8006346437359392,1.530529501191492,1.195976082142623,1.4043746575895693,1.6786500752384594
14176.0,0.4561440424462858,0.29970536404670484,-0.13170067753075007,-0.39902556759911106,-0.18999139653830796,-0.7876993540668908
14177.0,-0.5512258719403386,1.3464940972778903,0.636908244849746,0.49985995451630605,0.9812306749482648,-0.6327524321423393
14178.0,-0.9188442767165,0.6551203441547673,0.40547371399605237,0.7359131368952082,1.2284002168518913,-0.23796612792383737
14179.0,-0.7660677968095239,-0.5566388957505917,-0.18568230207077935,-0.2775204170536632,0.9458578981845076,0.3332809488653611
14180.0,-0.9092957467223141,2.4427071657996513,1.36742938290997,0.3631624791968552,0.8832823034758474,-0.51726027245335
14181.0,1.0004102521148885,-0.5566388957505917,-0.7743056796017961,-0.916869308544028,0.10944517163608153,-0.7625893372862604
14182.0,1.1579609970189577,0.07445736048174284,-0.20935616468514068,-0.6742889163126701,0.0024225606841520096,-0.6349755975820753
14183.0,1.0004102521148885,-0.5566388957505917,-0.8475317498153135,-1.3671387278127125,-0.34907158776898006,-0.8987553114192143
14184.0,-0.6419369068851057,-1.057568175439826,-0.49919276117414824,-0.8798968913203039,-0.44192654764477163,0.6744869685141022
14185.0,0.618469052347448,-1.057568175439826,-1.0921494669628131,-2.7904022884519986,-1.9434376418968569,-0.4318855088538282
14186.0,1.0767984920683766,0.29970536404670484,0.3828803398564996,0.7600884311968973,0.4690650931924128,0.1688304916301513
14187.0,1.301188946931748,-1.057568175439826,-1.4274379507642359,-1.4848463926750592,-1.2790083980134372,-1.0574859057039294
14188.0,-0.813810446780454,0.4901498374805938,0.5846287724553377,0.570822753613012,-0.16624068800434505,0.30095425913759355
14189.0,-0.9522641316961511,1.5863629060023545,1.2914972803643312,1.444523669580357,1.2618473944394515,0.30699803913222595
14190.0,2.217847826373605,-1.057568175439826,-1.7367875963887718,-3.347422325913002,-2.5113622892582645,-1.6346881372686943
14191.0,-0.9522641316961511,1.511464603952064,1.1960524209861048,1.3360872386437774,1.0151393237236626,0.21556472637879961
14192.0,0.8906021571817494,-1.057568175439826,-0.8090227468595111,-0.5268417598989991,-0.8604674728291044,0.0963884910381464
14193.0,-0.6371626418880127,-0.2012239156425293,0.2051300120113808,0.19238555252627512,0.12599809971663617,0.519895842669423
14194.0,-0.9379413367048721,2.547173051100936,2.168040856488865,1.987782631867637,1.8947238941164972,0.8555871808909622
14195.0,0.00258886772245017,0.4901498374805938,0.7578741112645164,0.9732460473822359,-1.1145904545341814,0.6235081810364856
14196.0,-0.45096630700138546,-1.057568175439826,-0.7138954243653276,-0.807046686715895,-1.4849208824917954,0.2738824807777254
14197.0,1.0004102521148885,-1.057568175439826,-0.6061284623022135,-0.8024654306724417,-0.5847816131886778,0.47496023170323415
14198.0,-0.875875891742663,0.9308016202790399,0.39165975476094267,0.16151567582594573,0.2616110427421876,-0.5984392062685473
14199.0,0.07897710767593827,0.07445736048174284,0.13125236090223846,-0.42678970660539517,-0.8075883471740417,-0.001673820689961571
14200.0,1.9839088415160477,-1.057568175439826,-0.6263201666277095,-0.816306101501823,-0.5466658071727737,0.43728539689861395
14201.0,-0.6753567618647568,1.0485519735441977,0.19519692929059426,0.33058335301693326,0.09255092212907612,-1.1028332384857085
14202.0,0.8571823022020983,-0.2012239156425293,-0.05003418611384223,-0.7050504380559981,-0.34907158776898006,0.04473811857219942
14203.0,0.9335705421555864,-1.057568175439826,-0.7057955387053149,-1.180714181827603,-0.7579160438997158,0.28899570991668255
14204.0,-0.9522641316961511,0.07445736048174284,0.08593644507365432,-0.0248052516576016,1.2067804381857754,-0.0859878949863896
14205.0,-0.880650156739756,0.9308016202790399,0.7003992490248465,0.6654257057856391,0.5110918473134085,-0.02474984383049746
14206.0,0.1792366726148914,-0.2012239156425293,0.19005432217721907,0.4245503060873351,0.3153576561144396,0.4918136216228296
14207.0,2.3228816563096513,-1.057568175439826,-1.2528183568879674,-1.6958135609136948,-2.179147667316555,-0.7316706972952308
14208.0,-0.5082574869665015,-0.5566388957505917,-0.33819691199301344,0.05417852985744867,-0.16624068800434505,0.04916106800368331
14209.0,-0.9092957467223141,1.511464603952064,1.2217390240549952,0.8356805925575044,0.9337192750953127,0.26335586173514663
14210.0,-0.45574057199847845,1.5863629060023545,1.2984282558485563,1.0770768011482925,0.9926901914321936,0.31989527037290266
14211.0,-0.7087766168444078,1.7237759069352954,1.1313655603109152,1.0936162290002542,1.0582725494136873,-0.14797279639930638
14212.0,-0.5321288119519666,-0.5566388957505917,0.6305340385482148,0.9425028777013789,-0.6667842015304029,1.8549305201961785
14213.0,0.9717646621323305,-1.057568175439826,0.19439149971486774,-0.45308951689286464,-1.6112230199551474,1.9686160836618116
14214.0,-0.813810446780454,0.29970536404670484,0.07148660885225161,0.2841786976818049,0.3409641798752045,-0.41031645057353344
14215.0,-0.9045214817252211,0.9308016202790399,0.9137275363320619,0.984489252098023,1.1189923288955452,0.37215300462534895
14216.0,-0.9474898666990581,0.29970536404670484,0.6172796816477094,0.24916852032953965,0.3534734621303434,0.6052264504047609
14217.0,-0.9522641316961511,2.0123938836412982,0.9243006437012276,0.6081792647288746,0.8635381656265729,-0.8587899993053183
14218.0,-0.7565192668153379,-1.057568175439826,-1.2018888468175775,-0.7291046182118397,-0.9777160146122458,-0.6366435095130005
14219.0,-0.9427156017019651,-0.2012239156425293,-0.25843773703488365,-0.1928247103190982,-0.05683280004799887,-0.3430528390182374
14220.0,0.21743079259163547,0.07445736048174284,0.3662100887950127,-0.026205481328169595,-0.3788691287103198,0.43569971639003846
14221.0,-0.7612935318124309,1.6569789035332354,1.4128716881332166,1.3507473196827946,1.1141007199045665,0.45193170379753594
14222.0,-0.11676775720487499,-1.057568175439826,-0.20472629592037578,0.14443919412351353,-0.016856965827270066,1.223919312366721
14223.0,-0.5225802819577805,-0.2012239156425293,0.06196647510298692,0.12021037695896361,0.1422232254034017,0.2532604171239881
14224.0,-0.4366435120101064,0.9308016202790399,0.5062575009986778,0.3466773656150786,1.2198206403184555,-0.3856179921002499
14225.0,1.1149926120451208,0.07445736048174284,0.5764510263199689,0.5736430392846288,0.413306027586857,0.8273075227049133
14226.0,-0.82335897677464,0.4901498374805938,0.8526702624417892,0.8261665685966045,0.6075964438354208,0.800068203752199
14227.0,-0.837681771765919,1.511464603952064,1.3963032586330673,1.3909170592118862,1.4347867204770244,0.5882593306198015
14228.0,1.1293154070363998,-0.2012239156425293,-0.14215971504108482,-0.4115004690897406,-0.07757674530912831,-0.12672384429090364
14229.0,-0.7135508818415008,0.6551203441547673,0.7519368441326683,0.4273687780648592,-0.016856965827270066,0.4065690712792561
14230.0,1.1197668770422138,-0.2012239156425293,0.05372447204279195,-0.44774471036475055,-0.34907158776898006,0.23791313362705174
14231.0,-0.08334790222522395,0.07445736048174284,0.22004057509559682,0.1476750049965644,0.36579462773390486,0.1635655799919604
14232.0,-0.7565192668153379,0.29970536404670484,0.582429353841878,0.9078858082081378,0.5313235436848637,0.5403243872497426
14233.0,-0.7278736768327798,0.6551203441547673,0.8329708957991576,0.6245295940762203,0.0024225606841520096,0.5574371841664185
14234.0,-0.856778831754291,0.07445736048174284,-0.13392095685239455,0.4392142801950146,0.8635381656265729,-0.4948114546223963
14235.0,-0.6037427869083617,0.9308016202790399,1.1810538925462883,1.1970672153089579,0.7569801660124958,0.8699232864853739
14236.0,-0.5750971969258036,0.29970536404670484,0.3850553144364674,0.3039842222287092,-0.05683280004799887,0.17287826429097533
14237.0,0.8189881822253543,-0.5566388957505917,-0.4709046590005836,-0.46938971345332225,-0.3788691287103198,-0.19797473859972034
14238.0,0.594597727361983,-0.2012239156425293,-0.5293176046220132,-0.6202249670189166,-0.9169962351303879,-0.8465489087160868
14239.0,-0.7565192668153379,1.9048962333414947,1.1083275596322304,0.8318914893774593,0.6773698189974897,-0.396249605516695
14240.0,-0.818584711777547,-0.2012239156425293,0.22689574414076977,0.19439290548070715,0.07530097820695623,0.5604416416138764
14241.0,-0.08334790222522395,-0.5566388957505917,-0.7177869269911817,-0.45847813379913716,-0.9777160146122458,-0.6574602213456036
14242.0,0.16013961262651938,-0.5566388957505917,-0.8418768282181393,-0.9007687263045723,-0.9169962351303879,-0.8882415258670823
14243.0,-0.9188442767165,1.6569789035332354,1.4860944642947658,1.319465745645983,1.3974603374650032,0.588236875720818
14244.0,2.19397650138814,-1.057568175439826,-0.650856067842384,0.33706831393105546,-0.7579160438997158,0.3915049115000573
14245.0,0.0885256376701243,-0.5566388957505917,0.4460662207366041,0.45625534790859995,0.7569801660124958,1.5109189598374928
14246.0,-0.43186924701301344,-0.2012239156425293,0.3465647464786958,0.32895206785782466,0.24760485428798198,0.7833979305947911
14247.0,0.3654330075015187,0.29970536404670484,-0.1344533260372917,-0.16627705551152036,0.5412550843430992,-0.7928083712711655
14248.0,0.556403607385239,-0.2012239156425293,0.09159424005442855,0.23046434030365395,-0.016856965827270066,0.30843263762012446
14249.0,1.0004102521148885,1.254937876118928,1.2779828880488535,1.0426947137165439,1.1709564996008697,0.6660485429919443
14250.0,-0.9283928067106861,-0.2012239156425293,0.5301325817826655,0.591959504950134,0.6518959929570478,1.1255000102381172
14251.0,-0.9522641316961511,0.29970536404670484,0.8268763498818071,0.8106518053216892,-0.09885955416899503,0.9956742483081146
14252.0,0.8571823022020983,-1.057568175439826,-0.6816429584131832,-0.967681441239905,-1.1145904545341814,0.3340609732517049
14253.0,1.391899981876515,-0.5566388957505917,-0.656778701877804,-1.1187947925387802,-1.0432983725937395,-0.5439527070308644
14254.0,1.1054440820509346,-1.057568175439826,-0.29650616115799594,-0.40398715780521155,-0.4753737252323317,1.0526711995042763
14255.0,1.6449360267224442,-1.057568175439826,0.06880502117819244,-3.613978162138445,-2.5113622892582645,1.7342896614692658
14256.0,0.27949623755384456,0.29970536404670484,0.7141100813943796,0.5622885673641297,0.7020754717798163,0.7855843960852433
14257.0,-0.6562597018763847,0.9308016202790399,1.3480469809328235,1.2629874254753797,1.1189923288955452,1.1810379760767549
14258.0,-0.9188442767165,2.111282135916225,2.5558058924717924,2.353673058049568,0.6773698189974897,2.0658279369016617
14259.0,-0.28386703210313025,-1.057568175439826,-1.4479003115663662,-1.286124655672843,-1.6112230199551474,-1.0956657468161708
14260.0,1.2868661519404687,-0.2012239156425293,-0.07016542522369354,0.0725259787644493,0.1422232254034017,0.007265652753022215
14261.0,-0.7183251468385938,-0.5566388957505917,0.17688941393838498,-0.11941902821497494,0.17374026765232672,1.009032897914621
14262.0,-0.9236185417135931,0.8006346437359392,0.7585950195414765,0.7991701404743216,0.5891834875500419,0.24068437644087726
14263.0,1.0577014320800047,-1.057568175439826,-0.7412574448551319,-0.685656477613488,-0.7579160438997158,0.2228288606743275
14264.0,-0.22180158714092113,0.4901498374805938,0.3673263215176285,0.08329358660197225,0.2753818218937108,-0.10335238310933459
14265.0,-0.4414177770071994,0.07445736048174284,0.29581798226209405,0.25192880814316426,0.4582127216583458,0.30463062380523187
14266.0,1.0815727570654696,-1.057568175439826,-2.2147605590215806,-1.9535450018021403,-2.5113622892582645,-2.5265173814958852
14267.0,-0.18360746716417709,-0.2012239156425293,0.3667968004274565,0.055417752810252185,-0.409791367250838,0.8210976497168322
14268.0,1.2868661519404687,-1.057568175439826,-0.6738164821449059,-0.784453137307648,-0.6247574474094066,0.3486640595368635
14269.0,1.1340896720334928,-1.057568175439826,-0.8041940298113417,-0.9007687263045723,-0.7579160438997158,0.10539818700909646
14270.0,0.623243317344541,-1.057568175439826,-0.4389349050047382,-0.5931115333827922,-0.29254282546769667,0.7869195170630877
14271.0,0.11717122765268233,-0.5566388957505917,-1.03479175994012,-0.7800261334955506,-0.07757674530912831,-1.2467324032290068
14272.0,-0.6085170519054547,0.07445736048174284,0.009212421136500254,0.5330135800472435,0.3153576561144396,-0.22870346574071437
14273.0,-0.7183251468385938,0.07445736048174284,-0.34719700669548165,-0.40150168194557495,-0.5102446079085138,-0.8909215941736621
14274.0,2.3133331263154653,-1.057568175439826,-0.9056725536639715,-0.659431615462883,-0.8075883471740417,-0.08394623685595665
14275.0,0.9287962771584934,0.4901498374805938,0.19269353233665057,0.06524832973619131,-0.8604674728291044,-0.4279819176157194
14276.0,-0.4891604269781295,0.6551203441547673,0.6013036684483354,0.696030566700297,0.4690650931924128,0.12623030774189634
14277.0,-0.8901986867339421,0.9308016202790399,2.1090727603202195,3.4283500258141424,1.6844748222213555,2.5998286024182433
14278.0,0.9956359871177956,-1.057568175439826,-1.063192534321416,-0.8596673696082351,-0.9169962351303879,-0.3778560105942081
14279.0,1.5255794017951192,-0.5566388957505917,-1.113375905528982,-1.5385421495302896,-1.9434376418968569,-1.3926425862446787
14280.0,-0.021282457263014865,-1.057568175439826,-1.3691223181694574,-1.4595583680152389,-1.2790083980134372,-0.9486772687945119
14281.0,0.9860874571236096,-1.057568175439826,-0.938299392546156,-1.552680491898286,-1.3755129945354494,-0.1448232557181607
14282.0,-0.9474898666990581,2.111282135916225,1.4893684155114044,1.5512076959002126,0.7020754717798163,0.07942974997436195
14283.0,1.2486720319637248,0.07445736048174284,-0.26455646757304746,0.07972394390319104,-0.12070997099915268,-0.7375011459639292
14284.0,-0.813810446780454,-0.2012239156425293,0.25626644302657353,0.03017827756200417,0.2753818218937108,0.615157287182669
14285.0,-0.861553096751384,0.8006346437359392,0.9212123126661739,0.4412826854098622,0.10944517163608153,0.5433811577336151
14286.0,-0.8472303017601049,0.6551203441547673,1.6017122195735716,1.9009517003490133,1.5107647076135646,1.9899832500036938
14287.0,-0.9236185417135931,-0.2012239156425293,-1.1724066127603856,-0.4089864790976022,-1.192682094770814,-2.037608490273306
14288.0,0.05510578269047324,-1.057568175439826,-0.5420093218052198,-0.6236941443665998,-0.7579160438997158,0.5945973850161522
14289.0,-0.9188442767165,0.4901498374805938,0.001739314946653929,-0.3354698348440594,-0.18999139653830796,-0.7825688850632503
14290.0,-0.9092957467223141,0.8006346437359392,1.1497503856747882,0.7809470204081823,0.8501060275513096,0.9690238971969543
14291.0,-0.9522641316961511,2.0123938836412982,1.551271027103596,1.6653809253724678,1.4180306749127174,0.30587054190089985
14292.0,-0.9236185417135931,1.5863629060023545,1.6622492979860317,1.281846780399628,0.8501060275513096,0.9972992340717856
14293.0,-0.9474898666990581,0.9308016202790399,0.8326596109333411,0.7634705998493511,0.5984416885683977,0.2212848363814067
14294.0,0.9813131921265165,-1.057568175439826,-0.6336428278475456,-0.6167740006598021,-0.4753737252323317,0.42362235749687455
14295.0,-0.7708420618066169,0.29970536404670484,0.6849960080078087,0.49098450037909697,0.36579462773390486,0.7313516268719311
14296.0,1.0481529020858187,-0.5566388957505917,-0.49366483259237415,-0.287873506325402,-0.34907158776898006,-0.24035077837411728
14297.0,-0.875875891742663,0.07445736048174284,0.2593933941107192,0.3769708473663867,0.10944517163608153,0.23681939031366925
14298.0,-0.9236185417135931,3.5453159877782396,3.306149150904941,3.5008183927733203,2.8390631146474408,1.8756075614242858
14299.0,-0.9236185417135931,2.202838357075187,1.9650550129458846,1.849755748995573,1.1042290092563862,0.8619952331666795
14300.0,-0.87110162674557,-1.057568175439826,-2.1705662693230656,-1.771027793214282,-1.9434376418968569,-2.444057152440497
14301.0,-0.4032236570304554,0.07445736048174284,0.562584478233546,0.8153448002551564,-0.09885955416899503,0.8014730365931116
14302.0,1.0958955520567486,-0.2012239156425293,-0.14466340593984503,-0.32214354917445553,-0.409791367250838,-0.131382869602576
14303.0,0.9813131921265165,-0.5566388957505917,-0.8485600448998614,-0.5268417598989991,-0.5466658071727737,-0.9006671141946244
14304.0,0.10284843266140331,-0.2012239156425293,0.45930886056811443,0.3048319432769277,0.4016839593570631,0.9934987169834855
14305.0,-0.6228398468967337,-0.2012239156425293,0.5129438185431401,0.5282061905674729,0.6689662368954782,1.093462274966286
14306.0,-0.7183251468385938,0.4901498374805938,0.8915537777650037,0.9485767084357364,0.021258840188633787,0.8725012316972893
14307.0,-0.5369030769490596,1.0485519735441977,1.1124805711686232,1.152411266136777,1.2860661647241316,0.6014435949398788
14308.0,1.6592588217137234,-0.5566388957505917,0.16669227050662153,-3.347422325913002,-2.5113622892582645,0.9900229273012626
14309.0,-0.9236185417135931,1.1560496238440017,1.0221839220844493,1.0956547037554094,0.8832823034758474,0.30607827955850037
14310.0,1.1054440820509346,-1.057568175439826,-0.4397348596476563,-0.49177170772481255,-0.5102446079085138,0.7854269160157816
14311.0,0.19833373260326345,-0.5566388957505917,-0.4051460994220274,-0.47769391964063307,-0.2396636998126339,-0.07552648241261452
14312.0,-0.7374222068269658,1.1560496238440017,0.8775064219260295,0.89523967844955,1.0206567996063762,0.03691927279184407
14314.0,-0.45096630700138546,-0.5566388957505917,-0.9845050659169639,-0.2513414648567622,-1.1145904545341814,-1.1533238517046789
14315.0,-0.7469707368211519,0.8006346437359392,0.9020435359548291,0.6664039910581311,0.5510676815341373,0.5076920245641228
14316.0,1.0529271670829117,0.29970536404670484,0.29424463375794957,1.4596133449538404,-0.5466658071727737,0.0039014786984484504
14317.0,-0.6514854368792917,-1.057568175439826,-0.41614400197704804,-0.4242166795172803,-0.44192654764477163,0.8294440852112128
14318.0,1.2343492369724458,-1.057568175439826,-1.2518248948173225,-0.7626103446465929,-1.192682094770814,-0.7298170390406904
14319.0,1.0624756970770977,-1.057568175439826,-0.43574397438191226,-0.25729089534159444,-0.3788691287103198,0.7928733376098838
14320.0,0.026460192707915203,0.29970536404670484,0.28179303783283893,0.2500899046174339,0.38989466139460405,-0.019263262112857678
14321.0,-0.9092957467223141,0.6551203441547673,0.6396200377663999,1.2516473857378347,1.0942369089268609,0.19752516766686334
14322.0,1.0863470220625626,0.07445736048174284,-0.4664198612817667,-0.7373223199867728,-1.1145904545341814,-1.112087721708616
14323.0,-0.4127721870246414,-0.5566388957505917,-0.291718569169179,-0.21673307532921626,-0.214451185231064,0.13573543841472074
14324.0,0.9956359871177956,-0.5566388957505917,-0.18564144776871674,-0.12591199538376613,-0.016856965827270066,0.3333570688128661
14325.0,1.7595183866526765,-1.057568175439826,-0.9373379952132003,-0.2754692216866368,-0.6667842015304029,-0.14302942568198213
14326.0,0.19355946760617043,-0.2012239156425293,0.024744716486504295,0.10546204736866442,0.20408973995326918,0.1839533352656968
14327.0,-0.18360746716417709,0.4901498374805938,0.5266890043637834,0.6425137287199257,0.6939227470780444,0.19312013657605648
14328.0,1.1293154070363998,-1.057568175439826,-0.5116960210588295,-3.613978162138445,-2.5113622892582645,0.651157672329837
14329.0,-0.880650156739756,1.511464603952064,1.711923804685798,1.6399775548270301,1.720364153844513,1.1761168323726923
14330.0,2.017328696495699,-1.057568175439826,-1.081464574374387,-1.0164005840055443,-0.9169962351303879,-0.41194902619318613
14331.0,-0.3698038020508043,-0.5566388957505917,-0.48391038089921984,-0.43196617100258916,-0.34907158776898006,-0.22218980162218152
14332.0,-0.852004566757198,0.29970536404670484,0.5351474720968992,0.38451866370704807,0.09255092212907612,0.45228081149151467
14333.0,-0.6371626418880127,-1.057568175439826,-0.5614003804614901,-1.3890543432466802,-0.8075883471740417,0.5584164406151778
14334.0,-0.880650156739756,1.254937876118928,1.1175755513555878,1.1909334113012047,1.0206567996063762,0.3674328250356762
14335.0,-0.8854244217368491,-0.5566388957505917,-0.4960849501371352,-0.1715015141212187,0.21885305959242807,-0.24485650450466592
14336.0,-0.880650156739756,0.07445736048174284,0.4120091772971988,0.8431939038420335,0.4903479020522795,0.5209907623317195
14338.0,-0.1931559971583631,-0.2012239156425293,0.01486509899628757,0.1604612929506896,0.021258840188633787,0.16555870619153323
14339.0,0.19833373260326345,-0.5566388957505917,-0.2739316855846543,-0.04324507664642568,-0.5466658071727737,0.16886922257301043
14340.0,0.08375137267303129,-1.057568175439826,-1.3656236549835643,-1.3890543432466802,-1.4849208824917954,-0.9421492632611159
14341.0,-0.7469707368211519,1.7237759069352954,1.1394245384539525,1.1517107785033205,1.2023871725805064,-0.13299340299765278
14342.0,-0.861553096751384,0.4901498374805938,0.007365086428138471,0.044179742713283024,-0.34907158776898006,-0.7721289956332805
14343.0,1.0481529020858187,0.07445736048174284,0.12330159394839162,0.1646687158355823,1.236890884256886,-0.016467972548921312
14344.0,-0.35548100705952534,1.8474233769671247,0.8545709946907596,0.7583907993127977,0.9754402475100741,-0.8021917680501397
14345.0,-0.7756163268037098,-1.057568175439826,-1.5164249612059653,-1.4848463926750592,-1.4849208824917954,-1.2235229506261796
14346.0,-0.38412659704208335,0.29970536404670484,0.6705352465695048,0.886205394030218,0.8701725506387965,0.7044159530303287
14347.0,2.5568206411672088,-1.057568175439826,-1.7132291509067328,-1.5111462029625293,-1.4849208824917954,-1.5907314445853158
14348.0,0.27949623755384456,-1.057568175439826,-0.5711736564346185,-0.6413200682922386,-0.6667842015304029,0.5401809042854069
14349.0,-0.914070011719407,-1.057568175439826,-1.3719976030510532,-1.133736517118207,-0.2396636998126339,-0.9540421394950777
14350.0,0.3463359475131466,-0.2012239156425293,0.048016967069714214,0.07131861831159202,0.21885305959242807,0.22728550273379503
14351.0,-0.17405893716999107,-1.057568175439826,-2.0539434002804753,-2.383441219414615,-2.5113622892582645,-2.226455544632062
14352.0,-0.21225305714673512,0.07445736048174284,0.12283661913658207,0.06524832973619131,0.03967179647401301,-0.017333146529595327
14353.0,0.06465431268465925,-0.2012239156425293,-0.63143437099918,-0.22806796960317863,-0.6667842015304029,-1.036147910738715
14354.0,-0.9331670717077791,-0.5566388957505917,-1.226989049478429,-0.551306260279225,-1.192682094770814,-1.603444181979258
14355.0,0.7855683272457032,-0.2012239156425293,-0.056582496851777256,0.15516386233789858,0.24760485428798198,0.03254876070729308
14356.0,-0.5798714619228966,-0.5566388957505917,-0.18602965757964876,-0.3700175863065536,-0.18999139653830796,0.332633754528429
14357.0,-0.7565192668153379,-1.057568175439826,-0.9992055161685413,-0.784453137307648,-0.05683280004799887,-0.2584653786946606
14358.0,0.8953764221788424,-0.5566388957505917,-0.5879907935757023,-0.23960173178512437,-0.5466658071727737,-0.4159392864740758
14359.0,-0.87110162674557,-0.2012239156425293,0.0024626342665970626,-0.17853267827610633,0.03967179647401301,0.1424676177493213
14360.0,-0.8090361817833609,0.07445736048174284,0.6065207641088237,0.5576912928125736,0.7338985812987724,0.8833323543700906
14361.0,1.8024867716265136,-1.057568175439826,-1.0330264562160134,-0.4345697687890191,-0.8604674728291044,-0.32157041968996447
14362.0,-0.856778831754291,-1.057568175439826,-1.2818673105556253,-1.0622086921321432,-0.09885955416899503,-0.7858718936397203
14363.0,0.9574418671410515,-0.5566388957505917,-0.9917862386364535,-1.0038781562122157,-1.2790083980134372,-1.166850573172418
14364.0,-0.4414177770071994,0.8006346437359392,1.0100402601713803,0.9166289535091736,0.30224790327738865,0.7087899302838632
14365.0,0.9240220121614005,-0.5566388957505917,-0.2574775614319079,0.08802315794933659,0.1422232254034017,0.19952149016503673
14366.0,1.5446764617834912,-1.057568175439826,-1.358781840906784,-2.2070824407035254,-2.5113622892582645,-0.9293834159135427
14367.0,-0.9236185417135931,1.5863629060023545,1.6623713852015438,1.4495921431628613,1.5107647076135646,0.9975266616898472
14368.0,0.565952137379425,-1.057568175439826,-1.26558405367479,-1.6958135609136948,-1.2790083980134372,-0.7554896632357199
14369.0,2.1032654664433728,-0.5566388957505917,-0.4739661368098816,-0.4242166795172803,-0.44192654764477163,-0.20367491983128844
14370.0,1.1913808519986089,0.4901498374805938,0.18444786447480488,-0.3965587445103137,-0.09885955416899503,-0.4433024330083074
14371.0,0.4465955124520998,-1.057568175439826,-1.5740046404204835,-1.7323456023823347,-1.760606742132222,-1.3309584036984012
14372.0,1.1531867320218647,-0.5566388957505917,-0.039692948551546585,-0.16627705551152036,-0.12070997099915268,0.605325855048355
14373.0,0.7473742072689592,-1.057568175439826,-1.767135384946989,-2.1695060660815124,-1.760606742132222,-1.6913127739108167
14374.0,1.6210647017369793,-1.057568175439826,-1.522847907455776,-2.0681662404235324,-1.3755129945354494,-1.235507250466338
14375.0,-0.07857363722813095,-0.2012239156425293,0.14111386296306444,0.18632645358146716,1.1617503120453048,0.40065680167364964
14376.0,2.2990103313241863,-1.057568175439826,-1.0305357824451944,-1.4848463926750592,-0.7110837506520298,-0.3169231783598049
14377.0,-0.049928047245572905,-0.5566388957505917,-0.277660606344101,-0.5238467315670368,-1.0432983725937395,0.16192279941816862
14378.0,2.007780166501513,-1.057568175439826,-1.384103532926108,-1.40029235334365,-1.192682094770814,-0.9766300746612591
14379.0,-0.7517450018182449,0.07445736048174284,0.23698074442970105,0.24916852032953965,0.643225625568364,0.1950979146026086
14380.0,2.2942360663270933,-1.057568175439826,-2.0826623177796444,-3.613978162138445,-2.5113622892582645,-2.2800409406495
14381.0,-0.7135508818415008,-0.5566388957505917,-0.26741227771433446,-0.05339269394218388,0.7338985812987724,0.1810140461609819
14382.0,-0.837681771765919,-0.5566388957505917,0.1952509929229069,0.8078986735249365,1.3692043624955306,1.0432639565140613
14383.0,-0.780390591800803,-0.2012239156425293,0.2270106890952374,0.3394837762263826,0.12599809971663617,0.560655769481384
14384.0,1.430094101853259,-1.057568175439826,-1.9572598834070443,-1.8121291499106194,-1.9434376418968569,-2.0460579185665493
14385.0,-0.9188442767165,-0.2012239156425293,-1.0762165325473636,-0.7332006288566868,-0.9169962351303879,-1.8600030078752001
14386.0,0.4561440424462858,-1.057568175439826,-1.3260185768308654,-1.435207155173084,-1.3755129945354494,-0.868251847135479
14387.0,-0.8042619167862679,-0.2012239156425293,0.46038485638662774,0.3215607742140928,0.8832823034758474,0.9955040494957331
14388.0,-0.914070011719407,1.5863629060023545,1.3984956009508094,1.4135775250786053,1.1979702234882976,0.5061374410775338
14389.0,-0.6514854368792917,0.29970536404670484,0.5278538158966781,0.6875659744589192,0.10944517163608153,0.4387003517759548
14390.0,-0.914070011719407,1.3464940972778903,1.3712344902984106,1.1556703755543134,1.2536127314334613,0.7327566810286684
14391.0,1.7929382416323274,-1.057568175439826,-1.3608800751559782,-0.6972240648877613,-0.8604674728291044,-0.9332984211773613
14392.0,1.1006698170538416,-1.057568175439826,-0.878879205570546,-0.9503040176316452,-0.8604674728291044,-0.03395367817888251
14393.0,0.07897710767593827,-1.057568175439826,-1.8514824943865371,-2.3347220766489754,-1.6112230199551474,-1.8486924266214422
14394.0,1.7356470616672115,-1.057568175439826,-1.6230088057858019,-1.3890543432466802,-1.4849208824917954,-1.4223931733996116
14395.0,-0.9522641316961511,1.8474233769671247,1.541935957512525,1.3617015135661066,1.6494975936338885,0.4751194353420022
14396.0,-0.6514854368792917,0.6551203441547673,0.5543285869676638,0.4447156309748033,1.2740462610544514,0.03883910990774386
14397.0,-0.9474898666990581,1.7871458800763362,0.7571497327849501,0.8903904962181366,-0.6667842015304029,-0.9145692309457574
14398.0,0.9526676021439585,-0.5566388957505917,-0.17935723470086,-0.3941011432115922,0.1422232254034017,0.3450659203231809
14399.0,0.9192477471643075,0.8006346437359392,0.6031875562108859,0.44881164161964987,0.8433064692551185,-0.04842105953265434
14400.0,-0.2504471771234792,-0.2012239156425293,0.46240370227163535,0.8230927695108631,0.42476554407078576,0.9992665802653246
14401.0,-0.9427156017019651,1.9598138796697315,1.4428843146360455,1.6921021003980667,1.1382718554069673,0.1635636161469867
14402.0,2.151008116414303,-1.057568175439826,-0.8291197984577485,-0.4639112852343134,-1.2790083980134372,0.05889026469637744
14403.0,-0.3411582120682463,0.4901498374805938,0.5212102786421715,0.27182436612856936,-0.5847816131886778,0.1829246081476602
14404.0,-0.7994876517891749,1.3464940972778903,0.7870374608219184,0.7714341935980854,0.8701725506387965,-0.35399807328232313
14405.0,0.8858278921846564,-1.057568175439826,-1.1017866489042865,-1.035643155251807,-2.179147667316555,-0.44986711316885464
14406.0,-0.3936751270362694,-1.057568175439826,-1.257578920119444,-1.205524959583125,-1.2790083980134372,-0.7405532279836564
14407.0,-0.45096630700138546,0.4901498374805938,0.6198405218018026,0.7002223401908565,0.37793325082309986,0.3664987526536204
14408.0,-0.9092957467223141,1.1560496238440017,1.0807264374944399,1.0576891091032,0.32826094754877355,0.4150335829699989
14409.0,-0.6228398468967337,0.9308016202790399,0.9517582742220678,0.9999723926845798,0.47977559959369576,0.44294328031276814
14410.0,-0.5225802819577805,1.1560496238440017,0.7623304769767838,0.6794703061329874,1.6156248943165106,-0.17723114081476038
14411.0,0.5229837524055879,-1.057568175439826,0.1121526162918036,-0.596440186477966,-0.8604674728291044,1.815170079424908
14412.0,-0.7565192668153379,-0.2012239156425293,0.32289041303000826,0.7062303247569268,0.4690650931924128,0.739285815674506
14413.0,0.7664712672573312,0.07445736048174284,-0.12410520739931138,-0.3700175863065536,0.643225625568364,-0.47656865184483
14414.0,-0.5225802819577805,0.8006346437359392,0.6959674707918351,1.1664949873685093,0.6939227470780444,0.12415574108807581
14415.0,-0.9570383966932442,2.0123938836412982,1.8496626727758352,1.6777762143477968,1.9189610355056153,0.8613619507623654
14416.0,-0.856778831754291,-0.5566388957505917,-0.44247600352794336,-0.2632946592767485,-0.9169962351303879,-0.14504085306090178
14417.0,0.8906021571817494,-1.057568175439826,-0.39386356629333674,0.07131861831159202,0.7493583243307705,0.8710161942430822
14418.0,-0.9427156017019651,-0.2012239156425293,0.5425306597963654,0.8250155774969911,0.8084355865789369,1.1486089996910238
14419.0,-0.9092957467223141,0.6551203441547673,0.23099363242714852,0.08210585803716575,0.8364500102281615,-0.5621459273477346
14420.0,-0.4891604269781295,0.07445736048174284,0.42270252110408274,0.5466421658031838,0.5703472080455595,0.5409063138836873
14421.0,-0.6896795568560358,0.4901498374805938,0.716606746740027,0.6654257057856391,0.43606699321124226,0.5466603273173255
14422.0,-0.9570383966932442,1.7871458800763362,1.7392554192787884,1.6568772949024344,1.641804184316852,0.9110553022494958
14423.0,0.07897710767593827,-0.2012239156425293,0.005935402548044065,-0.09874913074782131,-0.9777160146122458,0.14893318075648718
14424.0,-0.875875891742663,-1.057568175439826,-0.7431429075607258,-1.5111462029625293,-2.5113622892582645,0.2193108567050526
14425.0,1.1149926120451208,-0.2012239156425293,-0.22794189028993514,-0.26530816033558524,-0.143159103290622,-0.2863269148863045
14426.0,-0.8472303017601049,1.6569789035332354,1.8343992123027175,1.753058518880575,1.931720791723783,1.2369846259591988
14427.0,-0.7230994118356868,0.07445736048174284,0.23605067270829938,0.06524832973619131,0.021258840188633787,0.1933666383723915
14428.0,-0.9283928067106861,0.29970536404670484,0.2133008963909441,-0.08481063868742843,0.7645317593062706,-0.14666306731844228
14429.0,0.9669903971352375,-1.057568175439826,-0.4053818928240371,-0.3490718562419169,-0.5102446079085138,0.849524642946847
14430.0,1.482611016821282,-0.2012239156425293,0.21144749187043155,-0.05779008546708409,-0.29254282546769667,0.531664010178661
14431.0,0.4847896324288438,0.07445736048174284,0.7574900622310208,0.5930533614118163,0.43606699321124226,1.1646603109602294
14432.0,-0.914070011719407,0.4901498374805938,0.6493967658438848,0.9318183528376485,1.4673045623890897,0.42152162657011094
14433.0,1.2629948269550038,-1.057568175439826,-0.8414946201654504,-0.8596673696082351,0.43606699321124226,0.03580061579608121
14434.0,-0.856778831754291,0.4901498374805938,0.29553075078903246,-0.18385584567445426,-1.9434376418968569,-0.23685030357958795
14435.0,1.434868366850352,-1.057568175439826,-1.6490612119643564,-0.35829878078459476,-1.9434376418968569,-1.4710032403467859
14436.0,-0.4891604269781295,-0.5566388957505917,-0.8647952256574369,-0.324345921692527,-1.0432983725937395,-0.9308502017234909
14437.0,0.7855683272457032,0.29970536404670484,-0.02872672381931505,-0.09718573504834867,-0.16624068800434505,-0.5965052251255109
14438.0,0.49911242742012285,-1.057568175439826,-1.3805852370510283,-1.164679055612675,-1.192682094770814,-0.9700654373354226
14439.0,0.565952137379425,0.29970536404670484,1.6789138714488974,1.003201460752753,0.7416649150137341,2.5841636004524537
14440.0,-0.9236185417135931,1.3464940972778903,1.351362532311269,0.7829969365742783,0.32826094754877355,0.6957516489277817
14441.0,-0.9570383966932442,1.1560496238440017,1.164704486614472,0.6240084623947109,0.7260579274719773,0.5713650787623018
14442.0,0.016911662713729188,0.6551203441547673,1.273526370292318,0.7076090199461879,0.9025618299872694,1.378184145443789
14443.0,-0.7040023518473147,0.29970536404670484,0.594548608326989,0.6727276051603504,0.8433064692551185,0.5628934969114451
14444.0,1.2152521769840738,-1.057568175439826,-1.4452956059771418,-0.6818454084952281,-1.0432983725937395,-1.0908057384084213
14445.0,1.2152521769840738,-1.057568175439826,-1.0103029886619659,-1.1568058168174855,-0.214451185231064,-0.27917167649888625
14446.0,-0.9570383966932442,0.29970536404670484,0.19923446726644164,0.5294113377093683,1.4768134745980201,-0.17282275606401795
14447.0,-0.87110162674557,0.4901498374805938,0.45376629732113494,0.41243513515659735,0.5313235436848637,0.05743343574509817
14448.0,-0.9188442767165,-0.5566388957505917,-0.6336237603535707,-1.0101095543538685,-0.5847816131886778,-0.5008652499121435
14449.0,-0.87110162674557,0.8006346437359392,0.6437795379186415,0.7825874643830275,1.5995061697820732,0.02707418054490524
14450.0,-0.09767069721650297,0.6551203441547673,0.15498341757972378,0.045437939426142,0.09255092212907612,-0.7032588229027055
14451.0,-0.6753567618647568,1.254937876118928,0.9155680884311207,0.8349245170494398,1.4314628129879807,-0.008378922246129234
14452.0,-0.9092957467223141,0.07445736048174284,-0.2305901278929468,-0.3513664749128713,0.7645317593062706,-0.6744184660264833
14453.0,-0.05470231224266591,-1.057568175439826,-1.4483155696454706,-1.4978647899991167,-0.5102446079085138,-1.0964405590499149
14454.0,0.8333109772166333,0.29970536404670484,0.05189302905500428,-0.12918268661664967,0.643225625568364,-0.44672840618555204
14455.0,1.1006698170538416,0.07445736048174284,-0.276883114813185,0.24361293023766267,0.3534734621303434,-0.7603908701494889
14456.0,-0.9379413367048721,0.9308016202790399,0.8603549205788827,1.1683198534446488,2.1356211384709756,0.2728210586711057
14457.0,0.5229837524055879,-1.057568175439826,-1.486645997765884,-1.1187947925387802,-1.760606742132222,-1.1679596603673552
14458.0,0.8571823022020983,-1.057568175439826,-0.9899041841363863,-0.28164210818374913,0.07530097820695623,-0.24111042231626903
14459.0,-0.22180158714092113,-0.5566388957505917,1.2746912454568597,1.0202554165396527,0.8012797151341228,3.056473889056566
14460.0,-0.4366435120101064,0.9308016202790399,0.13243348048447398,0.8865551719484456,-0.18999139653830796,-1.079169470227953
14461.0,-0.2552214421205722,1.3464940972778903,1.4302104557501691,1.195101869803958,2.038411124710085,0.8425916974231212
14462.0,-0.6467111718821987,1.254937876118928,0.6475793434280327,0.5123348560069361,1.1890642437119816,-0.5063704204445443
14463.0,-0.4939346919752225,0.07445736048174284,-0.10372770668367638,-0.551306260279225,-1.3755129945354494,-0.4386934889893818
14464.0,1.7499698566584905,-0.5566388957505917,-1.503364477113229,-1.3459301923950664,-1.760606742132222,-2.1153284088725495
14465.0,0.21743079259163547,1.1560496238440017,1.049190522602929,1.0843640540271307,0.9025618299872694,0.3563383071715537
14466.0,-0.82335897677464,1.3464940972778903,1.1089970213268077,1.0760291394416295,0.4903479020522795,0.24460862502526914
14467.0,-0.875875891742663,1.254937876118928,0.6348114981626534,0.5848047264486979,0.9983604014140248,-0.530076140769818
14468.0,2.5424978461759293,-1.057568175439826,-1.0687303442549723,-0.712971107144618,-0.9777160146122458,-0.3881887725573807
14469.0,1.0242815771003535,0.07445736048174284,0.5981516810979679,0.4542335905536026,0.8501060275513096,0.8677390467806346
14470.0,-0.9045214817252211,-0.2012239156425293,-0.17506728387497325,-0.35829878078459476,0.233355067772715,-0.18795679200834137
14471.0,1.8597779515916295,-0.5566388957505917,-0.5864001275883493,-0.6271817259242423,-0.07757674530912831,-0.41297870477023685
14472.0,-0.4652891019926645,0.9308016202790399,0.6067543900455853,0.6297183154222981,1.1477441235911,-0.19886172900919843
14473.0,-0.6085170519054547,-0.5566388957505917,-0.9705264884421222,-1.1187947925387802,-1.3755129945354494,-1.1273532590522444
14474.0,-0.7421964718240589,-0.5566388957505917,0.23341839715674467,-0.05485522531691114,0.8635381656265729,1.11442087091655
14475.0,-0.6180655818996407,0.07445736048174284,0.1692691870136123,0.06889722484929105,-0.03660110367654417,0.06907097017722966
14476.0,0.26517344256256553,-1.057568175439826,-1.1091466683157465,-0.9735775128852286,-0.7110837506520298,-0.46359985761754524
14477.0,-0.866327361748477,0.6551203441547673,0.5544087046199201,0.5466421658031838,-1.3755129945354494,0.038988144199080234
14478.0,0.8619565671991913,0.07445736048174284,0.2434689437847765,0.6060396124518255,0.2753818218937108,0.20717548018454648
14479.0,0.2508506475712865,0.07445736048174284,0.15260962068273692,0.09388767125359425,0.8961855949101813,0.03806827014270737
14480.0,-0.9092957467223141,0.07445736048174284,0.25619471574359487,0.20925580488600776,0.17374026765232672,0.23086481883935459
14481.0,-0.17405893716999107,0.29970536404670484,0.6608495764588763,0.7676739874546079,0.8084355865789369,0.6863752361981773
14482.0,-0.875875891742663,1.254937876118928,1.115619197148918,1.1646650416307704,1.2023871725805064,0.3637918324686767
14483.0,0.3845300674898907,-0.5566388957505917,-0.9042810550663093,-0.6065284803291194,-0.9169962351303879,-1.0042484204509423
14484.0,-0.7230994118356868,0.07445736048174284,0.11751450127782323,0.2780305525741137,0.09255092212907612,-0.02723584712176727
14485.0,-0.7756163268037098,-1.057568175439826,-1.2305724464479773,-1.267340303990541,0.03967179647401301,-0.6901630074343644
14486.0,1.482611016821282,-0.5566388957505917,-1.1769862065951717,-1.1041851339251454,-1.760606742132222,-1.5106902814218925
14487.0,-0.832907506768826,0.6551203441547673,0.23760956083208296,0.29286320418290934,0.9088888272366124,-0.5498599882011783
14488.0,-0.6371626418880127,-1.057568175439826,0.11301537035059289,0.3248560572129775,0.07530097820695623,1.8167798552079684
14489.0,0.026460192707915203,0.07445736048174284,0.3940314762224162,0.479394252603458,0.3534734621303434,0.48750988491644176
14490.0,0.9765389271294235,-0.5566388957505917,0.24167504522758576,0.4266652920889016,0.43606699321124226,1.1298144481432377
14491.0,-0.12631628719906102,-0.5566388957505917,-0.7024508831505392,-0.8209851787762878,-0.7110837506520298,-0.6289296927797953
14492.0,1.0911212870596556,0.6551203441547673,0.5368287596157729,0.2841786976818049,0.413306027586857,0.006287274901868842
14493.0,-0.9283928067106861,1.0485519735441977,1.2352029701197589,1.2256546575935396,1.5747174601405618,0.8299852446340057
14494.0,-0.837681771765919,-0.2012239156425293,-0.5854902089994838,-0.551306260279225,-0.7110837506520298,-0.9508603626315981
14495.0,-0.7183251468385938,-0.2012239156425293,-1.1798378533871778,-1.286124655672843,-1.3755129945354494,-2.0513189502716473
14496.0,0.5277580174026809,0.6551203441547673,0.6852934380957747,0.40665569062168294,0.3409641798752045,0.28252254706724816
14497.0,0.5134352224114018,-0.5566388957505917,-0.19030360441335153,-0.2513414648567622,-0.03660110367654417,0.32467055421070573
14498.0,-0.7565192668153379,1.0485519735441977,1.0446037204626408,0.9658489782661286,1.5287072218151974,0.47507321688082715
14499.0,-0.837681771765919,0.6551203441547673,0.6010000123684044,0.6087130914588154,1.2618473944394515,0.12566534059936973
14500.0,-0.5416773419461526,-0.2012239156425293,-0.669794638342955,-0.9333741314436567,-1.4849208824917954,-1.1073352740034805
14501.0,-0.08334790222522395,-0.5566388957505917,-0.9208467731530542,-0.72503397002458,-1.192682094770814,-1.0350370061977223
14502.0,-0.866327361748477,1.1560496238440017,0.705028216716387,0.7297278048789838,1.7636774349296906,-0.2837278977475003
14503.0,-0.9474898666990581,0.4901498374805938,0.9756311003943376,0.9288739994530146,0.8012797151341228,1.0291430552584788
14504.0,-0.7374222068269658,0.07445736048174284,-0.21519646895038236,-0.3005163494651244,0.5703472080455595,-0.6458246955099589
14505.0,-0.880650156739756,1.7871458800763362,1.843587131237948,1.5711325614093878,2.4932903994622277,1.105406416074659
14506.0,-0.880650156739756,0.6551203441547673,0.8466663135676369,0.4287734956544471,1.4512069508372551,0.5829387099188497
14507.0,-0.8472303017601049,1.1560496238440017,0.9062753823450385,0.7345925989584549,1.1890642437119816,0.09042836935939365
14508.0,-0.856778831754291,0.29970536404670484,-0.07134894479668079,-0.2223760935121599,0.986980467473245,-0.6756591093267725
14509.0,1.5876448467573283,-1.057568175439826,-1.503684903821816,-1.6612051713861486,-0.409791367250838,-1.1997518241471168
14510.0,0.8333109772166333,-0.2012239156425293,0.053761053267888353,0.3199069177901433,0.37793325082309986,0.2379812500692748
14511.0,-0.9092957467223141,0.29970536404670484,0.2645821604972271,0.31241264000586233,0.189055518651088,-0.05128012789255522
14512.0,-0.06425084223685192,0.6551203441547673,0.20854635229654797,0.2709329658810809,0.21885305959242807,-0.6038270258500851
14513.0,-0.47961189698394346,0.4901498374805938,-0.10241684652539432,0.1291245146456743,-0.8075883471740417,-0.9757697906251356
14514.0,-0.6705824968676638,0.9308016202790399,1.1277303288728815,1.036878135128366,1.3134452968899748,0.7706039242845785
14515.0,-0.875875891742663,1.254937876118928,1.0113340402515996,0.8914326220614095,0.772014387314677,0.1697439565324613
14516.0,1.501708076809654,-1.057568175439826,-1.283421822921482,-1.3355771031233274,-0.143159103290622,-0.7887723915690326
14517.0,-0.8042619167862679,-0.5566388957505917,-0.7247889662033199,-1.0970002800952623,-0.7110837506520298,-0.6704859178815139
14518.0,-0.6562597018763847,-1.057568175439826,-1.181595214568703,-0.367657053853687,-0.7579160438997158,-0.5987784917692206
14519.0,2.3037845963212793,-0.5566388957505917,-1.0725866980673469,-1.172647729928363,-0.07757674530912831,-1.3169174458439432
14520.0,-0.9522641316961511,-0.5566388957505917,-0.8676956711352587,-0.788910154934063,-1.9434376418968569,-0.936242205828799
14521.0,1.382351451882329,-1.057568175439826,-1.0856764985750114,-0.548197944409192,-0.7110837506520298,-0.4198078748525208
14522.0,-0.8472303017601049,0.8006346437359392,0.4689762497051383,0.4426580155805132,-0.16624068800434505,-0.2979296262136662
14523.0,-0.44619204200429247,-1.057568175439826,-0.9502341185023675,-0.4345697687890191,-0.9777160146122458,-0.16709174883743252
14524.0,-0.8090361817833609,1.3464940972778903,0.8343502874737299,0.5747677745150057,1.4479491251839223,-0.2660936979266481
14525.0,-0.866327361748477,1.6569789035332354,1.5623004779911074,1.543529108526191,1.699019738001472,0.7301280363898072
14526.0,0.8953764221788424,-1.057568175439826,-0.8999844775446343,-0.659431615462883,-0.016856965827270066,-0.07333309966369199
14527.0,-0.9474898666990581,4.031270009969604,2.4392723337944524,1.7168900582364859,2.172839035276636,-0.2690764003746907
14528.0,-0.7851648567978959,-1.057568175439826,-0.6551657289841,-0.367657053853687,-0.6667842015304029,0.3834636996756041
14529.0,-0.6753567618647568,-0.2012239156425293,-0.3237402162422651,-0.26530816033558524,1.1663663359298055,-0.4644973800685406
14530.0,-0.837681771765919,1.5863629060023545,1.3640636920361642,1.1915933486982324,1.5077357131385387,0.4420465546557109
14531.0,1.3298345369143059,-1.057568175439826,-0.6317385819525818,-0.4115004690897406,-0.29254282546769667,0.42717540821332883
14532.0,0.1649138776236124,1.1560496238440017,1.0344072329526404,0.5413428372994936,1.3018232286601803,0.32882559100259584
14533.0,-0.842456036763012,1.1560496238440017,0.9598920674693187,1.6537279009429402,0.4582127216583458,0.19017076282501402
14534.0,-0.9474898666990581,2.15790818322247,1.3756111328570813,1.1538100062001875,1.904130909875768,-0.18436492422552578
14535.0,-0.6753567618647568,0.9308016202790399,1.3503062966122317,1.2392908788545505,2.1482158845910453,1.1852478899550631
14536.0,0.27949623755384456,-1.057568175439826,-1.1957277510325723,-1.6445610524627337,-0.6667842015304029,-0.6251477852208013
14537.0,-0.6849052918589428,-0.5566388957505917,-0.24993141896279356,-0.4974883314143884,-0.4753737252323317,0.21357951457539265
14538.0,-0.6514854368792917,0.29970536404670484,0.2945062263657645,-0.3536691307934737,0.057680039452894044,0.004388153820039812
14539.0,-0.8854244217368491,-0.5566388957505917,-0.3765589179338589,-0.08481063868742843,-0.2396636998126339,-0.022287751229562582
14540.0,-0.914070011719407,1.1560496238440017,1.0085507806923442,0.7788906922323791,1.2536127314334613,0.2807085109027554
14541.0,-0.6801310268618498,1.4317308999682739,0.722971920386085,0.5483991581589395,0.6939227470780444,-0.5716780744306452
14542.0,-0.07379937223103794,-1.057568175439826,-1.5548211125609865,-2.1002412642657573,-1.6112230199551474,-1.2951646821073128
14543.0,-0.82335897677464,2.6434901398736326,1.9909782979732236,1.1097497400674763,0.7493583243307705,0.4190176282766203
14544.0,-0.8472303017601049,-0.2012239156425293,0.8413835384543701,1.0506434534012832,1.0206567996063762,1.7057555622538796
14545.0,2.256041946350349,-1.057568175439826,-0.6851990614625029,-0.4749141794238375,-0.4753737252323317,0.32742579314151704
14546.0,-0.9379413367048721,1.1560496238440017,1.248749738052164,1.1218397679887344,1.8519997003587603,0.727861349486776
14547.0,-0.9427156017019651,0.8006346437359392,1.0580713650621099,1.1097497400674763,1.2577404080340233,0.7982462142268978
14548.0,-0.24089864712929315,0.9308016202790399,0.7371998120978511,0.4629499839876468,0.36579462773390486,0.043693753666209124
14549.0,0.5229837524055879,0.07445736048174284,0.0035776327453976155,-0.13909354138263974,0.8295356901035954,-0.23918293630594353
14550.0,-0.9092957467223141,0.07445736048174284,0.28089265010956543,0.3014344805122542,0.4903479020522795,0.2768433774642919
14551.0,-0.875875891742663,0.6551203441547673,-0.024838815608151304,-0.0014466212494210415,0.4016839593570631,-1.0367679996997792
14552.0,-0.23612438213220016,-0.2012239156425293,-0.41705992269377545,-0.4165574754242254,0.8767536468426793,-0.6379793366367265
14553.0,-0.87110162674557,0.9308016202790399,0.4972010014228583,0.5454682233808742,1.3904871713553972,-0.4024426202602631
14554.0,-0.914070011719407,0.07445736048174284,0.6592151692549162,0.7130950677643068,1.0151393237236626,0.9815185589753022
14555.0,-0.6896795568560358,0.4901498374805938,0.6668958528804954,0.35927478258135875,0.6518959929570478,0.45410088367059653
14556.0,1.8836492765770947,-0.2012239156425293,-0.07767372617542678,-0.26935375822155644,1.0738795369554441,-0.0067097178655747165
14557.0,-0.5560001369374316,-1.057568175439826,-0.10208041461998688,0.03017827756200417,-0.7579160438997158,1.4154418584097388
14558.0,2.160556646408489,-0.2012239156425293,-0.2343513197262603,-0.7209883721386089,-0.9169962351303879,-0.29824983334044225
14559.0,0.9001506871759354,-1.057568175439826,-1.7759803340573708,-1.2490778079274656,-2.179147667316555,-1.7078161849759308
14560.0,-0.9283928067106861,2.789004439454805,1.3670222956987435,1.4720723013667505,0.2889249744088639,-0.9008084352212443
14561.0,-0.5989685219112687,-0.2012239156425293,0.12403166047592994,0.4813402064124605,0.37793325082309986,0.36884197883662223
14562.0,-0.9427156017019651,2.15790818322247,1.4260332448533641,1.0933609746457378,1.4314628129879807,-0.0906500489120282
14563.0,1.473062486827096,-0.5566388957505917,-0.25089272916416816,-0.3653049669732642,0.6604755694904836,0.21178863677476953
14564.0,1.1149926120451208,-0.5566388957505917,0.7551318898674901,0.6420066653844908,0.7569801660124958,2.0873149458433655
14565.0,-0.5034832219694085,0.29970536404670484,1.036910021240401,0.907547200123495,0.9696086067184702,1.3870958754929879
14566.0,-0.43186924701301344,0.07445736048174284,1.0789281290714599,1.04736596801641,-1.192682094770814,1.763863770016487
14567.0,-0.6896795568560358,-0.5566388957505917,0.37344412861382187,-0.10979825775721047,-0.18999139653830796,1.3755006165186645
14568.0,1.1149926120451208,-1.057568175439826,0.008347805786205127,0.18429428014936225,0.09255092212907612,1.621485137100097
14569.0,-0.9570383966932442,0.07445736048174284,-0.3009300208937793,-0.41910064138804515,-0.2396636998126339,-0.8050388071533738
14570.0,0.37975580249279767,-0.2012239156425293,-0.2815023830192483,-0.08022938264397518,0.3409641798752045,-0.3859508290898203
14571.0,1.0672499620741907,-1.057568175439826,-1.242945090915197,-1.411725816863138,-0.26567674408401915,-0.7132485939150562
14572.0,-0.9474898666990581,1.1560496238440017,1.2945843948658937,1.1667233728430313,1.6893518727661445,0.8132228110851922
14573.0,-0.10244496221359597,1.3464940972778903,0.6216300089683513,0.22187065477137516,1.1935293341757096,-0.6611038905087558
14574.0,2.5377235811788363,-1.057568175439826,-1.3195424878752469,-1.3355771031233274,-1.0432983725937395,-0.8561683906005657
14575.0,1.3680286568910498,-1.057568175439826,-0.5527968766689352,-0.7169675181253394,0.42476554407078576,0.5744693492206265
14576.0,0.8142139172282613,-1.057568175439826,-2.309891771379668,-2.383441219414615,-2.5113622892582645,-2.7040186291656334
14577.0,-0.8997472167281281,0.6551203441547673,0.29099819444905856,0.10201108100954993,0.7338985812987724,-0.45069688278098546
14578.0,-0.9474898666990581,-1.057568175439826,-1.2054756718541233,-0.4639112852343134,-0.44192654764477163,-0.6433360124610704
14579.0,1.1006698170538416,-1.057568175439826,-1.539094038979179,-1.411725816863138,-0.44192654764477163,-1.265820210258716
14580.0,1.51125660680384,-1.057568175439826,-2.9065002341026775,-3.158297950335421,-2.5113622892582645,-3.817204763123925
14581.0,-0.880650156739756,-0.5566388957505917,-0.5710338457910921,-0.3090820417430482,0.2753818218937108,-0.3843778177260865
14582.0,-0.7660677968095239,-1.057568175439826,-1.4837100203695708,-1.240133349110671,-1.4849208824917954,-1.1624815461075042
14583.0,-0.9331670717077791,0.8006346437359392,0.43188380808631616,0.517259280394455,1.7296749594067125,-0.3668557735428335
14584.0,-0.15496187718161905,0.8006346437359392,0.4647553047338793,0.44540007412022964,0.8961855949101813,-0.30577382664585273
14585.0,-0.7230994118356868,0.29970536404670484,0.16434441233168604,0.1688493822731967,0.5984416885683977,-0.2377012436525275
14586.0,0.36065874250442564,-1.057568175439826,-0.9613765282151964,-0.06073810646911588,-0.6247574474094066,-0.187881893071377
14587.0,-0.87110162674557,0.9308016202790399,0.3964679970361373,0.28242794409901395,1.1334943370758328,-0.5895130239190411
14588.0,1.7977125066294204,-1.057568175439826,-1.3619841090483285,-1.3459301923950664,-0.7579160438997158,-0.9353583906500955
14589.0,0.8142139172282613,-1.057568175439826,-2.228884509985975,-2.8917421141099786,-1.9434376418968569,-2.552870655632345
14590.0,1.0672499620741907,1.8474233769671247,0.8546476862363903,0.4037468027703572,0.8767536468426793,-0.802049574883646
14591.0,-0.8901986867339421,0.07445736048174284,0.26752110041199234,0.6071103090757938,0.9637351616934668,0.25194997728884166
14592.0,-0.7947133867920819,-0.2012239156425293,-0.34979850265036827,-0.11780575726598869,0.9275818525974744,-0.5129481620857679
14593.0,-0.856778831754291,1.254937876118928,0.999969300469854,0.8756245715023986,1.902258127180756,0.14860190505081522
14594.0,-0.9283928067106861,-0.5566388957505917,-0.6569165627927973,-0.6413200682922386,0.10944517163608153,-0.5442092317651056
14595.0,-0.866327361748477,0.8006346437359392,0.6220708851665075,0.6071103090757938,0.8433064692551185,-0.013302496756100086
14596.0,2.031651491486978,-1.057568175439826,-1.0084682398968867,-1.2226014412855573,0.1422232254034017,-0.27574829749540836
14597.0,-0.9092957467223141,0.4901498374805938,0.6287272477615682,0.7099004394211565,0.5110918473134085,0.38304203247649565
14598.0,-0.7517450018182449,-0.5566388957505917,-0.6172427294127134,-0.20928361792087674,0.5510676815341373,-0.47038067015341334
14599.0,0.9001506871759354,-0.5566388957505917,-0.4913310334908792,-0.3354698348440594,0.4903479020522795,-0.2360057267852893
14600.0,0.49911242742012285,-0.5566388957505917,-0.03546359879082607,-9.809240364169823e-05,0.189055518651088,0.6132080903409938
14601.0,-0.9092957467223141,-1.057568175439826,-1.035525804884542,-0.6972240648877613,-1.3755129945354494,-0.3262338471395759
14602.0,2.170105176402675,-1.057568175439826,-1.0648250524287446,-1.180714181827603,-0.2396636998126339,-0.38090205608980787
14603.0,0.35111021251023966,-1.057568175439826,-0.22944931932222487,-0.12918268661664967,-2.179147667316555,1.177789683707326
14604.0,2.060297081469536,-1.057568175439826,-1.3187494549425303,-1.1187947925387802,-0.5847816131886778,-0.8546887044753585
14605.0,0.8237624472224473,0.07445736048174284,0.009796031508751286,-0.10346175008111069,0.5984416885683977,-0.227618063156691
14606.0,-0.9570383966932442,4.587844566384988,2.507180367083229,2.2613306146456176,2.7718356410642864,-0.7469621489804961
14607.0,-0.8854244217368491,1.9598138796697315,2.341106389979808,2.266408475503928,0.7493583243307705,1.8365698780432556
14608.0,-0.9427156017019651,1.1560496238440017,0.9360244019071984,0.4224284938684444,-0.8075883471740417,0.14576732398724823
14609.0,-0.6180655818996407,1.0485519735441977,0.3524465120090702,2.1435068942495183,-1.4849208824917954,-0.8113997477839269
14610.0,0.9287962771584934,-0.5566388957505917,-2.5695107162209094,-2.2469375267293743,-1.1145904545341814,-4.064703995662967
14611.0,1.1579609970189577,-0.5566388957505917,-0.29258343490662087,0.11683616468348103,-0.09885955416899503,0.13412438238870014
14612.0,1.0195073121032605,-1.057568175439826,-0.0251572407776607,-0.8448935437864052,-0.8604674728291044,1.5589695082028938
14613.0,2.2846875363329073,-1.057568175439826,-1.7692668127224338,-1.2490778079274656,-2.5113622892582645,-1.6952897135511453
14614.0,0.8810536271875634,-1.057568175439826,-0.8056465059715548,-0.6202249670189166,-0.6247574474094066,0.10268807405817632
14615.0,0.9192477471643075,0.29970536404670484,0.032910231605069964,0.010591697301474957,-0.03660110367654417,-0.48200144726981864
14616.0,0.19833373260326345,0.29970536404670484,-0.38960329139351474,-0.6894897688346715,-1.9434376418968569,-1.2658704713689637
14617.0,0.9622161321381445,-0.5566388957505917,-1.1185665606212503,-1.172647729928363,-1.3755129945354494,-1.4022774678603482
14618.0,-0.9188442767165,0.6551203441547673,0.27943044496958946,0.24175058456784132,-0.03660110367654417,-0.47218544008829905
14619.0,0.21265652759454245,-0.5566388957505917,0.2516114054618046,0.13023033085560867,0.2616110427421876,1.1483398408105758
14620.0,0.021685927710822197,-0.5566388957505917,-0.5655850265443974,-0.5389602151498709,-0.3788691287103198,-0.37423570384548094
14621.0,-0.9570383966932442,0.9308016202790399,0.8563710826738039,0.8230927695108631,0.9398110657771308,0.2654074908716506
14622.0,-0.07857363722813095,-1.057568175439826,-0.7464823278613112,-0.788910154934063,-0.5466658071727737,0.21307997563926306
14623.0,-0.8090361817833609,1.0485519735441977,0.5714580199010417,0.48842649099681806,1.236890884256886,-0.4048756527461976
14624.0,-0.6896795568560358,0.4901498374805938,-0.07909857450742287,0.18429428014936225,-0.05683280004799887,-0.9325308307293007
14625.0,-0.02605672226010787,1.1560496238440017,1.1467769937322205,0.976608753342238,1.1189923288955452,0.5379882091689038
14626.0,-0.8472303017601049,1.1560496238440017,1.2793710449521147,1.2229350678556126,1.1845746868770388,0.7848886781581729
14627.0,0.8476337722079124,-1.057568175439826,-0.4837711035475007,-0.3536691307934737,-0.29254282546769667,0.7032615778354024
14628.0,-0.5273545469548736,0.29970536404670484,0.5646767733515738,0.5622885673641297,0.3534734621303434,0.5072659473751056
14629.0,-0.9427156017019651,-0.5566388957505917,0.03554151616046893,-0.16627705551152036,0.9337192750953127,0.7455480163968199
14630.0,1.3489315969026778,-1.057568175439826,-0.7072518575785142,-0.967681441239905,-0.5466658071727737,0.28627842701246753
14631.0,-0.7183251468385938,0.4901498374805938,0.5745486390885818,0.6964976413784164,0.3534734621303434,0.2821921347770774
14632.0,0.2938190325451236,-1.057568175439826,-1.4809101900445776,-1.0622086921321432,-1.2790083980134372,-1.1572574628268328
14633.0,0.30814182753640257,-1.057568175439826,-0.694167190449131,-1.0622086921321432,-0.5847816131886778,0.31069254603017205
14634.0,1.1293154070363998,0.07445736048174284,0.6086949443991853,0.8959295080845131,0.7416649150137341,0.887383337625641
14635.0,1.2057036469898879,-1.057568175439826,-1.0313318578918649,-0.9278263552140557,-0.8075883471740417,-0.31840854138126395
14636.0,-0.7899391217949889,-0.5566388957505917,-0.2860693417233035,-0.4611890967410044,-0.34907158776898006,0.14625879414750456
14637.0,2.2703647413416284,-1.057568175439826,-1.5315911039903294,-1.035643155251807,-1.3755129945354494,-1.2518208057657634
14638.0,-0.7183251468385938,-1.057568175439826,-0.5140325495315683,-0.7050504380559981,-0.7579160438997158,0.6467980440979808
14639.0,-0.7135508818415008,0.9308016202790399,1.2196799578193767,1.0500983392889562,1.2780725201262169,0.9418752507025222
14640.0,-0.8472303017601049,1.0485519735441977,0.9967975868664306,0.7991701404743216,1.1091797317045071,0.3860860532974893
14641.0,-0.856778831754291,-1.057568175439826,-1.5068326806337997,-1.1041851339251454,-1.3755129945354494,-1.205625125849715
14642.0,-0.6801310268618498,-1.057568175439826,-1.6056588381284593,-1.2140077557532785,-2.179147667316555,-1.3900206131234334
14643.0,-0.15018761218452603,0.29970536404670484,0.4403004912329945,0.6823389983146383,0.24760485428798198,0.27570351193779735
14644.0,-0.6371626418880127,0.6551203441547673,0.6491479009261453,0.30058236427914886,0.1422232254034017,0.21525517637040223
14645.0,-0.21225305714673512,-0.2012239156425293,-0.025819037188643635,0.12245026867198418,0.057680039452894044,0.08981567845049422
14646.0,-0.9522641316961511,4.300909984975416,4.567131979142971,4.355274222238995,2.5496368629370063,3.401278762787535
14647.0,-0.0021853972746428366,-0.5566388957505917,-0.41972979926932086,-0.6705429940306544,0.0024225606841520096,-0.10268456086651999
14648.0,1.0242815771003535,1.511464603952064,1.1417782704200465,1.249637578052641,1.5577649504513331,0.11460163031243618
14649.0,-0.9379413367048721,0.9308016202790399,0.9971572420496395,1.0514602780022873,1.7768929161457965,0.5274601536831097
14650.0,1.8502294215974435,-1.057568175439826,-1.9105705349735833,-2.0083607037013094,-1.760606742132222,-1.9589422664645668
14651.0,-0.6419369068851057,0.9308016202790399,0.5744884442048207,0.38826032196798577,1.3286893100438582,-0.25883386762656896
14652.0,-0.5941942569141756,-1.057568175439826,-1.483273773084112,-1.447270018053046,-0.29254282546769667,-1.1616675710141349
14653.0,-0.9570383966932442,1.254937876118928,0.9856437758593838,0.9172967113947219,1.5137825455459155,0.12195327551249732
14654.0,2.5615949061643017,-1.057568175439826,-0.9333315037168666,-0.37954539919033564,-0.34907158776898006,-0.13555388509178587
14655.0,-0.9236185417135931,0.6551203441547673,1.0404870059216986,1.0310096331542407,0.43606699321124226,0.9439394389840017
14656.0,-0.15496187718161905,0.29970536404670484,-0.10060924277226992,-0.2983922520379315,1.0206567996063762,-0.729985447423565
14657.0,-0.875875891742663,0.4901498374805938,0.3348573483038428,0.38751369203900987,0.9926901914321936,-0.16373145059453068
14658.0,-0.9379413367048721,-0.5566388957505917,-0.9324923966493474,-1.5247014787009079,-0.34907158776898006,-1.0566795637064923
14659.0,-0.9188442767165,0.9308016202790399,0.7339861136329859,0.5892168744315911,1.0151393237236626,0.037716303418086024
14660.0,-0.5464516069432456,-0.5566388957505917,-0.8287693488597061,-0.4974883314143884,-0.44192654764477163,-0.8638706165214137
14661.0,-0.832907506768826,-1.057568175439826,-1.523177155271581,-1.713825854278489,-1.760606742132222,-1.2361215798399399
14662.0,-0.82335897677464,0.6551203441547673,0.29742435731896155,0.4081053220399365,1.2618473944394515,-0.4387588162031541
14663.0,1.0911212870596556,-0.5566388957505917,-0.44192109755872694,-0.1341194375889308,0.2889249744088639,-0.14400758048959875
14664.0,-0.866327361748477,-0.5566388957505917,-0.2557186925328457,-0.030424154083979627,0.5007855218324396,0.20279813993540266
14665.0,-0.6705824968676638,0.6551203441547673,0.79372625122366,0.5605683546552759,0.6518959929570478,0.48436739283665114
14666.0,-0.8472303017601049,-1.057568175439826,-1.1008719316332551,-0.72503397002458,-0.8604674728291044,-0.4481603814574794
14667.0,-0.9092957467223141,3.036921769263064,2.231442118360504,2.1018535083122236,2.132795818180558,0.4319623574754268
14668.0,1.1627352620160507,-1.057568175439826,-1.4993393120454814,-1.4978647899991167,-1.1145904545341814,-1.1916435708930815
14669.0,0.19355946760617043,0.6551203441547673,0.9062843027816402,0.9415387011680514,1.6844748222213555,0.6939614982146244
14670.0,0.3749815374957047,-0.2012239156425293,-0.3179202086686106,-0.09251773260616844,1.0790164946748164,-0.45367526934404484
14671.0,1.6592588217137234,-0.5566388957505917,0.1543541400759794,0.10431373689015228,0.10944517163608153,0.9670219476600972
14672.0,0.16013961262651938,0.07445736048174284,0.14519603945115694,0.1853111520950291,0.643225625568364,0.024272542963706532
14673.0,-0.9474898666990581,0.6551203441547673,0.8651036800622878,0.8663147224929311,0.579819476229692,0.6172715229367302
14674.0,1.468288221830003,-1.057568175439826,-1.1845063569058973,-1.0164005840055443,-0.8604674728291044,-0.6042102673577749
14675.0,-0.8854244217368491,-0.5566388957505917,0.0794364722942809,0.19938463471635076,1.2494641551154662,0.8273667349735979
14676.0,-0.813810446780454,1.254937876118928,1.5912309964341174,1.9007274439655324,0.4903479020522795,1.249561865980894
14677.0,1.8693264815858155,-1.057568175439826,-1.139712992706137,-0.8209851787762878,-0.8604674728291044,-0.520632250892951
14678.0,1.8024867716265136,-1.057568175439826,-0.5820571987664696,-0.6557691682088246,-0.44192654764477163,0.5198737695912923
14679.0,0.8619565671991913,-0.2012239156425293,0.25061114813789015,0.3207343660828916,0.12599809971663617,0.6046215797683693
14680.0,-0.842456036763012,3.123655172520356,2.952221079393027,2.635698894658242,1.3510363881442073,1.6790493173170047
14681.0,-0.6228398468967337,0.4901498374805938,-0.02724274104599773,-0.6818454084952281,-0.6247574474094066,-0.8363444889201616
14682.0,-0.06425084223685192,0.4901498374805938,0.36612014703444706,0.43783171905074775,0.5110918473134085,-0.10559553934343957
14683.0,1.8454551566003505,-1.057568175439826,-1.3054975351830407,-0.15254480516260224,-0.5466658071727737,-0.8299625159508743
14684.0,-0.837681771765919,0.4901498374805938,0.32481858424806165,0.47548497895228237,1.516789308818749,-0.18239758459479868
14685.0,1.7881639766352344,0.8006346437359392,1.1529329422844614,0.9172967113947219,0.772014387314677,0.9749529262902116
14686.0,1.0147330471061675,0.29970536404670484,-0.04601261519453206,-0.04180811961136482,1.2023871725805064,-0.6286095714578239
14687.0,-0.45096630700138546,-0.2012239156425293,0.3106540371333154,0.36548410932646447,-0.16624068800434505,0.7164867104708029
14688.0,-0.9236185417135931,2.2461917041447332,1.48337251010321,1.5351081651637897,1.2536127314334613,-0.08290338784714497
14689.0,0.03600872270210122,-1.057568175439826,-1.491923383709082,-1.2140077557532785,-0.9169962351303879,-1.177806508380039
14690.0,-0.7517450018182449,0.07445736048174284,-0.11187390736784285,-0.23380955703164844,0.4016839593570631,-0.45383512941337933
14691.0,-0.813810446780454,0.29970536404670484,0.6052666882140015,0.24454212838783287,0.1422232254034017,0.5828538748110268
14692.0,-0.30773835708859526,1.254937876118928,0.4551935907498109,0.39568035087111664,0.7101478727648092,-0.863327845480796
14693.0,0.3033675625393096,0.6551203441547673,0.1780654925604378,-0.14915609878408756,0.021258840188633787,-0.6604149502047527
14694.0,1.9839088415160477,-1.057568175439826,-0.9407524137182625,-0.6065284803291194,-0.8075883471740417,-0.14940024267981358
14695.0,1.5160308718009332,-0.2012239156425293,0.37525064955014265,0.20037844833236992,0.47977559959369576,0.8368506805545434
14696.0,-0.9427156017019651,0.8006346437359392,0.7177416296492204,0.8823455038919252,0.9578193087560118,0.1646668431983933
14697.0,0.07897710767593827,-0.5566388957505917,-1.1255715906348827,-0.6485049221221219,-0.5102446079085138,-1.415279613337111
14698.0,-0.9522641316961511,0.29970536404670484,0.20931249803262333,0.13901052923929363,1.0206567996063762,-0.15408056206405363
14699.0,0.059880047687566246,0.07445736048174284,-0.18463104425386395,-0.004152006062478782,0.057680039452894044,-0.5890413232190593
14700.0,-0.8090361817833609,0.29970536404670484,0.8741955191624721,0.7834061538808618,0.7867777069538352,1.0838465737305172
14701.0,-0.9092957467223141,1.511464603952064,1.1450570611779645,0.8375669857651774,1.9371290098569385,0.12070031782808201
14702.0,-0.9570383966932442,2.2880751597655706,1.3963111446147096,1.1667233728430313,1.694200064854782,-0.2914771573712734
14703.0,-0.8901986867339421,-1.057568175439826,-0.7518804193352017,-0.6413200682922386,-0.5102446079085138,0.20300790835555915
14704.0,-0.9092957467223141,1.1560496238440017,0.47081973733966287,0.5719523201826611,1.646941142036224,-0.7186120211312487
14705.0,-0.01173392726882885,-1.057568175439826,-1.1628955176417064,-1.035643155251807,-2.5113622892582645,-0.5638875295570076
14706.0,1.9934573715102337,-1.057568175439826,-0.6486719608402632,-0.44774471036475055,-0.409791367250838,0.39558014304931344
14707.0,1.1197668770422138,-0.5566388957505917,-1.3422132410543324,-1.0622086921321432,-2.5113622892582645,-1.817028666598066
14708.0,-0.9474898666990581,0.29970536404670484,0.48712143142765746,0.5691247563320615,-0.34907158776898006,0.3628639025645528
14709.0,-0.8901986867339421,2.111282135916225,1.6353147807320914,1.4058460135476727,0.7416649150137341,0.3509317547529842
14710.0,-0.8949729517310351,1.3464940972778903,0.5285261251050143,0.5553805432215534,1.6235668828874024,-0.83379994798827
14711.0,-0.914070011719407,1.1560496238440017,0.8168221308452837,0.4494918357639304,1.3473539456653725,-0.07592801408900562
14712.0,-0.82335897677464,0.07445736048174284,0.2717774944291857,-0.11139197388754374,-0.44192654764477163,0.25987386119215133
14713.0,-0.9188442767165,1.9048962333414947,1.239126488175682,1.262395433015925,1.3510363881442073,-0.15323941943422303
14714.0,-0.8472303017601049,0.07445736048174284,-0.0022203872377705696,0.1812341927848856,0.3409641798752045,-0.2499657009770675
14715.0,-0.842456036763012,0.8006346437359392,0.4998973635993782,0.4916224505327976,0.7181415173627237,-0.24046031580996025
14716.0,-0.7565192668153379,-0.2012239156425293,-0.3688709828406665,0.18225580539420755,0.5703472080455595,-0.5484061078363807
14717.0,2.5377235811788363,-1.057568175439826,-1.7244756051225276,-1.771027793214282,-1.0432983725937395,-1.6117157209934634
14718.0,0.9956359871177956,-1.057568175439826,-0.9950917584520829,-0.5767164796572039,-1.0432983725937395,-0.2507896946664381
14719.0,-0.9522641316961511,0.29970536404670484,0.3971710485997617,0.48842649099681806,1.1663663359298055,0.19542702605014595
14720.0,-0.9331670717077791,-0.2012239156425293,-0.22532497756946376,-0.5238467315670368,-0.16624068800434505,-0.2814588015789025
14721.0,0.8476337722079124,-1.057568175439826,-1.5158379709057839,-1.40029235334365,-0.44192654764477163,-1.222427710609054
14722.0,-0.2599957071176652,-0.2012239156425293,-0.4434993233610894,-0.5389602151498709,0.43606699321124226,-0.6871147856368063
14723.0,-0.914070011719407,1.1560496238440017,0.4910461723177605,0.5742056474334711,1.5606148387936014,-0.6810833665850096
14724.0,1.8550036865945365,-1.057568175439826,-0.7004180627443426,-0.6377568748440309,-0.03660110367654417,0.2990293115993117
14725.0,-0.842456036763012,0.07445736048174284,0.22990696408336028,0.6619901973530721,0.5703472080455595,0.18193060383604934
14726.0,2.165330911405582,-1.057568175439826,-1.4689633298143066,-1.164679055612675,-0.8075883471740417,-1.1349663288861969
14727.0,0.3463359475131466,-0.2012239156425293,-0.48225627511593405,-0.040374296618126464,0.021258840188633787,-0.7591280255887403
14728.0,1.0099587821090745,-1.057568175439826,-1.1181544185072427,-1.286124655672843,-0.8604674728291044,-0.48040703223516246
14729.0,0.8237624472224473,-0.2012239156425293,-0.31435540674281875,-0.17676782464759178,0.8897593496354799,-0.44704649058826107
14730.0,-0.9570383966932442,0.8006346437359392,0.5276875299639128,0.5215380989141785,1.641804184316852,-0.18880203601234868
14731.0,-0.7374222068269658,-0.2012239156425293,-0.6247741520164015,-0.4216536837493171,-0.07757674530912831,-1.023786084012739
14732.0,-0.9236185417135931,1.7871458800763362,1.2933097892944385,1.0116392043199698,1.0942369089268609,0.0810008962710927
14733.0,-0.8854244217368491,1.511464603952064,1.978438609129771,1.6271814424017252,0.9754402475100741,1.6728079935470173
14734.0,1.0720242270712836,0.07445736048174284,0.10770107515147194,-0.16627705551152036,0.10944517163608153,-0.045494848000697696
14735.0,-0.9427156017019651,3.0810494464218268,1.8650726582261996,1.462386297018085,1.2577404080340233,-0.2977967736260388
14736.0,1.3537058618997708,-0.5566388957505917,-0.6361067925955871,-0.7800261334955506,0.413306027586857,-0.5054859343497693
14737.0,-0.9427156017019651,0.07445736048174284,0.9778366222968794,0.517259280394455,-0.32031979307342545,1.5753898121492707
14738.0,-0.7565192668153379,0.9308016202790399,0.4985012436380143,0.2894031562915032,0.2616110427421876,-0.40002716420393747
14739.0,-0.9427156017019651,2.111282135916225,1.8248950016078775,1.9650617502326972,0.9088888272366124,0.7038238828794504
14740.0,-0.021282457263014865,1.1560496238440017,1.090934900294466,0.9536483446345124,1.1477441235911,0.4340351352480745
14741.0,-0.9045214817252211,0.6551203441547673,0.4543358808241499,0.4761381410346254,0.10944517163608153,-0.14712536151770672
14742.0,1.1149926120451208,-1.057568175439826,-0.32220665388752945,-0.17325226770400967,-0.16624068800434505,1.004717752763285
14743.0,1.8693264815858155,-1.057568175439826,-2.0611554770871527,-1.6283279417313867,-1.9434376418968569,-2.2399122493217556
14744.0,-0.8854244217368491,1.4317308999682739,0.9989018591754015,1.047092105241444,0.24760485428798198,-0.059051875452205374
14745.0,-0.4223207170188274,1.254937876118928,0.7400506480815786,0.9172967113947219,0.4582127216583458,-0.334622157493708
14746.0,0.9765389271294235,0.07445736048174284,-0.30553822256621727,-0.1324697313736682,-1.3755129945354494,-0.8135940194657715
14747.0,0.22697932258582149,-1.057568175439826,-0.7296768685631669,-1.1490257546338611,-0.6667842015304029,0.2444365611293689
14748.0,-0.82335897677464,1.0485519735441977,0.7758301715722044,1.0533622644798801,0.9088888272366124,-0.025020619027275166
14749.0,1.3298345369143059,-1.057568175439826,-0.7701423413044722,-0.12428273164575991,-0.6667842015304029,0.1689337716548557
14750.0,2.5520463761701153,-1.057568175439826,-1.4967953207186016,-1.3153475814112587,-0.214451185231064,-1.1868968466225815
14751.0,2.3037845963212793,-0.5566388957505917,-1.4106329992146998,-1.3153475814112587,-1.3755129945354494,-1.9437418704684049
14752.0,-0.7517450018182449,-1.057568175439826,-0.6068812267581565,-0.4115004690897406,-1.6112230199551474,0.47355568080117727
14753.0,-0.5464516069432456,-0.5566388957505917,-0.03187701819370563,-0.10979825775721047,0.057680039452894044,0.6198924393204029
14754.0,-0.7469707368211519,0.4901498374805938,0.3816305600650864,0.4787443192022273,0.7794292983039648,-0.07674945489106465
14755.0,-0.914070011719407,2.111282135916225,1.71806067350912,1.4458691318433317,1.3399390346760849,0.504930977649724
14756.0,-0.8901986867339421,-0.2012239156425293,0.7682638120352814,0.7039260546733143,0.7181415173627237,1.5694222508697642
14757.0,-0.6037427869083617,-1.057568175439826,-0.5523200236787553,-0.7291046182118397,-0.6247574474094066,0.5753590887563045
14758.0,-0.2695442371118512,0.6551203441547673,0.8231976259021646,0.3577132436481219,0.6256046868143018,0.5392394983511856
14759.0,-0.9379413367048721,-0.2012239156425293,0.41690398569610926,0.10201108100954993,0.6344625252190986,0.9144716119844921
14760.0,0.4561440424462858,-1.057568175439826,-1.6587019982485558,-1.6283279417313867,-1.6112230199551474,-1.4889915698502658
14761.0,-0.6801310268618498,-0.2012239156425293,-0.5070936177662486,-0.563888607644377,-0.5466658071727737,-0.8052689105516158
14762.0,0.2985932975422166,-0.5566388957505917,-0.5573257104417815,-0.08481063868742843,-0.32031979307342545,-0.35886194171748004
14764.0,-0.7374222068269658,-1.057568175439826,-0.8476345130407444,-0.6167740006598021,-1.4849208824917954,0.024344453103431165
14765.0,-0.82335897677464,-0.2012239156425293,-0.9126426814049016,-0.8400418052944546,-0.07757674530912831,-1.5574614229593153
14766.0,-0.9236185417135931,1.1560496238440017,1.3970936788029447,1.3829127432826418,1.4512069508372551,1.004168601714383
14767.0,1.301188946931748,-1.057568175439826,-0.6195387386301219,-0.9333741314436567,-0.6667842015304029,0.4499385724518006
14768.0,-0.880650156739756,-0.5566388957505917,-1.110627774315141,-1.4595583680152389,-1.760606742132222,-1.3875413659143947
14769.0,-0.9474898666990581,1.6569789035332354,2.0351502386653024,2.051463524918696,2.4327809143920165,1.611112163751658
14770.0,0.14581681763524038,0.8006346437359392,0.9944899376133777,0.7801252608239332,1.042362494706519,0.6798303635664148
14771.0,2.00300590150442,-0.5566388957505917,-0.30418759017375724,0.1604612929506896,0.07530097820695623,0.11250868616533095
14772.0,-0.42709498201592044,-1.057568175439826,-1.3419062044945782,-1.164679055612675,-1.192682094770814,-0.8978958899571584
14773.0,1.8693264815858155,-1.057568175439826,-1.3353364958802834,-1.447270018053046,-1.1145904545341814,-0.885637752517739
14774.0,1.5637735217718631,-1.057568175439826,-0.9491678103988499,-1.0421845781960928,-0.9169962351303879,-0.16510217029550991
14775.0,-0.6849052918589428,-0.2012239156425293,0.07683407689305664,0.5775712226090391,0.24760485428798198,0.28094600122405805
14776.0,-0.7183251468385938,1.511464603952064,1.0082915931201875,1.4831716540614153,0.38989466139460405,-0.13361058889248908
14777.0,0.9669903971352375,-1.057568175439826,-0.7761405773520411,-0.5451042559620746,-0.7579160438997158,0.15774192035947354
14778.0,-0.35548100705952534,-0.5566388957505917,-0.1563726848853996,-0.3047852448665163,-0.16624068800434505,0.38789234124197264
14779.0,0.37975580249279767,-0.2012239156425293,-0.613321076740304,-1.1490257546338611,-0.03660110367654417,-1.0025269868809883
14780.0,-0.6992280868502218,-0.5566388957505917,-0.5074773587390077,-0.29627499551606934,-0.3788691287103198,-0.2660662128516781
14782.0,0.565952137379425,-1.057568175439826,-1.0833533131750759,-0.9503040176316452,-1.4849208824917954,-0.41547314288774284
14783.0,2.184427971393954,-1.057568175439826,-0.7767454953806305,-0.4064820662334041,-0.7110837506520298,0.1566132297630752
14784.0,-0.837681771765919,-0.2012239156425293,-0.5038878177800022,-0.1928247103190982,-0.409791367250838,-0.7993138174776635
14785.0,-0.914070011719407,-0.5566388957505917,-1.7593128482124212,-1.1490257546338611,-2.179147667316555,-2.587822979418063
14786.0,1.6640330867108164,-1.057568175439826,-1.6448349850572852,-0.9618377798135903,-1.3755129945354494,-1.4631177048811295
14787.0,1.2868661519404687,-1.057568175439826,-1.505610474571036,-1.378005216237291,-0.8604674728291044,-1.203344663994215
14788.0,-0.9283928067106861,-0.2012239156425293,0.17248202412298055,0.2555912553972226,0.189055518651088,0.4590821019829256
14789.0,-0.82335897677464,-1.057568175439826,-1.092185591486567,-0.9389691233576822,-1.4849208824917954,-0.4319529120528296
14790.0,-0.880650156739756,1.0485519735441977,0.7330470137796776,1.1104963699964516,0.3534734621303434,-0.10457289774834193
14791.0,1.9361661915451176,-1.057568175439826,-0.7853389965394351,-0.8798968913203039,-0.6247574474094066,0.14057898464279256
14792.0,-0.6562597018763847,-1.057568175439826,-3.472746652817338,-3.347422325913002,-2.179147667316555,-4.8737396618073054
14793.0,-0.861553096751384,-0.5566388957505917,-0.2674580631799254,-0.1964467998223347,-0.05683280004799887,0.18092875307608372
14794.0,-0.9474898666990581,1.0485519735441977,0.5486686404127168,0.3115746442495649,0.5703472080455595,-0.44720556113136495
14795.0,-0.16928467217289805,-1.057568175439826,-1.3830191419347753,-2.1695060660815124,-1.4849208824917954,-0.974606756034783
14796.0,-0.9570383966932442,2.202838357075187,1.732081105973567,1.7683230125640197,1.9926989164930873,0.42824605322550774
14797.0,1.458739691835817,-1.057568175439826,-0.7932026174897939,-1.0421845781960928,-0.7579160438997158,0.12590659168897764
14798.0,-0.7087766168444078,0.8006346437359392,-0.16282393333224385,0.13791939607295814,-0.26567674408401915,-1.4692651648481017
14799.0,-0.7183251468385938,-0.5566388957505917,-0.7083090109841422,0.010591697301474957,-0.5847816131886778,-0.6398281184506549
14800.0,-0.7326479418298728,1.6569789035332354,1.4834633086778028,1.7022915105428602,1.6917795547565888,0.5833383925143336
14801.0,-0.6705824968676638,-1.057568175439826,-1.12281414658168,-0.6780563053151835,0.233355067772715,-0.48910141893025705
14802.0,1.1293154070363998,-0.5566388957505917,0.36049776971780473,-3.347422325913002,-2.5113622892582645,1.3513604678213718
14803.0,-0.1883817321612701,-0.2012239156425293,-0.05190509724945895,-0.18030228252576944,-0.143159103290622,0.04125548286882421
14804.0,-0.9188442767165,-1.057568175439826,-0.6770097534851514,-0.9114585160096889,-0.9777160146122458,0.34270587154585935
14805.0,-0.8901986867339421,0.6551203441547673,0.1252180923679989,-0.10346175008111069,0.5984416885683977,-0.7584970496834362
14806.0,-0.6037427869083617,-0.5566388957505917,-0.7858102772853389,-0.09251773260616844,-0.7110837506520298,-0.7839855500487168
14807.0,0.9049249521730284,-0.5566388957505917,-0.42242385219496414,-0.4804854634606252,-0.09885955416899503,-0.10770136574172827
14808.0,-0.7708420618066169,0.8006346437359392,0.7855797925653268,0.9658489782661286,1.1617503120453048,0.2909023891212291
14809.0,2.00300590150442,-0.5566388957505917,-0.2009707484929364,-0.48610436588700323,-0.6667842015304029,0.30479587170742406
14810.0,-0.7660677968095239,1.3464940972778903,0.6822952928188148,0.570822753613012,0.8832823034758474,-0.5485098078948657
14811.0,0.8858278921846564,-1.057568175439826,-1.1976081889750232,-1.2313089537736739,-0.32031979307342545,-0.628656413700108
14812.0,1.8979720715683737,-1.057568175439826,-1.163493763280323,-0.8400418052944546,-0.12070997099915268,-0.5650037704272252
14813.0,0.8046653872340753,0.07445736048174284,-0.01606043093916047,-0.14243064287215934,0.7794292983039648,-0.27570331132638215
14814.0,1.8120353016206996,-1.057568175439826,-1.269227264003703,-1.082861937727266,-0.32031979307342545,-0.7622873730816871
14815.0,-0.7851648567978959,-0.5566388957505917,-0.11111863076574745,0.2780305525741137,0.189055518651088,0.47221827585691123
14816.0,-0.021282457263014865,-1.057568175439826,-0.8644006171229079,-2.8917421141099786,-1.760606742132222,-0.00693870117765558
14817.0,-0.006959662271735843,0.6551203441547673,1.055378776904299,1.064126444081475,0.986980467473245,0.9716828900427273
14818.0,-0.6085170519054547,0.4901498374805938,0.17076864384171012,0.07131861831159202,0.5891834875500419,-0.4687168851039382
14819.0,-0.6562597018763847,0.07445736048174284,-0.49364914418490213,-0.6894897688346715,0.17374026765232672,-1.162568787081392
14820.0,-0.861553096751384,0.9308016202790399,0.24240101771279607,0.260140806992655,0.15813328011056985,-0.8753668648793725
14821.0,0.7903425922427962,0.6551203441547673,0.21685935936540054,-0.038943594025597925,0.3534734621303434,-0.5883918034522961
14822.0,1.3537058618997708,-1.057568175439826,-1.2532703856285576,-1.0759051788219403,-1.192682094770814,-0.7325141183286489
14823.0,-0.10244496221359597,-0.2012239156425293,-0.7445880820705633,-1.1187947925387802,0.233355067772715,-1.2460719162866658
14824.0,-0.914070011719407,1.0485519735441977,1.0667116877050955,0.912271915606298,0.5607641505877349,0.5162300391873491
14825.0,-0.9427156017019651,2.0628271562006084,1.1836479975487568,1.1425358592541,1.2111502729297718,-0.4342804027416619
14826.0,1.8168095666177926,-0.5566388957505917,-0.6150840977909758,-0.7626103446465929,-1.1145904545341814,-0.46636338975707126
14827.0,2.213073561376512,-1.057568175439826,-4.8893385150002535,-2.8917421141099786,-2.5113622892582645,-7.516897640597673
14828.0,-0.021282457263014865,1.3464940972778903,1.7084204002863204,1.9665515496753407,0.43606699321124226,1.3609196095741611
14829.0,-0.82335897677464,0.6551203441547673,0.33766055607969486,0.44334460319571367,0.4903479020522795,-0.3640005002077584
14830.0,-0.7087766168444078,-1.057568175439826,-1.124550478904817,-0.712971107144618,-0.05683280004799887,-0.4923411669171324
14831.0,2.2846875363329073,-0.2012239156425293,0.43888173491339766,0.3919808049131861,0.37793325082309986,0.9554293660228482
14832.0,2.045974286478257,-1.057568175439826,-0.7417893090728959,-3.613978162138445,-2.5113622892582645,0.22183647804927853
14833.0,1.420545571859073,-1.057568175439826,-1.6154788772819795,-1.3890543432466802,-1.3755129945354494,-1.40834340286519
14834.0,-0.875875891742663,0.6551203441547673,0.6357614820515508,0.38226340392478936,0.21885305959242807,0.19034512014646873
14835.0,1.5637735217718631,-0.5566388957505917,-0.8011292851381396,-0.6521270116253584,-2.5113622892582645,-0.8124740437866868
14836.0,-0.914070011719407,-0.2012239156425293,-1.560349079056193,-1.552680491898286,-1.6112230199551474,-2.7508064380479933
14837.0,-0.5321288119519666,0.9308016202790399,0.9586388855560789,1.2005467210528329,1.1382718554069673,0.45575177170230274
14838.0,1.0577014320800047,-0.5566388957505917,-0.11906103749208909,-0.1964467998223347,0.4016839593570631,0.45741797228601966
14839.0,1.0338301070945395,-0.2012239156425293,0.004894552422973917,0.4224284938684444,0.30224790327738865,0.14699532992058392
14840.0,0.3176903575305886,-0.5566388957505917,-0.6581387741569187,-0.6557691682088246,-0.5847816131886778,-0.5464834559837031
14841.0,-0.7087766168444078,1.4317308999682739,1.4806311768179428,1.4094864163450784,1.2494641551154662,0.8374677097076133
14842.0,-0.7517450018182449,0.07445736048174284,0.8130405773719259,0.573079949244379,0.9025618299872694,1.2681953454672297
14843.0,1.1245411420393068,-1.057568175439826,-1.0427729512960122,-0.8547057794021347,-1.192682094770814,-0.33975598670024093
14844.0,-0.6562597018763847,1.0485519735441977,1.4329475601006303,1.441072703221242,1.0738795369554441,1.198378928926359
14845.0,1.9027463365654667,-1.057568175439826,-1.2889605703073153,0.1368264488855615,-2.5113622892582645,-0.7991069026841892
14846.0,1.0767984920683766,-1.057568175439826,-0.5241099353758782,-0.6065284803291194,-0.9777160146122458,0.6279950822069731
14847.0,-0.2504471771234792,-0.2012239156425293,0.28296345016503704,0.05912146729270992,0.233355067772715,0.6648950112868398
14848.0,0.9717646621323305,-1.057568175439826,-0.769197393449716,-0.4115004690897406,-1.0432983725937395,0.17069690931540304
14849.0,-0.856778831754291,2.7612404931387906,2.0302074805649437,2.0962688693401996,1.537533254079878,0.361644129554974
14850.0,0.5277580174026809,0.6551203441547673,0.47816289004099244,0.68992820330958,0.9088888272366124,-0.10282010685934105
14851.0,-0.852004566757198,-0.2012239156425293,-0.06571860580905463,0.16989040795676677,-0.07757674530912831,0.015542785369195943
14852.0,-0.6849052918589428,1.7237759069352954,1.369178284126404,1.44062123868584,1.042362494706519,0.2942984132685476
14853.0,-0.8472303017601049,0.29970536404670484,0.2976535462040521,-0.22616519669220447,-0.3788691287103198,0.010243567094467207
14854.0,-0.5894199919170826,1.1560496238440017,1.1150092419337818,1.191153464050304,1.1334943370758328,0.478848531349706
14855.0,-0.3936751270362694,0.6551203441547673,1.4131809636158301,1.2971910914756026,1.123854907395181,1.6384952642371147
14856.0,-0.7899391217949889,-0.2012239156425293,0.25121702601609963,0.2482458428702906,0.3534734621303434,0.6057503126684975
14857.0,-0.6753567618647568,0.6551203441547673,0.9972871059872107,0.9536483446345124,1.1334943370758328,0.8634628858080309
14858.0,1.453965426838724,-1.057568175439826,-1.155952589654322,-1.0038781562122157,-1.0432983725937395,-0.5509330181017861
14859.0,-0.8997472167281281,0.29970536404670484,0.45121017625980087,0.394203029840889,0.15813328011056985,0.29601146400499295
14860.0,-0.87110162674557,-1.057568175439826,-1.1983617460616716,-0.48610436588700323,-1.0432983725937395,-0.6300624435377913
14861.0,-0.7135508818415008,1.0485519735441977,0.2996610261504363,0.5203184184496683,0.3153576561144396,-0.9092752864548604
14862.0,-0.837681771765919,-0.5566388957505917,-0.055601970999231136,0.30228549368196617,0.09255092212907612,0.5756767096441131
14863.0,-0.82335897677464,-1.057568175439826,-0.8779137580196374,-0.8547057794021347,-1.0432983725937395,-0.03215229101479461
14865.0,-0.9283928067106861,0.07445736048174284,-1.6327638664873434,-0.5702712556617224,-1.760606742132222,-3.2544703655909406
14866.0,-0.9092957467223141,1.7871458800763362,2.24369306292493,1.9225658386778126,-0.03660110367654417,1.851080890195818
14867.0,-0.07379937223103794,1.5863629060023545,0.8446788926388368,0.46957713266706547,0.37793325082309986,-0.5235612801667512
14868.0,-0.9474898666990581,1.254937876118928,1.0948809222073563,0.999088978108016,0.9275818525974744,0.32519716648759867
14869.0,-0.9188442767165,0.4901498374805938,0.8011205571898372,0.9689412115392771,1.2111502729297718,0.7040505085553433
14870.0,0.28904476754803055,0.4901498374805938,0.5051818848775995,-0.005508884937980794,0.021258840188633787,0.15309806996373754
14871.0,-0.9474898666990581,0.9308016202790399,0.21570435546459268,-0.05779008546708409,0.8701725506387965,-0.9248627983586095
14872.0,1.3489315969026778,-0.2012239156425293,-0.07687458763175331,0.20137076185179442,-0.16624068800434505,-0.0052222801159451425
14873.0,0.04078298769919422,-0.5566388957505917,-0.04466869270706005,-0.29416453597707787,0.10944517163608153,0.5960526342195408
14874.0,1.5924191117544213,-1.057568175439826,-1.4709202987502508,-0.7800261334955506,-1.4849208824917954,-1.1386177532628095
14875.0,-0.44619204200429247,-0.2012239156425293,0.8225538480275552,0.6605123228113144,0.5984416885683977,1.6706462546137937
14876.0,1.5255794017951192,-0.5566388957505917,-0.9053940379989354,-0.7209883721386089,-0.9777160146122458,-1.0063170664341252
14877.0,1.0338301070945395,-0.5566388957505917,-0.5432690721468153,-0.6972240648877613,0.24760485428798198,-0.33269616741682584
14878.0,-0.8997472167281281,2.111282135916225,1.0762054694610388,1.0517323274917063,1.0790164946748164,-0.6880394053297597
14879.0,2.3085588613183723,-1.057568175439826,-1.1391342398705404,-1.0101095543538685,-0.34907158776898006,-0.5195523808075777
14880.0,-0.5941942569141756,-0.2012239156425293,-0.19698568564622676,-0.18922246798122297,0.057680039452894044,-0.2287372479380024
14881.0,-0.866327361748477,-1.057568175439826,-0.909023200694543,-0.28371268495621643,-0.7110837506520298,-0.09019806539556031
14882.0,-0.832907506768826,1.4317308999682739,0.9763171354049116,0.786670754416003,-0.214451185231064,-0.10104027645355461
14883.0,-0.87110162674557,0.4901498374805938,-0.12685704815733773,0.31741830567587953,-0.05683280004799887,-1.0210796378446845
14884.0,2.232170621364884,-1.057568175439826,-1.444350779504955,-1.2490778079274656,-1.2790083980134372,-1.0890428272304025
14885.0,-0.3316096820740603,-0.2012239156425293,0.40451404369623434,0.6485681774846647,-0.44192654764477163,0.8913823803321177
14886.0,0.2460763825741935,-1.057568175439826,-0.6540270309006823,-0.7291046182118397,-0.6667842015304029,0.38558834757523336
14887.0,-0.5846457269199896,-1.057568175439826,0.5141157307392417,0.5348073262673106,-1.4849208824917954,2.5651758090173202
14888.0,0.026460192707915203,-1.057568175439826,-0.6454469812691326,-0.6377568748440309,-0.5847816131886778,0.4015974940679297
14889.0,0.642340377332913,-1.057568175439826,-1.359305824575161,-1.1041851339251454,-1.1145904545341814,-0.930361094559594
14890.0,0.2508506475712865,-0.2012239156425293,-0.07630431876135492,0.17507095156432437,0.21885305959242807,-0.004160835354950114
14891.0,-0.2552214421205722,0.07445736048174284,0.14105556267265199,0.3157539817950618,0.21885305959242807,0.016567811172842978
14892.0,2.3372044513009302,-1.057568175439826,-1.07536910370081,-1.1888808406597104,-0.9169962351303879,-0.40057574898084847
14893.0,-0.914070011719407,-0.2012239156425293,0.4936468281659353,0.502373944508445,0.6856880840720535,1.0574960474133714
14894.0,-0.5560001369374316,-0.2012239156425293,0.35562886611242117,0.14009985439624004,-0.05683280004799887,0.8002875263433626
14895.0,-0.9236185417135931,2.612211415605459,2.38093907217881,2.030689480066199,1.9115795254691184,1.1798957311640828
14896.0,0.016911662713729188,0.8006346437359392,0.5001134210705676,0.42525605771904396,1.0315815224206653,-0.24005872234803347
14897.0,-0.9236185417135931,0.8006346437359392,0.8890773970015201,0.570822753613012,0.6518959929570478,0.48355236729236417
14898.0,-0.852004566757198,1.4317308999682739,0.9388025846902921,0.9922764033422745,1.2023871725805064,-0.1707747351943683
14899.0,0.9240220121614005,-1.057568175439826,0.2735624181866236,0.1031634171184404,0.8897593496354799,2.1163377037227367
14900.0,1.5303536667922122,-1.057568175439826,-2.949891019587722,-1.5111462029625293,-2.5113622892582645,-3.8981657681406054
14901.0,-0.9092957467223141,1.254937876118928,0.5357419771510098,0.38826032196798577,0.7260579274719773,-0.7139418017204852
14902.0,-0.837681771765919,-0.2012239156425293,0.09344492012725888,0.25284633457514366,0.15813328011056985,0.31187908419306537
14903.0,-0.861553096751384,0.29970536404670484,0.8055454783118456,0.7519853483603718,1.3692043624955306,0.9559299056918094
14904.0,-0.9522641316961511,0.07445736048174284,0.418894824436658,1.0799492916765878,0.8961855949101813,0.5338147016271022
14905.0,-0.20747879214964213,0.8006346437359392,0.5550602387175193,0.4780937426208802,0.057680039452894044,-0.13791256830214002
14906.0,1.1627352620160507,-1.057568175439826,-1.8464008654485857,-3.613978162138445,-2.5113622892582645,-1.8392108332061723
14907.0,-0.9474898666990581,1.5863629060023545,1.2972846295932556,1.0956547037554094,1.0477002469551036,0.31776717556142275
14908.0,-0.6085170519054547,-0.5566388957505917,-0.6212421527095434,-0.644902679784246,-0.8604674728291044,-0.477823638149633
14909.0,1.1245411420393068,-0.2012239156425293,0.3119927876210334,0.394203029840889,0.30224790327738865,0.7189810752765184
14910.0,-0.9474898666990581,0.07445736048174284,-0.5291197790970059,-0.46938971345332225,-0.409791367250838,-1.2283099151536958
14911.0,-0.9570383966932442,5.485111719139543,4.13982753285643,3.757747364113561,3.3478295093707016,1.3166134210997935
14912.0,-0.880650156739756,0.4901498374805938,0.5245359392285437,0.8652319757505661,0.03967179647401301,0.18911340724175127
14913.0,-0.7899391217949889,0.8006346437359392,1.0756121409325432,1.375641192626671,1.1617503120453048,0.8309179684187173
14915.0,-0.5273545469548736,1.1560496238440017,0.49429651204419645,0.24454212838783287,0.3534734621303434,-0.6750520534277161
14916.0,-0.6228398468967337,0.8006346437359392,0.8664321526203574,1.0514602780022873,0.8012797151341228,0.4413950105221006
14917.0,1.8884235415741877,-0.5566388957505917,0.1519973975642051,0.39641776831444836,-0.29254282546769667,0.9626285026652118
14918.0,-0.40799792202754837,0.9308016202790399,1.3482108339754713,1.0874626029611174,0.5110918473134085,1.1813432923523597
14919.0,1.6115161717427933,-1.057568175439826,-0.6647988258930192,-0.8697043215419273,-0.9169962351303879,0.36548971744755787
14920.0,0.05510578269047324,-0.2012239156425293,0.4085637289030356,0.39272238150823335,0.6166500395156311,0.8989291022028683
14921.0,-0.818584711777547,-0.5566388957505917,0.26526899052935415,0.4405939398447174,0.5007855218324396,1.1738034241667872
14922.0,0.9192477471643075,-0.5566388957505917,-0.05344102371435127,-0.1697554106198197,0.12599809971663617,0.5797039538487573
14923.0,-0.7183251468385938,-1.057568175439826,-0.13870742431590674,-0.10031625325820803,0.03967179647401301,1.347101092447819
14924.0,0.21265652759454245,-0.2012239156425293,0.017109141426280818,-0.2920608299201562,-0.26567674408401915,0.16973678890437063
14926.0,0.8619565671991913,-0.5566388957505917,-0.6646992635478085,-0.5702712556617224,-2.179147667316555,-0.558690674724609
14927.0,0.9335705421555864,-1.057568175439826,-0.7746537172459755,-0.596440186477966,-0.5847816131886778,0.16051618883976565
14928.0,2.036425756484071,-1.057568175439826,-1.0030557822769963,-0.39165269501153327,-0.5466658071727737,-0.26564942503624184
14929.0,-0.8090361817833609,-0.5566388957505917,-0.05945503749802836,-9.809240364169823e-05,-0.16624068800434505,0.5684959872541866
14930.0,-0.4414177770071994,0.4901498374805938,1.2558943810839225,0.9880947871784839,1.3172829716921783,1.5514642950715587
14931.0,-0.9379413367048721,0.29970536404670484,0.2327288862476384,-0.10188712038986061,-0.26567674408401915,-0.1105296127869039
14932.0,0.7855683272457032,-0.5566388957505917,-0.2228251300084601,-0.41910064138804515,-0.29254282546769667,0.26407883198433646
14933.0,1.1579609970189577,0.07445736048174284,0.47777401080174686,0.1368264488855615,-2.5113622892582645,0.6434812448995302
14934.0,-0.5703229319287106,0.29970536404670484,0.9675355194008234,0.9596205320389182,0.8155295016493898,1.2577936435279653
14935.0,0.4561440424462858,-0.5566388957505917,0.8193967503026865,0.9044918534226735,-0.409791367250838,2.207180005875766
14936.0,-0.7994876517891749,1.254937876118928,1.8750073350943839,1.6789296532591746,1.5016439224567204,1.7784730084951133
14937.0,-0.6896795568560358,-0.2012239156425293,0.4150977684482067,-0.004152006062478782,-0.18999139653830796,0.9111056116800007
14938.0,1.7213242666759323,-0.5566388957505917,0.6726013482864797,0.6785112868793287,0.42476554407078576,1.9333873315340147
14940.0,1.0338301070945395,-0.5566388957505917,-0.3845861128653023,-0.15595106968361416,-0.214451185231064,-0.03723743125677749
14941.0,1.8024867716265136,-1.057568175439826,-1.1506421416138226,-1.180714181827603,-1.3755129945354494,-0.54102448094023
14942.0,0.9574418671410515,0.07445736048174284,-0.14114148087953518,-0.20928361792087674,-0.9777160146122458,-0.5082303399041427
14943.0,2.203525031382326,-1.057568175439826,-1.5253539878334312,-1.5385421495302896,-1.6112230199551474,-1.2401832383231948
14944.0,-0.818584711777547,1.7871458800763362,1.704413786127428,1.5116149734495563,1.1979702234882976,0.8461623080327484
14945.0,1.0147330471061675,-1.057568175439826,-1.1613026299688753,-0.745644046063802,-1.0432983725937395,-0.5609154287888497
14946.0,-0.8949729517310351,-1.057568175439826,-1.571182235201074,-2.0083607037013094,-1.9434376418968569,-1.3256921988907822
14947.0,-0.6180655818996407,0.4901498374805938,0.10318760208607321,-0.10346175008111069,0.09255092212907612,-0.5942434205968771
14948.0,-0.852004566757198,0.4901498374805938,0.13796535563963191,0.2121884829767844,0.233355067772715,-0.5296531150294098
14949.0,1.2773176219462827,0.07445736048174284,-0.4071597707280895,-0.437183718880154,-0.7579160438997158,-1.0021829655927972
14950.0,-0.87110162674557,-1.057568175439826,-0.6415806163017972,-0.8352256109933592,-0.6247574474094066,0.4088115785795974
14951.0,-0.5846457269199896,-1.057568175439826,-0.766599447383574,-0.29416453597707787,-0.5847816131886778,0.17554430541904095
14952.0,-0.6753567618647568,2.4058255130307287,2.126864310539508,1.7487390134445022,1.414637949268572,0.9363057029965793
14953.0,-0.842456036763012,0.07445736048174284,0.04749316117359028,0.4813402064124605,1.2740462610544514,-0.15750272335913426
14954.0,-0.9045214817252211,-0.5566388957505917,-0.48474661316342343,-0.5544293425508449,0.7867777069538352,-0.22374673165611517
14955.0,2.5377235811788363,-1.057568175439826,-1.226335481685027,-1.2313089537736739,-0.26567674408401915,-0.6822574366641153
14956.0,1.0481529020858187,-1.057568175439826,0.2701180131501158,1.0741917043973694,-1.760606742132222,2.1099109361424104
14957.0,0.2460763825741935,-0.5566388957505917,-0.8916316220829659,-1.0554659911595055,-0.34907158776898006,-0.9807366834030624
14958.0,-0.2599957071176652,0.4901498374805938,0.025513717189261872,-0.44244300758420896,0.17374026765232672,-0.7384471124884032
14959.0,-0.6562597018763847,0.07445736048174284,-0.19199148423922843,0.009264940883848482,-0.09885955416899503,-0.6027162454009839
14960.0,-0.9236185417135931,-0.5566388957505917,-1.0115287658580865,-0.5178973010822051,-0.4753737252323317,-1.2035245593093893
14961.0,-0.9092957467223141,1.9598138796697315,2.0754407876408743,1.8685514797875984,1.6696670323348335,1.3414053828182622
14962.0,0.33201315252186764,0.07445736048174284,-0.6498997029531373,-0.9007687263045723,-0.8604674728291044,-1.4519893357153255
14963.0,-0.914070011719407,1.254937876118928,0.8851905749899808,1.0156741604961994,1.6076051688963144,-0.06486431567562237
14964.0,0.21743079259163547,-1.057568175439826,-1.0618753359574498,-0.8024654306724417,-0.9169962351303879,-0.3753983066794038
14965.0,-0.5034832219694085,-0.5566388957505917,-0.3024187342590729,-0.1928247103190982,0.521270140592798,0.1158035934437336
14966.0,-0.8901986867339421,0.4901498374805938,0.11300189779242496,0.5104786451310153,0.8832823034758474,-0.5760174818763051
14967.0,-0.7230994118356868,0.4901498374805938,0.5591307363124026,0.19137957286280066,-0.5102446079085138,0.25349609281738783
14968.0,-0.818584711777547,-0.5566388957505917,-0.4265554271604347,-0.41910064138804515,0.5510676815341373,-0.11539501954495468
14969.0,2.399269896263139,-1.057568175439826,-0.002228296937043217,0.20433874694626142,-0.9169962351303879,1.6017516407814156
14970.0,-0.6371626418880127,1.254937876118928,1.2110385333068154,0.46028030485974736,0.42476554407078576,0.5414059929757226
14971.0,-0.7947133867920819,-0.2012239156425293,0.13536474292312592,0.17815979474936042,0.9983604014140248,0.3899491738808688
14972.0,-0.3507067420624323,-0.5566388957505917,-1.3127803511377614,-1.6283279417313867,-0.5847816131886778,-1.7624922205975286
14973.0,-0.45096630700138546,-0.2012239156425293,0.2643858025407221,-0.18207666304100728,-0.29254282546769667,0.6302837230347461
14974.0,-0.7851648567978959,-1.057568175439826,-1.6528388680776704,-1.678281653088581,-0.7110837506520298,-1.478051806813662
14975.0,-0.6896795568560358,-0.5566388957505917,-0.4690073209467712,0.02630736795746641,-0.409791367250838,-0.1944420493365593
14976.0,-0.6896795568560358,0.6551203441547673,-0.09982947415292369,-0.4804854634606252,0.09255092212907612,-1.175690364710731
14977.0,2.5043037261991854,-1.057568175439826,-2.381783855878658,-2.1695060660815124,-1.760606742132222,-2.8381589852047826
14978.0,-0.6180655818996407,1.0485519735441977,0.8825722482155288,0.2709329658810809,1.157108134911449,0.17352597459642996
14979.0,2.5472721111730223,-1.057568175439826,-0.5368923366343098,-0.5544293425508449,0.0024225606841520096,0.6041449481095906
14980.0,2.5568206411672088,-1.057568175439826,-1.2857362685345763,-1.1888808406597104,-0.44192654764477163,-0.7930908163405119
14981.0,0.21265652759454245,-0.5566388957505917,-0.6382721227035563,-0.4611890967410044,-0.5847816131886778,-0.5095153709402886
14982.0,1.7690669166468624,-1.057568175439826,-0.960113208306303,-0.8902499805920427,-0.05683280004799887,-0.18552471865431475
14983.0,2.3276559213067443,-1.057568175439826,-1.1463439792284535,-1.1041851339251454,-0.26567674408401915,-0.5330047241519068
14984.0,-0.87110162674557,0.4901498374805938,0.23434050791674788,-0.22048970030448686,0.10944517163608153,-0.35059042967874254
14985.0,-0.016508192265921855,-0.5566388957505917,-0.8132471415055055,-0.4216536837493171,0.5007855218324396,-0.8350079728043277
14986.0,0.8333109772166333,-0.5566388957505917,-0.3432042239728489,-0.23960173178512437,0.5891834875500419,0.03983461519433393
14987.0,-0.8854244217368491,0.8006346437359392,0.38288958936800943,0.14443919412351353,-1.760606742132222,-0.4578750710345845
14988.0,0.050331517693380234,0.6551203441547673,0.5791228116816757,0.6240084623947109,1.1382718554069673,0.0849635354431517
14989.0,2.198750766385233,-1.057568175439826,-0.6993724620902267,-0.5832255187891728,-0.6667842015304029,0.30098025299981923
14990.0,1.9600375165305828,-0.5566388957505917,-0.7840680823828355,-0.8697043215419273,-0.016856965827270066,-0.7807454934439224
14991.0,1.0911212870596556,-1.057568175439826,-0.7597929959030655,-0.613341055094861,-0.5466658071727737,0.18824417121541265
14992.0,1.1484124670247717,-1.057568175439826,-1.0471702041907511,-0.793397596124442,-0.34907158776898006,-0.3479606322186601
14993.0,1.7308727966701185,-1.057568175439826,-2.2956428389405326,-2.0375836294397245,-1.192682094770814,-2.6774321574576074
14994.0,0.8619565671991913,0.29970536404670484,0.029104150707092585,0.1008567214823966,1.3904871713553972,-0.48907328155970664
14995.0,-0.7756163268037098,-0.5566388957505917,-0.9777588934481739,-1.022752397493591,0.189055518651088,-1.1407905073868938
14996.0,1.3346088019113989,-0.5566388957505917,-0.5161500436370899,-0.12265749575793934,-0.09885955416899503,-0.2822120000991965
14997.0,-0.7421964718240589,0.07445736048174284,-0.11286987644092075,0.6969643844450929,-0.12070997099915268,-0.4556863283589339
14998.0,-0.15018761218452603,0.07445736048174284,-0.13481480161891676,-0.21299779492920515,0.7867777069538352,-0.496472637433647
14999.0,1.8693264815858155,-1.057568175439826,-1.3937724967430472,-1.1187947925387802,-1.192682094770814,-0.9946709794141612
15000.0,-0.7326479418298728,-1.057568175439826,-0.4420378842140355,-0.5268417598989991,0.47977559959369576,0.7811298012853645
15001.0,0.9192477471643075,-0.5566388957505917,-1.0868947059010585,-1.267340303990541,0.03967179647401301,-1.3434827052541216
15002.0,-0.40799792202754837,0.9308016202790399,1.086961858264687,0.9943572791798269,1.3436548781077107,0.6946784417886865
15003.0,1.2964146819346547,0.4901498374805938,0.08747375621277528,0.049198145569619475,1.4576839969968878,-0.6234228349640137
15004.0,-0.2599957071176652,-1.057568175439826,0.21137114160354392,0.16151567582594573,1.0530034504034316,2.0002976689745346
15005.0,-0.8854244217368491,3.0810494464218268,1.948773379616248,1.8912389223987622,2.1509886184464784,-0.14228270522148576
15006.0,-0.7183251468385938,-0.5566388957505917,-0.13045123623664565,-0.1508482685260959,1.1091797317045071,0.4361932404819789
15007.0,-0.2027045271525491,-1.057568175439826,-1.256851458254487,-1.2766653905793108,-0.9777160146122458,-0.7391958881005485
15008.0,1.3298345369143059,-0.5566388957505917,-0.6635055916308286,0.73854628159756,-1.4849208824917954,-0.5564696111581592
15009.0,-0.9045214817252211,-0.2012239156425293,0.23372589908585442,0.17815979474936042,1.0206567996063762,0.5731654486699156
15010.0,-0.7899391217949889,-1.057568175439826,-0.7729383669268005,-0.6377568748440309,-0.5847816131886778,0.1637167874056514
15011.0,0.9287962771584934,-0.5566388957505917,-0.55899060644651,-0.3422356672739857,-0.7110837506520298,-0.36196098725884185
15012.0,-0.7040023518473147,-0.2012239156425293,-0.24452296846497246,-0.15766084329183738,1.1091797317045071,-0.3171706244603572
15013.0,1.3680286568910498,1.0485519735441977,0.4101905818243067,0.8265497849186187,1.1663663359298055,-0.7042804149890344
15014.0,-0.7565192668153379,-0.5566388957505917,-0.9026980310556497,-0.7756287419706503,-0.29254282546769667,-1.0013061111828647
15015.0,1.430094101853259,1.3464940972778903,0.6825816608403781,0.7743440011134479,1.0738795369554441,-0.5479781943734147
15016.0,-0.13586481719324703,0.29970536404670484,-0.27321591398630507,-0.4557783042066653,0.643225625568364,-1.0502141609356777
15017.0,-0.7994876517891749,-1.057568175439826,-1.4155482502842585,-1.3355771031233274,-0.5847816131886778,-1.0353014236890083
15018.0,-0.7756163268037098,-0.2012239156425293,-0.4337784725415464,-0.6202249670189166,-0.26567674408401915,-0.669050225248813
15019.0,0.3129160925334956,-1.057568175439826,-0.9163087833918105,-0.7712605692098072,0.3409641798752045,-0.10379192157284038
15020.0,0.8476337722079124,-1.057568175439826,-1.0891934274485897,-0.967681441239905,-0.34907158776898006,-0.42636996154890494
15021.0,-0.9188442767165,1.254937876118928,0.7256187376424464,0.5221470916226655,1.7342909832912132,-0.3614333234742439
15022.0,-0.9045214817252211,0.29970536404670484,0.15815318262358308,0.1791861924313911,0.8155295016493898,-0.24921277882105877
15023.0,-0.9474898666990581,1.8474233769671247,1.8252067804663465,1.4971328409186933,1.9910182142168888,1.002601130041474
15024.0,-0.914070011719407,1.5863629060023545,0.9788894838325,0.9021056163860496,1.123854907395181,-0.2742982546428922
15025.0,-0.8042619167862679,-0.5566388957505917,0.05371715557398888,0.021110443014004502,0.9275818525974744,0.7794261793092727
15026.0,-0.5798714619228966,0.29970536404670484,0.10257271920883586,0.19439290548070715,0.772014387314677,-0.3525391753254053
15027.0,-0.813810446780454,1.0485519735441977,0.9015453474698403,1.144428361696131,0.4016839593570631,0.20882635302790706
15028.0,-0.9236185417135931,0.4901498374805938,0.04128171365022619,0.2121884829767844,0.3534734621303434,-0.7091797755358102
15029.0,1.9982316365073267,-1.057568175439826,-0.6534387573861475,-0.4804854634606252,-1.1145904545341814,0.3866859818869662
15030.0,-0.6180655818996407,0.8006346437359392,0.5581533123494327,0.605503609501791,-0.409791367250838,-0.13216170078632813
15031.0,-0.9427156017019651,1.4317308999682739,0.8804369336199029,0.7710174534371892,1.4043746575895693,-0.2792404052640043
15032.0,0.26039917756547254,0.8006346437359392,1.789075889894608,1.7123253985749374,-0.05683280004799887,2.1606917678447997
15033.0,-0.9379413367048721,1.0485519735441977,0.7416710200474841,0.809866372036147,1.6366348165552551,-0.0885384858694982
15034.0,-0.8854244217368491,1.4317308999682739,1.58036606483308,1.4957499889536092,1.8638744309965847,1.0232440223910262
15035.0,-0.5321288119519666,-1.057568175439826,-0.9165350026006691,-0.45041168189989716,-0.3788691287103198,-0.1042140142890364
15036.0,-0.6180655818996407,-0.2012239156425293,-0.5370589829279826,-0.28371268495621643,0.7569801660124958,-0.860926786450101
15037.0,0.8333109772166333,-0.5566388957505917,-0.5921179082614121,-0.32214354917445553,-0.03660110367654417,-0.423620684774893
15038.0,-0.6801310268618498,0.9308016202790399,0.16638591965362337,-0.1610937888567785,1.2241216584486951,-1.01626812608096
15039.0,-0.914070011719407,3.6990721032283767,2.699208856113957,2.363657113031517,2.1098355186528086,0.5765533620574415
15040.0,1.6258389667340722,-1.057568175439826,-3.354481175291091,-3.613978162138445,-2.5113622892582645,-4.653073181302993
15041.0,-0.15018761218452603,-0.5566388957505917,-0.8196677959891362,-0.6031484853164844,0.6856880840720535,-0.8469470673319381
15042.0,-0.01173392726882885,-0.5566388957505917,-0.758022050976123,-0.46938971345332225,-1.192682094770814,-0.7323032132567348
15043.0,-0.813810446780454,0.4901498374805938,0.824535936353005,0.484570717000652,-0.05683280004799887,0.7476630621705957
15044.0,-0.87110162674557,2.5133231633305324,2.058360850721301,1.5606815016293505,1.7085748558820546,0.6889890893824623
15045.0,-0.23612438213220016,-0.5566388957505917,-0.15168160658067048,-0.9503040176316452,-1.0432983725937395,0.3966333184305738
15046.0,-0.9188442767165,2.111282135916225,1.5253634293388214,1.472789447267255,1.4413943536462164,0.1463752083412601
15047.0,0.3272388875247746,-1.057568175439826,-0.6968275722557632,-0.5149426552915989,-0.5102446079085138,0.30572865375707026
15048.0,-0.6514854368792917,0.07445736048174284,-0.6229308344713534,-0.609925943093793,0.579819476229692,-1.4020687870516118
15049.0,0.3463359475131466,-1.057568175439826,-1.4409949093111192,-1.3355771031233274,-1.9434376418968569,-1.0827812530145564
15050.0,-0.842456036763012,0.29970536404670484,1.0780843312271053,1.0999655885913502,0.8225625239939895,1.4638439653691995
15051.0,-0.852004566757198,0.9308016202790399,1.0493842016822885,1.2053011687313928,1.3656028530819797,0.6247027571480455
15052.0,0.561177872382332,-1.057568175439826,-1.056630588299384,-1.1888808406597104,-0.34907158776898006,-0.3656123570426489
15053.0,-0.9379413367048721,-0.2012239156425293,-0.19350778245949446,0.46161649959169826,0.12599809971663617,-0.22226664457649167
15054.0,-0.9045214817252211,-0.5566388957505917,-0.7889521918419424,-0.5897996493919544,0.7416649150137341,-0.7898286778742473
15055.0,1.305963211928841,-0.2012239156425293,-0.3612123605923211,-0.5061575680105667,0.4903479020522795,-0.5341682530943667
15056.0,1.5208051367980262,-1.057568175439826,-1.48658340492691,-1.2766653905793108,-1.4849208824917954,-1.1678428710745705
15057.0,0.35111021251023966,0.29970536404670484,0.9149690496164324,0.6903996322159773,0.3153576561144396,1.159828136954457
15058.0,-0.842456036763012,1.5863629060023545,0.9433978261921087,0.7991701404743216,1.3869782063675777,-0.3402358352545059
15059.0,-0.7660677968095239,1.7871458800763362,0.9650124914028554,0.7805362690160011,1.6182807866658415,-0.5290318593822178
15060.0,-0.9236185417135931,0.07445736048174284,-0.8077821365164426,-0.41910064138804515,0.5313235436848637,-1.7439129262882214
15061.0,-0.9427156017019651,4.080497383343954,3.5403487312731534,3.3035689887723096,0.9213981094917513,1.7269967475163805
15062.0,-0.6228398468967337,0.8006346437359392,0.7496047110762332,0.8841028093537038,0.6856880840720535,0.22395473748843137
15063.0,0.05510578269047324,-1.057568175439826,-0.6423522245502906,-1.411725816863138,-1.6112230199551474,0.4073718678534867
15064.0,0.9956359871177956,0.07445736048174284,0.23086217587398397,0.33383382975908327,0.4690650931924128,0.183708640805515
15065.0,-0.780390591800803,0.29970536404670484,0.9304226214476524,0.7144594561789135,1.0635079798298124,1.1886273023650449
15066.0,-0.7087766168444078,-1.057568175439826,-0.012296513744758951,-0.28164210818374913,0.0024225606841520096,1.5829657870024045
15067.0,-0.5894199919170826,0.29970536404670484,1.0375900746057731,0.9753879403975375,1.1334943370758328,1.3883634450441777
15068.0,-0.7421964718240589,0.07445736048174284,0.18391104335236316,0.3514297302754142,1.1709564996008697,0.09632034801795473
15069.0,-0.10721922721068898,-1.057568175439826,0.14286713458269906,0.04291913334944929,0.413306027586857,1.8724789813412175
15070.0,0.8189881822253543,-0.2012239156425293,-0.15032885494528694,-0.2223760935121599,-0.3788691287103198,-0.14192533188951303
15071.0,-0.5130317519635945,0.07445736048174284,0.3375078462926418,-0.10346175008111069,-0.016856965827270066,0.3822533417586873
15072.0,1.3250602719172129,-1.057568175439826,-1.1297086936028076,-0.712971107144618,-0.9169962351303879,-0.5019656584162562
15073.0,-0.914070011719407,0.8006346437359392,0.8036671262496082,0.6978968776252683,0.8155295016493898,0.32456520689626245
15074.0,-0.46051483699557144,-0.2012239156425293,0.38403560580903323,0.4973363138671435,0.32826094754877355,0.8532209572475219
15075.0,-0.5894199919170826,-1.057568175439826,-0.11617197915807577,-0.05632101763385772,-0.34907158776898006,1.38914901271663
15076.0,-0.13586481719324703,-0.2012239156425293,0.33364482962712166,0.37772954056288366,0.38989466139460405,0.7593241487530827
15077.0,1.401448511870701,-0.5566388957505917,0.7045114201676013,0.05293696653884966,-0.32031979307342545,1.9929019118114668
15078.0,-0.9283928067106861,3.014252443019767,2.11278160633912,1.899605013128075,0.8364500102281615,0.23613290958148025
15079.0,0.05510578269047324,1.1560496238440017,0.9920719527217656,0.7203393017482459,0.8433064692551185,0.25004496573143226
15080.0,1.0815727570654696,-0.5566388957505917,-0.3649658877952064,-0.3467852188694181,-0.2396636998126339,-0.0006965880245387658
15081.0,-0.856778831754291,1.254937876118928,0.5112481002157307,0.28242794409901395,0.4690650931924128,-0.7593790645884805
15082.0,2.232170621364884,-1.057568175439826,-1.6264232242908647,-1.5819034176367013,-1.4849208824917954,-1.428763990397444
15083.0,0.26517344256256553,-1.057568175439826,-1.6667020320750079,-1.6612051713861486,-1.6112230199551474,-1.503918489736983
15084.0,0.8524080372050054,-0.5566388957505917,0.04296217911032436,0.1368264488855615,-0.2396636998126339,0.7593795233822715
15085.0,2.5234007861875574,-1.057568175439826,-0.6887111063650418,-0.6933455428308375,-1.192682094770814,0.3208728192371552
15086.0,1.7356470616672115,-0.5566388957505917,-1.020429794192769,-1.0690212668978847,-1.1145904545341814,-1.2200577595509752
15087.0,0.3845300674898907,-1.057568175439826,-0.7775839169244861,-0.023407998035335442,-0.8075883471740417,0.1550488549756775
15088.0,-0.861553096751384,-0.5566388957505917,0.1748034505043618,-0.03751599828153477,0.189055518651088,1.005144132669479
15089.0,-0.914070011719407,0.4901498374805938,0.7023693951431272,0.6736950925782327,0.9696086067184702,0.5201496569169248
15090.0,0.5086609574143088,-1.057568175439826,-0.622329958906031,-0.5575673321928842,-0.4753737252323317,0.4447305542923133
15091.0,-0.6371626418880127,-0.2012239156425293,0.10101265378154521,0.11683616468348103,0.21885305959242807,0.3259723458137802
15092.0,0.06465431268465925,-0.2012239156425293,-0.1129990848117174,-0.49177170772481255,-0.05683280004799887,-0.07245675164747248
15093.0,-0.875875891742663,2.0123938836412982,1.9460450508269758,2.0346044525774234,0.7338985812987724,1.0408892223775421
15094.0,1.2486720319637248,-0.5566388957505917,-1.7098038670669042,-1.8559725651466734,-1.760606742132222,-2.4965709750943943
15095.0,-0.4652891019926645,1.0485519735441977,0.8893286167852368,0.9999723926845798,0.6166500395156311,0.18609622372522128
15096.0,-0.7565192668153379,-1.057568175439826,-1.017624134055299,-0.916869308544028,-1.0432983725937395,-0.29283188758498785
15097.0,-0.9427156017019651,-0.2012239156425293,-0.0005533876384707526,-0.0909690685641968,0.2753818218937108,0.13685247575095785
15098.0,-0.09289643221940996,-0.2012239156425293,2.71327839570594,-0.9114585160096889,-2.5113622892582645,5.197600275464029
15099.0,-0.5607744019345245,-1.057568175439826,-0.5695849154467924,-0.22997626581046446,-0.4753737252323317,0.5431452679319219
15100.0,0.6327918473387271,0.6551203441547673,0.6317643785014877,-0.38678298695373253,-1.0432983725937395,0.18290737150365488
15101.0,-0.9188442767165,0.4901498374805938,0.348449832827208,0.215108136547563,0.17374026765232672,-0.1384560822665706
15102.0,1.5733220517660491,-0.5566388957505917,-0.3540090235511706,-0.2376653310278139,-0.3788691287103198,0.019710348155037173
15103.0,-0.813810446780454,-0.5566388957505917,-0.18385634509982954,-0.25729089534159444,-0.143159103290622,0.33668308737376657
15104.0,-0.021282457263014865,-0.5566388957505917,0.0637074851842155,0.17403810361927446,0.36579462773390486,0.7980478518597779
15105.0,-0.875875891742663,0.9308016202790399,0.8785780835168016,0.8386962289546018,0.9088888272366124,0.3067341211797663
15106.0,-0.875875891742663,0.29970536404670484,0.3210427488943039,0.581476073353524,0.6166500395156311,0.053760183442805
15107.0,0.5229837524055879,0.9308016202790399,-0.07010456156294895,-0.25331863200662824,-0.214451185231064,-1.453911959814131
15108.0,-0.28386703210313025,0.07445736048174284,0.25659739915002727,0.015872107873571014,0.1422232254034017,0.23161443981307078
15109.0,0.21265652759454245,-0.2012239156425293,0.056134841743997535,-0.4165574754242254,0.07530097820695623,0.24240140213246747
15110.0,-0.8472303017601049,0.4901498374805938,0.3618658310174472,-0.2415438530847377,-0.4753737252323317,-0.11350731005950881
15111.0,-0.82335897677464,0.29970536404670484,0.7087205841623156,0.5092382530992614,0.772014387314677,0.7755447386170892
15112.0,1.9552632515334898,-1.057568175439826,-1.0509121191031912,-1.2490778079274656,-1.3755129945354494,-0.35494251071225086
15113.0,-0.914070011719407,-0.2012239156425293,0.9687487440326404,1.0318512047414947,0.4903479020522795,1.9432527746286732
15114.0,-0.818584711777547,1.254937876118928,0.9460485056272325,1.3012975689958686,1.0369897405538206,0.04830589960088655
15115.0,-0.875875891742663,-0.5566388957505917,-0.38410113262136497,-0.45041168189989716,-0.143159103290622,-0.036334223051448886
15116.0,-0.875875891742663,0.07445736048174284,0.28498058600331205,0.18734018945204,-0.09885955416899503,0.2844539679564505
15117.0,-0.8901986867339421,0.8006346437359392,0.7214126029112417,1.214071011115822,0.6075964438354208,0.17149708058768198
15118.0,-0.3220611520798743,-1.057568175439826,-0.9393204658384073,0.7117278417980945,-2.5113622892582645,-0.1467284325664767
15119.0,0.21265652759454245,-1.057568175439826,-0.878879205570546,-1.1187947925387802,-0.8604674728291044,-0.03395367817888251
15120.0,-0.3220611520798743,-1.057568175439826,-0.6658550368923667,-0.32655569715734933,-0.5466658071727737,0.36351897865910443
15121.0,-0.7230994118356868,-0.5566388957505917,-0.4915969226022198,-0.5865043663930697,-0.32031979307342545,-0.23650075891077613
15122.0,-0.4175464520217344,1.1560496238440017,1.1450826428258731,0.9383145280463657,1.0582725494136873,0.5348338123064893
15123.0,-0.9283928067106861,0.29970536404670484,1.171591084113222,1.0804702168875209,1.0261373690197537,1.6381542983827544
15124.0,-0.852004566757198,0.07445736048174284,-0.5024728960571356,-0.03467007356954734,-0.26567674408401915,-1.1789247118286605
15125.0,-0.842456036763012,2.0628271562006084,2.1018289093165636,1.8733235436391165,1.0369897405538206,1.2742349273627291
15126.0,1.6019676417486073,-0.5566388957505917,-0.5045883615663348,-0.37954539919033564,-0.409791367250838,-0.2606877202463326
15127.0,-0.6467111718821987,-0.5566388957505917,-0.17561093981390433,-0.031836415812489215,-0.34907158776898006,0.3520461487941639
15128.0,-0.6753567618647568,0.29970536404670484,0.48329574294388394,0.7739291020262786,0.5891834875500419,0.35574163520677227
15129.0,-0.7230994118356868,2.0123938836412982,1.449638907648936,1.3834056141655051,0.579819476229692,0.11680478403992355
15130.0,-0.15018761218452603,-1.057568175439826,-0.7255254505249878,-0.5931115333827922,-0.5102446079085138,0.25218251393612756
15131.0,0.9240220121614005,-1.057568175439826,-1.733424828750813,-1.1187947925387802,-1.3755129945354494,-1.6284136934077837
15132.0,-0.875875891742663,0.29970536404670484,0.052354993407530435,0.2180148807752091,0.12599809971663617,-0.445869955559366
15133.0,-0.3507067420624323,0.29970536404670484,0.49257197445825257,0.44540007412022964,0.057680039452894044,0.37301130023997686
15134.0,-0.8901986867339421,1.0485519735441977,0.4036923718236887,0.5086171783418733,0.09255092212907612,-0.7163375166445741
15135.0,0.1792366726148914,-0.5566388957505917,-0.7805261307317855,-1.1490257546338611,-0.7110837506520298,-0.7741582501243663
15136.0,-0.9474898666990581,0.07445736048174284,0.24908585262279095,0.3056785726042411,0.30224790327738865,0.21763137435078111
15137.0,1.5255794017951192,-0.5566388957505917,-0.0709310090819212,0.1324363986365121,-0.16624068800434505,0.547109200144658
15138.0,0.9192477471643075,-1.057568175439826,-0.4247289022113144,-0.3177608157300655,-0.2396636998126339,0.8134258881870154
15139.0,0.18401093761198442,-0.5566388957505917,-1.1630550010520657,-0.5575673321928842,-0.9169962351303879,-1.4848416812397383
15140.0,-0.7135508818415008,0.8006346437359392,0.9122605345505177,0.930838366198836,0.7260579274719773,0.5267141525770638
15141.0,1.2248007069782596,0.6551203441547673,0.3036695454935622,0.5903153000535477,0.03967179647401301,-0.4271565071871551
15142.0,-0.7421964718240589,0.4901498374805938,0.7590578828600292,0.976608753342238,0.8155295016493898,0.6257127205380522
15143.0,0.11717122765268233,-0.5566388957505917,-0.3425303237540373,-0.2754692216866368,-0.34907158776898006,0.04108979264694563
15144.0,-0.9236185417135931,2.2880751597655706,1.8603763948292376,1.561934422881094,1.2618473944394515,0.5716087564050776
15145.0,-0.9427156017019651,0.07445736048174284,0.19591144174055306,0.2885352913710091,0.20408973995326918,0.11865486964891214
15146.0,-0.17405893716999107,-0.5566388957505917,0.2712859961220684,0.7266131776841045,0.6166500395156311,1.1850218146744451
15147.0,0.18401093761198442,-1.057568175439826,-0.27021055088369367,-0.18742872176115524,-0.32031979307342545,1.101735050539381
15148.0,-0.9092957467223141,-1.057568175439826,-0.7908724507971207,-0.6271817259242423,-0.5847816131886778,0.1302543497483527
15149.0,-0.3220611520798743,0.29970536404670484,0.38471864784539894,-0.16281700762011428,0.3153576561144396,0.1722517032655631
15150.0,-0.880650156739756,1.3464940972778903,1.6426738444015672,1.6676229996882201,2.006021845361612,1.2384023939829851
15151.0,1.0577014320800047,-0.5566388957505917,0.5954570923470547,0.3215607742140928,0.233355067772715,1.7895125486086738
15152.0,-0.914070011719407,1.4317308999682739,1.2595976465682817,1.1926917743201884,1.3211027551716024,0.42592530200682727
15153.0,-0.813810446780454,-1.057568175439826,-0.7273917035960034,-0.5897996493919544,-0.5102446079085138,0.24870035239985044
15154.0,-0.6037427869083617,-0.2012239156425293,0.2801779293326052,-0.2493702262529745,1.1141007199045665,0.6597053311163315
15155.0,0.8667308321962843,-1.057568175439826,-0.6173731996462828,-0.609925943093793,-0.44192654764477163,0.4539791587323796
15156.0,-0.9570383966932442,-0.2012239156425293,0.04020146280349233,0.1335366626285675,0.15813328011056985,0.21273296391599225
15157.0,-0.9427156017019651,0.29970536404670484,0.7683584126417181,1.2889003729399897,1.042362494706519,0.8866458752610904
15158.0,-0.7469707368211519,-0.5566388957505917,-0.2905827958950484,-0.5238467315670368,-1.0432983725937395,0.13785114088678024
15159.0,-0.9522641316961511,2.478519633199459,2.2895846391929626,2.1832130065010924,1.857958578059129,1.1583904068304114
15160.0,0.7425999422718662,0.07445736048174284,-0.3106623264750947,-0.30264733214723183,-0.7110837506520298,-0.8231066899281579
15161.0,0.8906021571817494,-1.057568175439826,-1.4483749118495115,-0.7979158790770093,-0.18999139653830796,-1.0965512831224422
15162.0,2.5281750511846504,-1.057568175439826,-0.7638279644116601,-1.2313089537736739,-0.9777160146122458,0.1807154965898044
15163.0,-0.875875891742663,-0.5566388957505917,-0.7833629903551012,-0.6306879080048051,-0.29254282546769667,-0.7794341873392303
15164.0,-0.6323883768909196,0.9308016202790399,0.5754049838604282,0.41171547708604483,1.4247742691316794,-0.2571304557941628
15165.0,0.8189881822253543,-1.057568175439826,-0.4460933895504593,-0.7291046182118397,-0.34907158776898006,0.773562807873813
15166.0,1.2725433569491897,-1.057568175439826,-1.211721399638107,-0.816306101501823,-0.9777160146122458,-0.6549896479691488
15167.0,0.570726402376518,0.29970536404670484,0.41763137019146107,0.3754508291590478,1.4862132955410827,0.23350818627753445
15168.0,-0.837681771765919,-1.057568175439826,-1.5323912478405137,-1.4595583680152389,-1.6112230199551474,-1.2533137598467903
15169.0,0.8619565671991913,-0.5566388957505917,-0.3354608575547663,-0.2055903071855897,0.2616110427421876,0.05425720040031318
15170.0,0.9813131921265165,-1.057568175439826,-1.7257846883714802,-1.7514022289005018,-1.760606742132222,-1.6141582832633314
15171.0,0.618469052347448,-1.057568175439826,0.25064451252150644,-0.33997264410367656,-1.6112230199551474,2.073576166802304
15172.0,-0.9188442767165,0.29970536404670484,0.41605664544860305,0.7854484282222811,0.7493583243307705,0.23057718158974302
15173.0,0.8571823022020983,0.6551203441547673,0.35648823052280276,0.3577132436481219,0.38989466139460405,-0.3290129696150107
15174.0,0.5802749323707039,-0.5566388957505917,-0.45538847392123233,-0.15937507524567543,-0.16624068800434505,-0.16908428818519017
15175.0,-0.6180655818996407,-1.057568175439826,-1.0023223215378818,-0.046128447855481106,-0.4753737252323317,-0.26428089211121675
15176.0,2.227396356367791,-1.057568175439826,0.059728027914651614,-0.05485522531691114,0.17374026765232672,1.717353289174296
15177.0,1.0720242270712836,-1.057568175439826,0.0307755727262242,-0.0027979219961135433,-0.3788691287103198,1.663332145202073
15178.0,0.27949623755384456,-1.057568175439826,-2.2157972973699214,-1.8121291499106194,-1.9434376418968569,-2.5284517871002716
15179.0,-0.875875891742663,1.3464940972778903,1.5128441083288047,1.5822701432450421,1.3619854429130727,0.9965130242453336
15180.0,0.7903425922427962,-0.2012239156425293,-0.07658500987792428,0.19338999516903846,0.07530097820695623,-0.00468328761780494
15181.0,-0.6467111718821987,0.29970536404670484,0.1991866769429612,0.22665878651161467,-0.8075883471740417,-0.17291163003745205
15182.0,-0.22657585213801415,1.1560496238440017,0.8559841575864348,0.5842511200313091,0.5007855218324396,-0.0031067556187566237
15183.0,1.6544845567166302,-0.2012239156425293,-0.25157537023991283,-0.324345921692527,-0.18999139653830796,-0.33028866445839705
15184.0,-0.82335897677464,0.07445736048174284,-0.20240160582351766,-0.03467007356954734,0.43606699321124226,-0.6220561261302319
15185.0,-0.6276141118938267,-1.057568175439826,-0.7690592127114041,0.2053251050934855,-0.5466658071727737,0.1709547348265715
15186.0,-0.8949729517310351,0.29970536404670484,0.31123685385225264,0.25284633457514366,-0.29254282546769667,0.0355154031320405
15187.0,-0.9522641316961511,1.5863629060023545,1.1899986694919427,0.8893467157684372,0.30224790327738865,0.11816890481790303
15188.0,2.4995294612020924,-1.057568175439826,-0.7694968763615082,-0.4832889115546586,-0.4753737252323317,0.17013811699917808
15189.0,-0.9570383966932442,2.84272784343108,2.1225790213879967,1.7416349073371056,0.6166500395156311,0.44348596178590804
15190.0,1.1102183470480278,-1.057568175439826,-0.06138506215565506,0.31741830567587953,-0.03660110367654417,1.491373570596785
15191.0,1.2486720319637248,-0.2012239156425293,-0.31214702434622604,-0.3467852188694181,-0.18999139653830796,-0.44293992909658075
15192.0,-0.38890086203917634,0.29970536404670484,0.434513882513443,0.7153674778450928,0.233355067772715,0.2649322628721076
15193.0,-0.6705824968676638,-1.057568175439826,-0.4293039613930977,-0.7979158790770093,-0.6247574474094066,0.8048894815461258
15194.0,-0.9474898666990581,2.2461917041447332,1.8521403983263047,1.910375730219415,1.5227699344407197,0.6031508028753122
15195.0,-0.9474898666990581,-1.057568175439826,1.0372408380765197,0.6950954206225566,-2.5113622892582645,3.5412525028601047
15196.0,1.1054440820509346,-0.5566388957505917,-0.7620014394625398,-0.8646666909006259,-0.16624068800434505,-0.7397047293201043
15197.0,-0.9092957467223141,0.4901498374805938,0.5200651851252798,0.5092382530992614,0.03967179647401301,0.18079369457867694
15198.0,-0.5225802819577805,0.29970536404670484,-0.33278534462720666,-0.2612873063223159,-0.32031979307342545,-1.160621758193207
15199.0,-0.6801310268618498,1.0485519735441977,0.8849218199018148,0.3986250706067814,-0.7110837506520298,0.1778973230247799
15200.0,1.401448511870701,-1.057568175439826,-0.36130367682927544,-0.5997857793564824,-0.26567674408401915,0.9317682950583793
15201.0,-0.5464516069432456,0.6551203441547673,0.5067402244285486,0.8051339634889131,0.03967179647401301,-0.04967530113582868
15202.0,1.0433786370887257,-0.2012239156425293,1.3536927478855523,-3.158297950335421,-2.5113622892582645,2.661186713891167
15203.0,-0.837681771765919,1.511464603952064,1.131021615303636,1.4123214318723993,1.0315815224206653,0.0945944166548313
15204.0,0.7425999422718662,-1.057568175439826,-0.7554641786710851,-0.4165574754242254,-1.192682094770814,0.1963211255668255
15205.0,-0.5560001369374316,-0.5566388957505917,-0.23682590304188014,-0.16627705551152036,-0.09885955416899503,0.23799487294188904
15206.0,-0.914070011719407,0.07445736048174284,-0.5526606006201068,-0.7209883721386089,-1.9434376418968569,-1.271928166019416
15207.0,1.0242815771003535,-0.2012239156425293,-0.20394008499880664,-0.08481063868742843,-0.6247574474094066,-0.24167556528117842
15208.0,-0.9570383966932442,0.4901498374805938,0.04690249886189876,-0.2055903071855897,-0.34907158776898006,-0.6987461020886322
15209.0,2.5234007861875574,-1.057568175439826,-1.1629752549162988,-1.0759051788219403,-0.9169962351303879,-0.5640363079166553
15210.0,0.11239696265558932,-0.2012239156425293,0.18469783724402294,0.35849447675467494,0.36579462773390486,0.4818360745525159
15211.0,-0.6753567618647568,-0.5566388957505917,-0.011639051806471078,-0.4639112852343134,0.17374026765232672,0.6576108686981369
15212.0,0.1887852026090774,-0.5566388957505917,-1.0547422229070003,-1.1490257546338611,-1.3755129945354494,-1.2837825183987075
15213.0,0.561177872382332,-0.5566388957505917,-0.7293499705534324,-0.3819490858966789,-0.5102446079085138,-0.678970420554843
15214.0,-0.9522641316961511,0.8006346437359392,0.4323803796942281,0.6208729671895103,0.772014387314677,-0.3659331281915623
15215.0,-0.7374222068269658,0.6551203441547673,0.7028403604548924,0.3056785726042411,0.5703472080455595,0.3151807438779452
15216.0,-0.5416773419461526,-0.5566388957505917,-0.4485347935680596,-0.5298504955021914,-0.44192654764477163,-0.1563226253808213
15217.0,1.7260985316730253,-1.057568175439826,-0.5426137259790463,-0.6167740006598021,-0.32031979307342545,0.5934696531993097
15218.0,-0.9092957467223141,1.9598138796697315,1.8183687133744348,1.705217138001867,0.9696086067184702,0.8624825982695621
15219.0,-0.121542022201968,-0.5566388957505917,-0.20233888076284773,-0.384361593491431,-0.3788691287103198,0.3022468422157256
15220.0,-0.7135508818415008,0.4901498374805938,0.4813953809321605,0.68992820330958,0.7794292983039648,0.10883814316983641
15221.0,0.7855683272457032,0.07445736048174284,0.5873607740844419,-0.45308951689286464,-0.5466658071727737,0.8476337717586884
15222.0,0.561177872382332,1.1560496238440017,0.9771783035987777,1.4543270370537942,0.6856880840720535,0.2223327613030006
15223.0,0.11717122765268233,0.29970536404670484,0.3187353087267138,-0.15424573129076938,-0.3788691287103198,0.04946691306271893
15224.0,0.7473742072689592,0.29970536404670484,-0.03035360868844849,-0.06221708927918149,-0.44192654764477163,-0.5995269202310225
15225.0,0.1553653476294264,-1.057568175439826,-0.5714708445269397,-0.5032551015661108,-0.4753737252323317,0.5396263937743766
15226.0,0.5229837524055879,-1.057568175439826,-1.2683031822303164,-1.2581456424754653,-1.2790083980134372,-0.7605631685471377
15227.0,-0.7851648567978959,0.9308016202790399,0.7221393609165319,0.6011997801742863,0.579819476229692,0.01568218137952117
15228.0,-0.6467111718821987,0.4901498374805938,1.3014819026251394,1.2714145869328688,1.1979702234882976,1.6364454947174856
15229.0,1.8359066266061645,-1.057568175439826,-1.2407199864906353,-0.9503040176316452,-1.192682094770814,-0.7090968670342039
15230.0,0.1792366726148914,-0.5566388957505917,-0.5369923197664352,-0.21486278222763083,-0.4753737252323317,-0.3210118983212255
15231.0,2.00300590150442,-1.057568175439826,-0.9235548456535996,-0.6167740006598021,-0.8604674728291044,-0.11731203826512884
15232.0,-0.4223207170188274,-0.5566388957505917,-0.2834778309031761,0.2247477166140775,-0.3788691287103198,0.1510862943323199
15233.0,0.9526676021439585,-1.057568175439826,-1.9464867696154506,-2.383441219414615,-2.5113622892582645,-2.0259568277479216
15234.0,0.36065874250442564,-1.057568175439826,-1.0945013517922588,-0.596440186477966,-0.8604674728291044,-0.4362737898528214
15235.0,0.07897710767593827,1.5863629060023545,0.79973005293205,0.8114363013357851,1.089194787954205,-0.6069920537149329
15236.0,0.4656925724404718,-1.057568175439826,-0.7454343033973518,-0.38921333198338165,-0.8075883471740417,0.21503543952256754
15237.0,-0.9522641316961511,0.07445736048174284,0.31588242495482954,0.517259280394455,0.6518959929570478,0.3419875914106338
15238.0,-0.82335897677464,-0.2012239156425293,0.11819028845577267,0.23046434030365395,0.12599809971663617,0.3579630089491816
15239.0,-0.914070011719407,-0.5566388957505917,-0.10919718395081301,0.13023033085560867,0.10944517163608153,0.47579883377280974
15240.0,-0.7469707368211519,1.254937876118928,1.1407061320168594,1.2392908788545505,0.9398110657771308,0.41048329875546435
15241.0,-0.6419369068851057,1.1560496238440017,0.8681298633108506,1.2621979836731585,0.8501060275513096,0.019480736366393907
15242.0,1.0529271670829117,-1.057568175439826,-0.7890942571610372,-0.596440186477966,-1.760606742132222,0.13357220496305489
15243.0,-0.6085170519054547,-0.5566388957505917,0.014231487746209295,0.07131861831159202,0.233355067772715,0.7058287076369538
15244.0,-0.6514854368792917,-0.2012239156425293,0.0023840479094874513,-0.020622368520814997,0.03967179647401301,0.14232130729642276
15245.0,-0.3220611520798743,0.8006346437359392,1.164572240036405,1.1985917656269833,0.43606699321124226,0.9966370114235158
15246.0,0.1744624076177984,-0.2012239156425293,-0.10937164848998941,-0.200088956405801,0.057680039452894044,-0.0657057967182438
15247.0,-0.37935233204499036,-0.2012239156425293,0.0509828962245188,0.03530428857607337,-0.9169962351303879,0.23280817462766004
15248.0,1.0004102521148885,-0.2012239156425293,0.526310411844617,0.5135694245984902,0.7260579274719773,1.1183758864880124
15249.0,-0.8090361817833609,1.7237759069352954,1.665333983128865,1.5271060983938838,1.6076051688963144,0.8456306243696029
15250.0,2.0984912014462798,-1.057568175439826,-1.9393935098637607,-1.5111462029625293,-1.9434376418968569,-2.012721818703453
15251.0,-0.9188442767165,1.9048962333414947,2.2289468593100477,2.1110932862850573,1.1935293341757096,1.6897174737375458
15252.0,-0.7899391217949889,0.29970536404670484,0.6015526387862721,0.7071497760701597,0.7493583243307705,0.5759371025606955
15253.0,-0.8854244217368491,0.8006346437359392,0.5848835948634584,0.776000983923359,0.7181415173627237,-0.08245921758379751
15254.0,-0.35548100705952534,-0.2012239156425293,0.12904897678614038,0.2482458428702906,0.3409641798752045,0.37818635808295326
15255.0,-0.6419369068851057,0.9308016202790399,1.0078503721307992,0.9943572791798269,0.9578193087560118,0.5473687205886117
15256.0,-0.2504471771234792,-0.5566388957505917,-1.1980267341032251,-1.089893101882153,-1.4849208824917954,-1.5497244680344502
15257.0,0.3893043324869837,-0.5566388957505917,-0.2018686174906479,-1.2581456424754653,-1.0432983725937395,0.30312301032177125
15258.0,-0.15496187718161905,-0.5566388957505917,-0.27060134182869966,-0.807046686715895,-0.214451185231064,0.17507320527155223
15259.0,1.487385281818375,0.07445736048174284,0.1884612731576467,0.16989040795676677,0.1422232254034017,0.10478888968514502
15260.0,-0.4843861619810365,2.111282135916225,1.6256741113561157,1.4557997249048675,1.2067804381857754,0.3329924149768357
15261.0,-0.31728688708278124,0.07445736048174284,0.36288897925464764,0.33058335301693326,0.5891834875500419,0.42951526730576406
15262.0,0.5850491973677969,-0.2012239156425293,-0.5551859063718283,-0.5268417598989991,-0.5102446079085138,-0.8945906709036334
15263.0,-0.45096630700138546,-1.057568175439826,-1.2586714975332627,-1.1114493800118481,-0.9777160146122458,-0.7425918213046225
15264.0,-0.6562597018763847,-0.5566388957505917,-0.049493293374645024,-0.06221708927918149,0.17374026765232672,0.5870611689874767
15265.0,-0.24089864712929315,0.07445736048174284,0.9344608208539665,0.7685114494555024,1.1755210911968286,1.4945271049680637
15266.0,0.651888907327099,0.29970536404670484,-0.04628170198609674,-0.4749141794238375,-0.07757674530912831,-0.6291093065497707
15267.0,-0.856778831754291,0.29970536404670484,0.45612127306642963,0.43436254170306454,-1.2790083980134372,0.3051535149706795
15268.0,1.3250602719172129,-0.2012239156425293,0.04050707797885954,-0.08481063868742843,-0.5466658071727737,0.2133020159534095
15269.0,-0.8472303017601049,-0.2012239156425293,0.2140619853679412,-0.17676782464759178,-0.18999139653830796,0.5365343242225957
15270.0,-0.8854244217368491,1.9048962333414947,1.6055182242371095,1.3847181328581337,0.36579462773390486,0.5283090842195138
15271.0,-0.9283928067106861,2.0628271562006084,1.1516508400383219,1.0506434534012832,1.7658948708497053,-0.4936874968114718
15272.0,-0.6896795568560358,0.4901498374805938,0.5764086488354785,0.20433874694626142,1.4704864773486772,0.28565411724547835
15273.0,1.9027463365654667,-1.057568175439826,-0.9871215299044933,-0.5328730644211497,-2.5113622892582645,-0.23591838717079752
15274.0,-0.9427156017019651,-0.5566388957505917,-0.17052276238909167,0.15728795976509205,0.03967179647401301,0.3615267017734699
15275.0,-0.780390591800803,-1.057568175439826,-0.2798816722965664,0.01455597613908807,-0.016856965827270066,1.0836901200207951
15276.0,-0.6467111718821987,0.07445736048174284,-0.2744747627848407,-0.28164210818374913,1.0841214462193633,-0.7559188765255882
15277.0,-0.7374222068269658,-0.5566388957505917,-0.4630444946191959,-0.17500769620178155,-0.4753737252323317,-0.18333962336843532
15278.0,1.7213242666759323,0.07445736048174284,-0.433850638395561,-0.040374296618126464,-0.29254282546769667,-1.0516910528900567
15279.0,0.7330514122776802,0.29970536404670484,0.396581439049058,0.3273167247712547,0.4582127216583458,0.19432967314942753
15280.0,-0.14063908219034002,-0.2012239156425293,-0.5925499345248881,0.02630736795746641,0.10944517163608153,-0.9639673458148708
15281.0,-0.6801310268618498,1.5863629060023545,1.6070912624193971,1.5596774425081732,1.8852076190535862,0.8945558302935633
15282.0,1.7595183866526765,-1.057568175439826,-0.6865525515108029,-0.13743132157976862,-0.34907158776898006,0.3249003741299574
15283.0,0.9001506871759354,-0.2012239156425293,-1.296941105097298,-1.879041864845952,-1.192682094770814,-2.2671498366075924
15284.0,1.425319836856166,-1.057568175439826,-2.558276113336932,-2.8917421141099786,-2.5113622892582645,-3.1674683162471804
15285.0,0.9860874571236096,-1.057568175439826,-1.6145805726347833,-0.916869308544028,-1.4849208824917954,-1.4066672947644685
15286.0,-0.7230994118356868,-1.057568175439826,-0.9518365574490364,-1.4233616530429278,-1.9434376418968569,-0.17008167091766083
15287.0,-0.856778831754291,0.29970536404670484,-0.04307604692233252,0.4787443192022273,-0.4753737252323317,-0.623155860861699
15288.0,-0.7565192668153379,1.0485519735441977,1.0096599737671823,0.6624820848296678,0.9025618299872694,0.41002692856070333
15289.0,-0.82335897677464,0.29970536404670484,0.4022533036488907,0.7919413953910722,0.37793325082309986,0.20488596842393303
15290.0,-0.9379413367048721,2.15790818322247,1.7547869201828907,1.7089310314620794,0.7493583243307705,0.5209099627869649
15291.0,-0.837681771765919,2.6739964704830737,1.936311464027546,1.517132089210145,0.8225625239939895,0.28349241499782724
15292.0,-0.0021853972746428366,-1.057568175439826,-1.1653314993749222,-1.4233616530429278,-0.44192654764477163,-0.5684327233606873
15293.0,2.217847826373605,-1.057568175439826,-0.9314809861902178,-0.659431615462883,-0.6247574474094066,-0.13210108383263142
15294.0,1.0004102521148885,-1.057568175439826,-0.9735515504958342,-1.0554659911595055,-0.8075883471740417,-0.21059874479282445
15295.0,2.160556646408489,-1.057568175439826,-1.0590066778343405,-0.8209851787762878,0.1422232254034017,-0.3700458005631864
15296.0,-0.7183251468385938,1.254937876118928,1.7428447025830174,1.5866246528079466,1.7038112257639584,1.5321161556112632
15297.0,-0.914070011719407,-0.2012239156425293,-0.2493284630945317,-0.3354698348440594,-0.26567674408401915,-0.32610927805112216
15298.0,-0.9522641316961511,2.0123938836412982,1.6493424442440066,1.6495781383087385,1.2618473944394515,0.48838303898039365
15299.0,-0.6419369068851057,1.0485519735441977,1.3719923972909949,1.2677042714093407,-1.192682094770814,1.0848044539986594
15300.0,-0.6562597018763847,-1.057568175439826,-0.43344660305702004,-0.3354698348440594,-0.32031979307342545,0.7971599041995548
15301.0,-0.7183251468385938,1.6569789035332354,1.4547963787531848,1.3429343817777681,1.3834541490107977,0.5299711215026565
15302.0,2.5234007861875574,-1.057568175439826,-0.7751180301718856,-1.022752397493591,-0.8075883471740417,0.1596498472719949
15303.0,0.42272418746663476,-0.2012239156425293,0.21337118458500212,0.03530428857607337,0.32826094754877355,0.5352474883166671
15304.0,-0.6705824968676638,0.9308016202790399,-0.09482652216566222,-0.9618377798135903,-1.2790083980134372,-1.499589148568776
15305.0,1.6879044116962814,-1.057568175439826,-1.624524319764008,-1.6283279417313867,-1.6112230199551474,-1.4252209059105774
15306.0,-0.6562597018763847,0.9308016202790399,0.9636817687171364,1.2100214784364085,0.8701725506387965,0.46513944975903326
15307.0,-0.5034832219694085,-1.057568175439826,-1.0650337265741467,-1.678281653088581,-0.9777160146122458,-0.38129141222484636
15308.0,0.3463359475131466,-1.057568175439826,-0.769404714460343,-0.6705429940306544,-0.6247574474094066,0.17031007793648698
15309.0,1.9552632515334898,0.07445736048174284,-0.0934240196030822,-0.06667410690559651,0.12599809971663617,-0.4195407165044944
15310.0,1.3250602719172129,-1.057568175439826,0.4207178454672189,0.7279498252102448,0.057680039452894044,2.3909087019915294
15311.0,-0.9570383966932442,4.686240315716616,3.4723753927497496,3.2659525263697984,2.461701872311532,0.9406798051615491
15312.0,-0.6037427869083617,1.254937876118928,0.8393446909718328,0.8180669887484648,0.8364500102281615,-0.1500963335955577
15313.0,-0.4366435120101064,-1.057568175439826,-2.040274499344259,-1.9277610076115914,-2.5113622892582645,-2.200951328819907
15314.0,-0.01173392726882885,-0.2012239156425293,-0.07350342976757626,0.2833039036980324,0.12599809971663617,0.0010525054263888622
15315.0,-0.6562597018763847,-0.5566388957505917,-0.33385184176221255,0.3746895000851943,-0.143159103290622,0.0572541440556899
15316.0,0.599371992359076,-1.057568175439826,-1.2209985608105602,-1.035643155251807,-2.5113622892582645,-0.6722995049774387
15317.0,2.2703647413416284,-1.057568175439826,-1.3922891228463157,-1.552680491898286,-1.6112230199551474,-0.9919032157022949
15318.0,-0.9427156017019651,-1.057568175439826,-0.7644683480867076,0.1812341927848856,-0.18999139653830796,0.17952063216528305
15319.0,0.3940785974840767,-1.057568175439826,-1.0678218625807787,-0.6705429940306544,-0.7579160438997158,-0.3864936755786159
15320.0,-0.7517450018182449,-1.057568175439826,-0.8769228441570353,-0.2632946592767485,-0.12070997099915268,-0.030303387352313527
15321.0,-0.6228398468967337,1.254937876118928,1.4337285927424694,1.3234358282027523,1.4214094098959151,0.9561167630591769
15322.0,-0.5512258719403386,-0.5566388957505917,0.3049028072142578,0.45288228980691003,0.47977559959369576,1.2476998768858956
15323.0,1.7260985316730253,-0.2012239156425293,-0.5287078176631309,-0.6236941443665998,-0.29254282546769667,-0.8454163356615247
15324.0,2.38494710127186,-1.057568175439826,-1.3370114023848816,-1.2313089537736739,-1.2790083980134372,-0.8887628887051903
15325.0,-0.4652891019926645,0.8006346437359392,0.40601128579547346,0.6847200497469318,1.1042290092563862,-0.41492396763718403
15326.0,0.6327918473387271,0.29970536404670484,0.4490541200617533,0.6698165705213095,0.6518959929570478,0.291997992114956
15327.0,-0.7087766168444078,-1.057568175439826,-1.0531324571415075,-0.9389691233576822,-1.1145904545341814,-0.3590853441975035
15328.0,0.9860874571236096,-1.057568175439826,-1.527868850951006,-1.1187947925387802,-1.2790083980134372,-1.2448756135176569
15329.0,-0.7756163268037098,1.1560496238440017,0.8463221244081199,0.6011997801742863,0.6856880840720535,-0.02107443055488983
15330.0,-0.8090361817833609,-0.5566388957505917,-0.17213462876777105,0.6505739992750462,-1.1145904545341814,0.35852337956307656
15331.0,1.425319836856166,-0.2012239156425293,-0.1209344494650452,0.23894713647380736,-0.016856965827270066,-0.08722480674781793
15332.0,0.7855683272457032,0.4901498374805938,1.2071383369926458,1.021110859187096,0.8012797151341228,1.460582256457096
15333.0,0.031234457705008208,-1.057568175439826,0.08854094790145216,-0.22806796960317863,-0.7579160438997158,1.7711140804003624
15334.0,-0.21225305714673512,-0.2012239156425293,-0.6819896180363924,-0.37954539919033564,0.37793325082309986,-1.129961824484043
15335.0,-0.7040023518473147,-1.057568175439826,-1.1987807310691712,-1.1888808406597104,-0.16624068800434505,-0.6308442096873298
15336.0,0.9574418671410515,-1.057568175439826,-0.9519851125891915,-1.1490257546338611,-0.8075883471740417,-0.1703588535801295
15337.0,1.0004102521148885,-1.057568175439826,-0.6380802368286909,-0.5832255187891728,-0.5466658071727737,0.41534278645966943
15338.0,2.2703647413416284,-1.057568175439826,-0.8485857711659103,-0.7800261334955506,0.233355067772715,0.02256954138005958
15339.0,-0.6467111718821987,0.6551203441547673,0.49815474267668003,0.5571143664203038,1.0942369089268609,-0.06564231632733743
15340.0,1.7213242666759323,-1.057568175439826,-1.5394982043528358,-1.2140077557532785,-1.3755129945354494,-1.2665743250892822
15341.0,-0.5750971969258036,-0.5566388957505917,0.6969802202404944,0.47744252158516237,-0.5102446079085138,1.9788555820054052
15342.0,-0.3411582120682463,-1.057568175439826,-0.5772819356049879,-0.35597988038449385,-0.44192654764477163,0.5287837282484347
15343.0,-0.5464516069432456,-1.057568175439826,-0.6546157870682295,-1.1490257546338611,-0.5466658071727737,0.38448981270195187
15344.0,-0.9570383966932442,-0.2012239156425293,-0.34213644884200495,-0.9389691233576822,-0.5466658071727737,-0.49870256705662314
15345.0,-0.7421964718240589,-1.057568175439826,-0.5997525534268644,-1.172647729928363,-0.5847816131886778,0.4868567665244566
15346.0,0.6280175823416341,-0.2012239156425293,-0.3023826805196745,-0.4115004690897406,-0.12070997099915268,-0.42478229190848693
15347.0,0.7855683272457032,0.07445736048174284,0.17599529053512653,0.07010903640310763,-0.29254282546769667,0.08158847700942723
15348.0,-0.6180655818996407,-1.057568175439826,-1.2517346482471279,-1.1490257546338611,-1.192682094770814,-0.7296486518372646
15349.0,-0.20747879214964213,-0.5566388957505917,-0.48197838860079584,-0.27342440640881605,0.3534734621303434,-0.21859272764714602
15350.0,0.8189881822253543,-0.5566388957505917,-0.3631978455399453,-0.3819490858966789,-0.3788691287103198,0.002596316385982309
15351.0,-0.9045214817252211,1.0485519735441977,0.9523713078765449,0.6693301423956768,1.2700001191412242,0.3034032630683479
15352.0,1.6592588217137234,-1.057568175439826,-1.5024040545715245,-1.6283279417313867,-0.16624068800434505,-1.197361942484011
15353.0,0.2556249125683795,0.6551203441547673,0.8053247507384168,0.6889843300938874,1.5227699344407197,0.5059618101357327
15354.0,1.9170691315567456,-0.2012239156425293,-0.8321306935125184,-3.158297950335421,-2.5113622892582645,-1.40834340286519
15355.0,-0.82335897677464,-0.5566388957505917,-0.8508533019755239,-1.552680491898286,-1.192682094770814,-0.9049306947957684
15356.0,-0.813810446780454,1.3464940972778903,0.9113487764165952,0.8910854303016632,1.569105506198596,-0.122984934252312
15358.0,-0.9379413367048721,2.7328382395924047,2.0761273961026436,2.2475800128690286,1.7434457385582365,0.4785229046726947
15359.0,2.203525031382326,0.8006346437359392,-1.153587537465846,-0.793397596124442,-1.1145904545341814,-3.2803120883770727
15360.0,-0.7708420618066169,-1.057568175439826,-0.5397807882625211,-0.5120012294368813,-0.9169962351303879,0.5987555101414154
15361.0,0.7664712672573312,0.07445736048174284,-0.19856457734897842,-0.17500769620178155,-1.1145904545341814,-0.614927851674171
15362.0,1.1818323220044227,-0.5566388957505917,-0.282284898258875,-0.18385584567445426,-0.07757674530912831,0.1533085143832498
15363.0,0.8189881822253543,-0.5566388957505917,-0.21005322864153766,-0.15766084329183738,-0.214451185231064,0.2878740223278365
15364.0,-0.5034832219694085,-0.5566388957505917,0.003255874422427453,0.007935501438273034,-0.29254282546769667,0.685371988250239
15365.0,-0.837681771765919,1.3464940972778903,1.1561659964966735,0.9692496364015138,0.8897593496354799,0.3323803556994036
15366.0,-0.6037427869083617,0.6551203441547673,0.6928965995532301,1.0601105025655013,0.579819476229692,0.2966732473886971
15367.0,-0.6896795568560358,1.1560496238440017,1.234281563691485,1.1816240452089088,1.3211027551716024,0.7009182860385594
15368.0,-0.861553096751384,-0.5566388957505917,-0.16437891837199353,-0.11941902821497494,-1.2790083980134372,0.3729743514756763
15369.0,1.387125716879422,1.1560496238440017,1.3829481268850305,1.2542509835242641,0.03967179647401301,0.9778167582916183
15370.0,-0.7660677968095239,0.8006346437359392,1.014208244670706,0.6918118939444868,0.6166500395156311,0.716552223149053
15371.0,2.198750766385233,-1.057568175439826,-1.9464867696154506,-2.383441219414615,-2.5113622892582645,-2.0259568277479216
15372.0,-0.30773835708859526,0.8006346437359392,1.3555517260140078,1.6930256419900833,0.057680039452894044,1.3525032019674832
15373.0,-0.9236185417135931,1.6569789035332354,0.8761704046151642,0.2619518483082405,0.7569801660124958,-0.5458335917272183
15374.0,-0.3459324770653393,-0.5566388957505917,-0.7766989451161428,-0.33997264410367656,-1.2790083980134372,-0.7670404162209747
15375.0,2.3324301863038372,-1.057568175439826,-1.9281881459128904,-1.1490257546338611,-1.4849208824917954,-1.991814210857709
15376.0,-0.7708420618066169,-0.2012239156425293,0.2118349910390015,0.15303287965579174,0.7020754717798163,0.5323858470720112
15377.0,0.8667308321962843,0.07445736048174284,0.20605367290530718,-0.4293728438455572,-0.8075883471740417,0.13753179592092268
15378.0,1.2486720319637248,-0.5566388957505917,-0.9343745207638039,-0.8646666909006259,-1.2790083980134372,-1.0601772248940475
15379.0,-0.15496187718161905,0.8006346437359392,1.2049589345624412,1.1940074670511316,1.1663663359298055,1.071881757556195
15380.0,-0.9188442767165,1.1560496238440017,0.9134251022030698,0.4412826854098622,-0.34907158776898006,0.1037275991475869
15381.0,0.059880047687566246,0.29970536404670484,0.5250368759378798,0.3273167247712547,-0.5847816131886778,0.4334554138072
15382.0,-0.8901986867339421,1.254937876118928,1.9476754554919828,1.9289711961304699,1.6366348165552551,1.913947151490392
15384.0,-0.15018761218452603,0.07445736048174284,0.5752918068018003,0.8461753492323987,0.5510676815341373,0.8251477758102502
15385.0,-0.7708420618066169,-0.2012239156425293,0.025582202032587154,-0.08481063868742843,-0.6667842015304029,0.18551265481866971
15386.0,-0.07379937223103794,-1.057568175439826,-0.598662092875683,-0.05779008546708409,-0.2396636998126339,0.4888914100822489
15387.0,1.387125716879422,-1.057568175439826,-0.4746991720285332,-0.2454453932114384,-0.5847816131886778,0.7201885056383398
15388.0,0.3272388875247746,-1.057568175439826,-1.3353871932275765,-1.1187947925387802,-1.1145904545341814,-0.885732346522956
15389.0,-0.14063908219034002,0.29970536404670484,0.7895793090604094,1.373143756743064,-2.179147667316555,0.9261823446931822
15390.0,0.9287962771584934,-0.5566388957505917,0.20895310073767298,0.3986250706067814,0.4903479020522795,1.068808951288438
15391.0,1.8263580966119786,-1.057568175439826,-0.8185073369720806,-0.9795269433700604,-0.9777160146122458,0.07869160126993663
15392.0,-0.9379413367048721,0.6551203441547673,0.8347840378422035,0.9732460473822359,0.7020754717798163,0.5608132845505508
15393.0,-0.8854244217368491,0.29970536404670484,-0.014103625335796418,-0.16627705551152036,-0.09885955416899503,-0.5693436165767646
15394.0,-0.914070011719407,1.1560496238440017,1.2627216444739808,1.0396543537043454,0.9088888272366124,0.753881240663996
15395.0,0.594597727361983,-1.057568175439826,-1.526477968828257,-2.1695060660815124,-1.3755129945354494,-1.2422804262386364
15396.0,-0.4223207170188274,-0.5566388957505917,-0.09484452077617914,-0.367657053853687,-0.7579160438997158,0.502544971996234
15397.0,0.42272418746663476,-1.057568175439826,-1.6214964857277254,-2.0681662404235324,-1.4849208824917954,-1.4195714002871853
15398.0,-0.8854244217368491,-0.5566388957505917,0.28114316722234217,0.2997291421194089,0.2889249744088639,1.2034001444906255
15399.0,-0.9570383966932442,-0.2012239156425293,-0.07760343654702705,0.14875007895945422,0.057680039452894044,-0.006578887838840608
15400.0,-0.5225802819577805,0.8006346437359392,0.2577270156195065,0.20137076185179442,-0.7579160438997158,-0.690265188595652
15401.0,1.1961551169957019,-0.5566388957505917,-1.0256131442007785,-1.082861937727266,-0.8604674728291044,-1.2296851366858907
15402.0,-0.2504471771234792,0.4901498374805938,0.5018943969271543,0.9386376578546893,0.5110918473134085,0.14698074898517424
15403.0,1.387125716879422,-0.5566388957505917,-1.196019940154121,0.0066033680912695215,-1.4849208824917954,-1.546001766341738
15404.0,0.8333109772166333,-1.057568175439826,-0.9043922757115967,-0.24740488074797506,-0.7579160438997158,-0.08155742115312331
15405.0,-0.05947657723975892,-0.5566388957505917,-0.22962303973751516,-0.22048970030448686,-0.29254282546769667,0.251413978166519
15406.0,-0.813810446780454,0.07445736048174284,0.050843338343937845,0.07613481261268797,0.7645317593062706,-0.1512709542235783
15407.0,-0.7994876517891749,0.07445736048174284,0.10110169611659624,0.08210585803716575,0.986980467473245,-0.057773350266083254
15408.0,0.2985932975422166,-1.057568175439826,-0.8767890417658736,-0.9977052697151033,-0.16624068800434505,-0.030053731211246014
15409.0,2.4804324012137204,-1.057568175439826,-1.384103532926108,-1.378005216237291,-1.192682094770814,-0.9766300746612591
15410.0,-0.5607744019345245,1.0485519735441977,1.1761298834208236,0.8945491242034916,0.521270140592798,0.7199661160302393
15411.0,-0.837681771765919,0.07445736048174284,0.2829528186465696,0.05417852985744867,0.579819476229692,0.28067882165050234
15412.0,-0.14541334718743304,-1.057568175439826,-1.118341726488249,-0.985530707305215,-1.1145904545341814,-0.4807565221607398
15413.0,2.3419787162980232,0.29970536404670484,1.4431819797361278,1.123305015805855,-0.5847816131886778,2.1445420038661123
15414.0,-0.914070011719407,-0.2012239156425293,-0.11444041137529823,-0.06221708927918149,-0.09885955416899503,-0.07513915368527808
15415.0,0.5325322823997739,-1.057568175439826,-0.34765766830780837,0.0809159797362273,0.07530097820695623,0.95722979689602
15416.0,-0.6514854368792917,0.6551203441547673,1.158631863277314,1.0528194010453993,1.2198206403184555,1.1640669628779645
15417.0,-0.5560001369374316,-1.057568175439826,-0.41583426265533907,-0.3536691307934737,-0.32031979307342545,0.8300220145226649
15418.0,1.0672499620741907,-0.5566388957505917,-0.5046998747968198,-0.40150168194557495,0.3409641798752045,-0.2608953271161797
15419.0,-0.842456036763012,-1.057568175439826,-1.3595155252201245,-0.49177170772481255,-1.2790083980134372,-0.9307523659961239
15420.0,1.1102183470480278,0.4901498374805938,-0.14456694843557263,0.360832621181903,0.17374026765232672,-1.0539058745703278
15421.0,-0.6801310268618498,1.0485519735441977,1.0268234406583323,0.9031293501747574,1.1334943370758328,0.4419750538521521
15422.0,0.5802749323707039,0.6551203441547673,0.41425271842546607,0.2473218686046284,0.521270140592798,-0.2216465379801549
15423.0,-0.780390591800803,-0.2012239156425293,-0.8775654431495311,-0.5897996493919544,-0.9169962351303879,-1.4925092721117958
15424.0,0.2508506475712865,-0.2012239156425293,-0.30039052488072887,0.38301601715157824,-0.18999139653830796,-0.4210776054799452
15425.0,0.9478933371468654,0.07445736048174284,0.5439620160331867,0.4985993451524729,0.8084355865789369,0.7667790858042025
15426.0,-0.87110162674557,0.9308016202790399,0.6193816415380226,0.4985993451524729,1.6671728384076792,-0.17538889574850872
15427.0,-0.8042619167862679,-0.2012239156425293,0.32507428018623624,0.45017132686504224,1.3904871713553972,0.7433549061329516
15428.0,-0.8901986867339421,0.07445736048174284,-0.12576631993356913,-0.2223760935121599,-0.05683280004799887,-0.479655937661533
15429.0,-0.832907506768826,-0.5566388957505917,-0.5928561105741397,-0.16281700762011428,0.4903479020522795,-0.42499461751292206
15430.0,1.2725433569491897,-0.5566388957505917,0.03515870041611802,-0.2983922520379315,-0.12070997099915268,0.744834483293271
15431.0,1.439642631847445,-1.057568175439826,-1.2737260199493619,-1.1490257546338611,-2.179147667316555,-0.7706814087879742
15432.0,-0.852004566757198,-0.5566388957505917,-0.7460807759238506,-1.089893101882153,-0.7579160438997158,-0.710092108046041
15433.0,0.059880047687566246,-0.5566388957505917,-0.3821510520081773,0.060351416354561,-0.03660110367654417,-0.03270245778479407
15434.0,-0.9236185417135931,1.1560496238440017,0.7444371228152411,0.7039260546733143,0.5412550843430992,-0.21048967559732945
15435.0,-0.856778831754291,-1.057568175439826,-1.2923426528225497,-1.435207155173084,-0.29254282546769667,-0.8054173853459304
15436.0,-0.9045214817252211,-0.2012239156425293,0.11534903851210034,0.10775266843801919,1.4247742691316794,0.3526715251933313
15437.0,0.28904476754803055,-0.5566388957505917,-0.5999162655257662,-0.6631145807357566,0.233355067772715,-0.43813470863226606
15438.0,-0.3363839470711533,-1.057568175439826,-1.258352657246592,-1.378005216237291,-0.409791367250838,-0.741996910893112
15439.0,0.9717646621323305,0.07445736048174284,0.23918202041282244,0.10546204736866442,0.12599809971663617,0.199195487231969
15440.0,-0.6992280868502218,-0.2012239156425293,-0.6179139720348137,-0.5931115333827922,0.1422232254034017,-1.0110524895401014
15441.0,0.9287962771584934,-0.2012239156425293,0.23074784624967223,0.12245026867198418,0.057680039452894044,0.5676176489708065
15442.0,0.22697932258582149,-1.057568175439826,-0.3049349475395482,-0.916869308544028,-2.179147667316555,1.0369442886200158
15443.0,-0.9522641316961511,1.4317308999682739,1.238911882555625,1.1245235658893056,1.8480029018364958,0.38742507124189235
15444.0,-0.9188442767165,-0.5566388957505917,0.31531861486670465,0.29113545658713064,1.2284002168518913,1.2671204333313772
15445.0,0.2985932975422166,-0.5566388957505917,-0.8318793025125892,-0.9278263552140557,-0.9777160146122458,-0.8696531354332169
15446.0,0.8380852422137263,-0.2012239156425293,-0.5885456747762138,-0.39902556759911106,0.6166500395156311,-0.9565331743462099
15447.0,0.618469052347448,0.29970536404670484,-0.4386006427718244,-0.4974883314143884,-0.34907158776898006,-1.356582362522912
15448.0,0.5325322823997739,-0.5566388957505917,-0.10168962425724676,-9.809240364169823e-05,0.12599809971663617,0.48978906091187446
15449.0,-0.837681771765919,-0.2012239156425293,0.04985096057409024,0.3354530610747334,0.09255092212907612,0.23070046226316157
15450.0,-0.818584711777547,-1.057568175439826,-0.5365924707951176,-0.1697554106198197,-0.26567674408401915,0.6047044549136223
15451.0,1.1102183470480278,-0.5566388957505917,-0.9937047343650901,-1.2140077557532785,0.233355067772715,-1.1704145916677238
15452.0,-0.818584711777547,0.4901498374805938,0.48387049629855244,0.5269988301146156,1.0738795369554441,0.11344344050609596
15453.0,-0.9522641316961511,0.6551203441547673,0.2949925351202777,0.35536395854481556,1.1286887979491427,-0.443276536616702
15454.0,0.7664712672573312,-0.5566388957505917,-0.7798011330765983,-0.788910154934063,-0.143159103290622,-0.7728099024789615
15455.0,1.8931978065712807,-1.057568175439826,-2.2557974992210705,-3.158297950335421,-2.179147667316555,-2.6030864475826276
15456.0,0.3893043324869837,1.0485519735441977,0.5974866979514408,1.1313060181971717,0.9025618299872694,-0.35652164902745126
15457.0,0.28904476754803055,-1.057568175439826,-0.9622501203494833,-0.8547057794021347,0.233355067772715,-0.1895118911545165
15458.0,-0.842456036763012,-0.5566388957505917,-0.6430473820684751,-0.3177608157300655,-0.9169962351303879,-0.5184014785372727
15459.0,1.0290558420974465,-0.5566388957505917,-1.0736772423692378,-0.9114585160096889,-1.4849208824917954,-1.318942319085659
15460.0,0.7282771472805871,-1.057568175439826,-1.0345250205626568,-0.9915898062500224,0.189055518651088,-0.32436652661059684
15461.0,1.2391235019695388,-0.5566388957505917,-0.5368256889513461,-0.49177170772481255,-2.5113622892582645,-0.3207017093134029
15462.0,-0.5130317519635945,0.07445736048174284,-0.15032885494528694,0.010591697301474957,-0.214451185231064,-0.5253037101330753
15463.0,-0.82335897677464,-1.057568175439826,-1.4123805521158228,-0.9977052697151033,-1.3755129945354494,-1.0293909515821038
15464.0,0.651888907327099,-1.057568175439826,0.09966882856071765,-0.22048970030448686,1.0582725494136873,1.7918771154966113
15465.0,-0.866327361748477,2.4058255130307287,1.856832582956056,1.10950067486965,0.6518959929570478,0.433538407048618
15466.0,-0.5560001369374316,0.07445736048174284,0.3874121640001045,0.43227221376768815,1.309589562375142,0.47518276916069685
15467.0,-0.9188442767165,-0.2012239156425293,-0.393549648495304,-0.29627499551606934,-0.016856965827270066,-0.5942814665113871
15468.0,-0.7183251468385938,-0.2012239156425293,0.32504420303964043,0.6932211283143439,0.521270140592798,0.7432988647723827
15469.0,-0.7230994118356868,-0.2012239156425293,-0.027980249437696534,-0.3467852188694181,-0.07757674530912831,0.0857923449723496
15470.0,1.7881639766352344,-1.057568175439826,-1.900248469044098,-0.48610436588700323,-1.760606742132222,-1.9396827665002812
15471.0,-0.9522641316961511,-0.2012239156425293,0.252038867896654,0.20925580488600776,0.8635381656265729,0.6072813825908624
15472.0,-0.4223207170188274,-1.057568175439826,-0.6408868775488423,-0.4345697687890191,0.47977559959369576,0.41010599595486236
15473.0,-0.8949729517310351,0.8006346437359392,0.5817040620267925,0.3056785726042411,-1.6112230199551474,-0.08837159801227452
15474.0,1.8836492765770947,-1.057568175439826,-1.287299193936404,-1.4233616530429278,-0.6247574474094066,-0.7960070117926931
15475.0,-0.5941942569141756,-1.057568175439826,-0.49726654079998667,-0.2775204170536632,-0.29254282546769667,0.6780810204685078
15476.0,0.8524080372050054,0.07445736048174284,0.637002373414232,0.5775712226090391,0.37793325082309986,0.9401279573275169
15477.0,2.141459586420117,-1.057568175439826,-0.6469993790664739,-0.5328730644211497,-2.179147667316555,0.39870094162128755
15478.0,-0.7708420618066169,-0.2012239156425293,0.5594454006389215,0.3986250706067814,0.189055518651088,1.1801373365680423
15479.0,2.5377235811788363,-1.057568175439826,-1.301424133884091,-1.6612051713861486,-1.192682094770814,-0.8223621312306467
15480.0,-0.40799792202754837,0.29970536404670484,1.3861249097651462,0.8770452259327282,1.2618473944394515,2.038146808435382
15481.0,0.9526676021439585,-1.057568175439826,0.5630019863196513,0.7162742470671974,-0.07757674530912831,2.656390575909621
15482.0,-0.8854244217368491,1.7871458800763362,1.9825418746819592,1.703806391576805,0.4582127216583458,1.3643194659261528
15483.0,-0.1931559971583631,1.0485519735441977,-0.07580460951294754,0.40665569062168294,1.3286893100438582,-1.6038969824050402
15484.0,-0.9570383966932442,0.4901498374805938,1.1709636878538197,1.3951250000007192,1.1800603940669612,1.393156187579513
15485.0,-0.818584711777547,0.6551203441547673,1.1950479965076515,0.975998630252692,0.521270140592798,1.2319274642222466
15486.0,1.5542249917776771,-1.057568175439826,-1.5634773767775714,-1.6283279417313867,-2.5113622892582645,-1.311316034124348
15487.0,2.2846875363329073,-1.057568175439826,-0.9797946270175911,-0.7979158790770093,-0.8604674728291044,-0.22224743342446227
15488.0,-0.5178060169606875,0.29970536404670484,-0.533136414165514,-0.4345697687890191,-1.1145904545341814,-1.5314587441449916
15489.0,-0.852004566757198,0.8006346437359392,0.7020048513236176,0.6260905150670751,0.4690650931924128,0.13538801152225682
15490.0,1.0911212870596556,-1.057568175439826,-1.0459836752293366,-1.164679055612675,-0.5102446079085138,-0.3457467387358924
15491.0,-0.5082574869665015,0.4901498374805938,0.8797777433792763,0.7995694162726864,0.7645317593062706,0.8505639160605171
15492.0,-0.828133241771733,-0.5566388957505917,-0.23003579435230762,-0.005508884937980794,-0.214451185231064,0.2506450010100613
15493.0,-0.8042619167862679,0.9308016202790399,1.084112929385161,0.595235629247402,1.5662850487754325,0.6893730223009327
15494.0,-0.861553096751384,0.29970536404670484,1.0071880315620128,1.2053011687313928,1.6156248943165106,1.3316974998904043
15495.0,0.8476337722079124,-1.057568175439826,-0.9343745207638039,-0.6031484853164844,-0.5847816131886778,-0.13750000585050481
15496.0,2.05074855147535,-1.057568175439826,-1.3075429397088447,-1.0487917451858157,-0.5102446079085138,-0.8337789485004035
15497.0,-0.875875891742663,0.9308016202790399,1.616587061195725,1.1800595865162866,0.36579462773390486,1.6815345482025326
15498.0,-0.9474898666990581,2.789004439454805,2.3767367172765774,2.1125033344354915,2.1592509614603204,0.9760955548151332
15499.0,2.4947551962049994,-1.057568175439826,-1.248987565804793,-1.378005216237291,-0.03660110367654417,-0.7245229885677726
15500.0,-0.9236185417135931,0.07445736048174284,0.15696299290947124,0.10546204736866442,0.3409641798752045,0.04616951626391785
15501.0,0.9717646621323305,-0.5566388957505917,-0.5881876377963736,-0.5670721856905674,0.3409641798752045,-0.41630565603169195
15502.0,-0.8854244217368491,1.4317308999682739,1.9085014427751545,1.5993995233691574,1.3834541490107977,1.6347227821886072
15503.0,0.7712455322544243,-0.5566388957505917,-0.9037252102655056,-0.8646666909006259,0.7940607955516648,-1.0032152947466941
15504.0,-0.5750971969258036,0.07445736048174284,-0.583282659013929,-0.8116600921875174,0.0024225606841520096,-1.3286518900422646
15505.0,-0.7087766168444078,0.29970536404670484,0.9892088472010618,1.0446221928240444,0.6166500395156311,1.2981875601069488
15506.0,-0.852004566757198,0.4901498374805938,0.5761896586223169,0.7959671739348112,1.1800603940669612,0.28524651593591827
15507.0,-0.14063908219034002,-1.057568175439826,-0.46376645210817913,-0.7291046182118397,-0.016856965827270066,0.7405873986849475
15508.0,-0.05947657723975892,0.4901498374805938,0.0685470608012522,-0.06667410690559651,0.5007855218324396,-0.6585641542197039
15509.0,0.8524080372050054,-1.057568175439826,-1.2775979900105918,-1.3890543432466802,-0.3788691287103198,-0.7779059516038611
15510.0,0.618469052347448,-1.057568175439826,-0.9242977870511822,-3.347422325913002,-2.5113622892582645,-0.11869826074403553
15511.0,-0.9045214817252211,0.29970536404670484,-0.006751073282520199,-0.38921333198338165,0.8295356901035954,-0.5556857154273006
15512.0,-0.21702732214382814,0.07445736048174284,-0.722346655425325,-0.47769391964063307,-0.29254282546769667,-1.5860150648955926
15513.0,-0.8042619167862679,2.5133231633305324,2.417621427120241,2.0159853709461113,1.5346017945222157,1.3582010245440082
15514.0,-0.9045214817252211,1.7237759069352954,1.3989290014774383,1.397218912971075,1.1382718554069673,0.3496586958360172
15515.0,0.8858278921846564,-1.057568175439826,-1.1921476750509103,-0.8596673696082351,-1.3755129945354494,-0.6184678750446801
15516.0,-0.7469707368211519,-0.2012239156425293,-1.9113620215761122,-1.879041864845952,-0.8075883471740417,-3.389819268955741
15517.0,0.15059108263233337,-1.057568175439826,-0.877190523808736,-0.33322994313103943,-0.34907158776898006,-0.030802839330007714
15518.0,-0.6562597018763847,1.511464603952064,1.0959055693966617,1.1510095436829135,1.4479491251839223,0.029285804477644176
15519.0,0.8667308321962843,-0.5566388957505917,-0.6947690696316962,-0.9389691233576822,-0.16624068800434505,-0.6146381004277143
15520.0,-0.9522641316961511,-1.057568175439826,-0.6970774894635218,-0.287873506325402,-0.6667842015304029,0.3052623439614554
15521.0,-0.7708420618066169,1.5863629060023545,1.4741148718943866,1.4615118908836773,1.2067804381857754,0.6469185002940303
15522.0,-0.8042619167862679,-0.5566388957505917,-0.5917041270191095,0.10546204736866442,0.09255092212907612,-0.42285055885270734
15523.0,-0.5607744019345245,1.5863629060023545,2.111637538212066,2.2790603002294634,0.3534734621303434,1.834781740940065
15524.0,-0.842456036763012,-0.5566388957505917,-0.30807753057296805,-1.8559725651466734,-1.192682094770814,0.10526281156322148
15525.0,-0.9522641316961511,0.07445736048174284,-0.015004864632299492,0.05169305399781207,1.042362494706519,-0.27374038784261384
15526.0,-0.8042619167862679,-0.5566388957505917,-1.2964127018454181,-1.9535450018021403,-1.760606742132222,-1.7321578456066478
15527.0,-0.87110162674557,2.0123938836412982,1.298211300801168,0.9934662816432129,1.3656028530819797,-0.1647324537542897
15528.0,0.2508506475712865,-1.057568175439826,-0.9859678640420495,-0.9007687263045723,-0.3788691287103198,-0.23376581153445483
15529.0,-0.852004566757198,1.254937876118928,1.190971188160542,1.4261621027017801,1.9299100902744803,0.5040478916283827
15530.0,-0.856778831754291,0.29970536404670484,0.4932781483505056,0.658536641138629,0.7867777069538352,0.3743260124227787
15531.0,-0.9236185417135931,-0.5566388957505917,0.5554239668611677,0.5257892482061313,1.2494641551154662,1.714853254381783
15532.0,-0.842456036763012,1.0485519735441977,1.0141775448190153,0.6629736045398907,1.8658369279164961,0.41843577074221233
15533.0,-0.87110162674557,-0.2012239156425293,-0.08484417862078408,-0.3422356672739857,0.4472146763622555,-0.02005590998965137
15534.0,2.5043037261991854,-1.057568175439826,-1.232986009836709,-1.3355771031233274,-1.2790083980134372,-0.6946663718108982
15535.0,-0.13586481719324703,0.4901498374805938,0.09947664793140754,-0.287873506325402,0.5984416885683977,-0.6011346550771609
15536.0,0.9908617221207026,-1.057568175439826,-0.8987694771971843,-0.45847813379913716,-0.7579160438997158,-0.07106608264324477
15537.0,-0.18360746716417709,-1.057568175439826,-1.5038772285476625,-1.8336854280403143,-0.44192654764477163,-1.2001106746016552
15538.0,1.6067419067457003,0.4901498374805938,0.9371916518455556,0.48263431624334213,-1.9434376418968569,0.95752432721538
15539.0,-0.9283928067106861,-1.057568175439826,-0.37525412567515837,-0.1129895629648933,-0.016856965827270066,0.9057387510809898
15540.0,-0.9092957467223141,-0.5566388957505917,-0.48698134175759294,-0.06073810646911588,-0.2396636998126339,-0.22790741782388058
15541.0,-0.4175464520217344,-1.057568175439826,-1.6918345671100983,-1.4978647899991167,-0.29254282546769667,-1.5508122085833291
15542.0,1.482611016821282,-0.2012239156425293,-0.043344034592919245,-0.10031625325820803,1.3134452968899748,0.05719177610084798
15543.0,0.4131756574724487,-0.5566388957505917,-0.9467743946716597,-0.701125605014462,0.1422232254034017,-1.0832197076549963
15544.0,-0.9188442767165,1.8474233769671247,1.5424838590378367,1.7265103498174468,1.157108134911449,0.47613925898593046
15545.0,-0.7040023518473147,-0.5566388957505917,-0.8207311389093551,-0.7209883721386089,0.5007855218324396,-0.848924299567548
15546.0,1.9361661915451176,-0.5566388957505917,0.1229296382049546,-0.5897996493919544,-1.4849208824917954,0.9084413836824687
15547.0,-0.9283928067106861,2.15790818322247,1.7241148267503634,1.7765020899146415,2.231341900558055,0.46381913294133276
15548.0,1.8836492765770947,-1.057568175439826,-1.2515090814637793,-1.325384533344951,-0.4753737252323317,-0.7292277764538361
15549.0,-0.5941942569141756,0.8006346437359392,0.676215065827501,0.4287734956544471,0.9696086067184702,0.08740922718603276
15550.0,-0.9427156017019651,1.254937876118928,0.6373495685764058,0.5576912928125736,1.1141007199045665,-0.5253639382310697
15551.0,-0.7851648567978959,0.6551203441547673,0.4402663372941137,0.3223861447955786,0.8295356901035954,-0.17328464765216997
15552.0,0.07420284267884526,-0.5566388957505917,-0.9171291675490006,-0.7050504380559981,-0.29254282546769667,-1.0281278091806139
15553.0,-0.6753567618647568,-1.057568175439826,-0.5381097454237954,-0.05339269394218388,0.15813328011056985,0.6018734372804799
15554.0,0.3654330075015187,-1.057568175439826,-1.0247904963954957,-1.2313089537736739,-0.8604674728291044,-0.306203295612989
15555.0,-0.9045214817252211,2.547173051100936,1.8041570712283805,1.879375491416007,2.249950014627381,0.17828552990021054
15556.0,-0.8472303017601049,-1.057568175439826,-0.8438675983437333,-0.4749141794238375,-0.2396636998126339,0.03137297762247301
15557.0,-0.82335897677464,-1.057568175439826,-0.47430201833686564,-0.5420250579120797,-0.7579160438997158,0.7209295376723087
15558.0,2.088942671452094,-1.057568175439826,-1.0742055206699181,-1.240133349110671,-0.4753737252323317,-0.3984046693253804
15559.0,1.7499698566584905,-1.057568175439826,0.14278312704679239,0.05044678332732367,0.3153576561144396,1.8723222352841928
15560.0,0.9383448071526794,-0.5566388957505917,-1.2724245118289579,-1.2490778079274656,-1.1145904545341814,-1.6876919426820105
15561.0,-0.9045214817252211,0.8006346437359392,0.5414710240044369,0.6614979415593506,0.3534734621303434,-0.16317758125519505
15562.0,0.7187286172864011,-0.2012239156425293,-0.21714673331692833,0.09154814002366078,-0.214451185231064,-0.26624487592494767
15563.0,-0.856778831754291,0.6551203441547673,0.8218166772178951,1.195101869803958,1.1755210911968286,0.5366682336567425
15564.0,1.2486720319637248,-0.5566388957505917,-1.8230177244632733,-1.597016901219535,-1.760606742132222,-2.7051225985943512
15565.0,-0.7230994118356868,-0.5566388957505917,-1.1865635671960977,-1.3671387278127125,-1.2790083980134372,-1.5284589206882073
15566.0,0.9144734821672145,-0.5566388957505917,-0.9905309873399357,-0.7583275439502549,-1.192682094770814,-1.1645186513981827
15567.0,-0.87110162674557,-1.057568175439826,-1.1354796051083713,-0.5120012294368813,-1.3755129945354494,-0.5127333546017467
15568.0,-0.9474898666990581,-0.2012239156425293,-0.129969079589367,-0.036091495921788945,-0.34907158776898006,-0.10403812615281184
15569.0,-0.4652891019926645,1.0485519735441977,0.9837224585234818,0.8337887708726872,0.8701725506387965,0.3617502823391666
15570.0,-0.9283928067106861,2.111282135916225,1.6231129976032463,1.3959311406066992,1.9134311467596308,0.32822680946482624
15571.0,-0.9045214817252211,1.4317308999682739,1.0430424446216555,1.0503709528453402,1.9134311467596308,0.023025486506908204
15572.0,-0.9379413367048721,1.0485519735441977,1.0563455820234984,0.9561695656798037,1.4768134745980201,0.49693184353519215
15573.0,-0.8090361817833609,0.29970536404670484,0.19211458300036435,0.30058236427914886,1.1845746868770388,-0.18606313563643187
15574.0,-0.11199349220778199,0.4901498374805938,0.13762045317128369,0.2833039036980324,1.2284002168518913,-0.5302937489184549
15575.0,1.9982316365073267,-1.057568175439826,-2.422813300935946,-2.7904022884519986,-1.9434376418968569,-2.9147140664272584
15576.0,-0.780390591800803,-1.057568175439826,0.009648228432369468,-0.13909354138263974,0.021258840188633787,1.6239115399227928
15577.0,-0.24089864712929315,0.29970536404670484,-0.5952379332606779,-0.916869308544028,0.2616110427421876,-1.6462236946663162
15578.0,-0.1883817321612701,-1.057568175439826,-1.4069825343572677,-1.4595583680152389,-0.9169962351303879,-1.0193190218406813
15579.0,-0.6323883768909196,0.29970536404670484,0.22869825871998864,0.2500899046174339,0.9754402475100741,-0.11802629677414703
15580.0,0.8380852422137263,0.8006346437359392,0.29688234697586185,0.4419707101527244,1.0315815224206653,-0.617586830661483
15581.0,-0.38412659704208335,2.612211415605459,1.5117399910179097,1.2003297906493466,2.0801996633700783,-0.4372707069784853
15582.0,-0.842456036763012,-0.2012239156425293,-0.20499905023116974,-0.0475748897630871,-0.05683280004799887,-0.24364568597889966
15583.0,0.8333109772166333,-1.057568175439826,-1.6068420133379024,-1.411725816863138,-0.09885955416899503,-1.3922282489842859
15584.0,-0.8472303017601049,0.4901498374805938,0.2387015980168813,-0.005508884937980794,1.152439506483106,-0.3424852861167309
15585.0,-0.11676775720487499,-1.057568175439826,-0.4953926547298583,-0.2754692216866368,-0.2396636998126339,0.6815774240903467
15586.0,1.8693264815858155,-0.2012239156425293,0.16172454165927772,0.6634647570332624,-0.26567674408401915,0.43904506444887564
15587.0,-0.7230994118356868,0.6551203441547673,0.3695535914689361,0.05293696653884966,-1.9434376418968569,-0.30473140373195357
15588.0,2.2751390063387213,-1.057568175439826,-0.3225155761885503,-1.0622086921321432,-1.760606742132222,1.0041413478956815
15589.0,0.26039917756547254,-0.2012239156425293,-0.4597597493302792,-0.4557783042066653,-0.32031979307342545,-0.7173298145467255
15590.0,0.8619565671991913,0.29970536404670484,0.35744719846180084,0.3514297302754142,0.4690650931924128,0.12150008691283422
15591.0,1.8215838316148856,-0.2012239156425293,-1.0224920871033418,-1.3890543432466802,-1.4849208824917954,-1.7607029558850926
15592.0,-0.7374222068269658,-1.057568175439826,-0.6088310660498232,-0.20928361792087674,-0.44192654764477163,0.46991755932193474
15593.0,-0.6228398468967337,-1.057568175439826,-1.084424618079637,-1.3671387278127125,-1.6112230199551474,-0.4174720447463521
15594.0,-0.8854244217368491,0.29970536404670484,0.4784948909234846,0.46094874170615,0.5703472080455595,0.3468040303907853
15595.0,1.3680286568910498,-1.057568175439826,-0.6682922392974865,-0.7979158790770093,-1.760606742132222,0.35897150725609006
15596.0,-0.47961189698394346,0.9308016202790399,0.787982176420297,0.5963240526447003,0.5412550843430992,0.13815940170229477
15597.0,-0.7947133867920819,-0.5566388957505917,-0.34286083723465266,-0.14075997467494245,-0.143159103290622,0.04047419224700829
15598.0,-0.7087766168444078,-0.5566388957505917,-0.36264867521226923,-0.12265749575793934,-0.214451185231064,0.003619126052562806
15599.0,-0.832907506768826,-0.2012239156425293,0.22837138683398672,0.5336120394256678,0.4903479020522795,0.5631905809069978
15600.0,1.0815727570654696,0.07445736048174284,0.19865479482297702,0.19639414776220387,0.21885305959242807,0.12376078854068741
15601.0,-0.9092957467223141,2.328585137071624,1.97122408013083,2.010820314032616,1.6235668828874024,0.7326967181226774
15602.0,-0.9236185417135931,1.5863629060023545,0.8884878271401407,1.0182550441757259,0.3153576561144396,-0.44222087587906733
15603.0,-0.5846457269199896,-0.5566388957505917,-1.6644530178258885,-0.8747808531910688,-1.760606742132222,-2.4129178223011545
15604.0,-0.7135508818415008,-1.057568175439826,-1.0274593047132317,-0.7332006288566868,-0.7110837506520298,-0.311182910551632
15605.0,-0.7899391217949889,0.9308016202790399,0.4663173969167177,0.1802109901163868,0.521270140592798,-0.4598092903428006
15606.0,-0.6705824968676638,1.6569789035332354,1.2551075407160928,0.7870776919602868,0.5607641505877349,0.15837224505566724
15607.0,0.647114642330006,0.9308016202790399,0.45260898625636575,0.7252738069353165,0.6604755694904836,-0.485269243202844
15608.0,-0.828133241771733,0.29970536404670484,0.4842199463185865,0.6250503129801178,0.643225625568364,0.3574622127868859
15609.0,-0.08334790222522395,-1.057568175439826,-0.7975742082716604,-0.7800261334955506,-0.7579160438997158,0.11774982800597082
15610.0,-0.7135508818415008,-1.057568175439826,-1.4940705515934323,-1.3054615668176395,-1.4849208824917954,-1.1818128168142674
15611.0,-0.914070011719407,2.15790818322247,0.8555840997435404,0.28067251560124207,0.021258840188633787,-1.1489410954303998
15612.0,-0.7899391217949889,-0.5566388957505917,-1.1012376786350353,-1.4595583680152389,-1.760606742132222,-1.3701102395297713
15613.0,1.9504889865363968,-1.057568175439826,-0.5301589720544503,0.23800999079579488,-0.34907158776898006,0.6167084441937309
15614.0,1.1293154070363998,0.07445736048174284,0.8906335438156983,0.7939573662496181,0.4472146763622555,1.412827189360998
15615.0,-0.914070011719407,2.868738143438595,2.2650723355068485,2.1101153244127757,1.5747174601405618,0.6800075787045339
15616.0,1.1293154070363998,-1.057568175439826,-0.7542676024872148,-0.8304444438698193,-0.9169962351303879,0.19855376573091169
15617.0,0.9287962771584934,-0.2012239156425293,-0.06646215658485564,-0.0027979219961135433,-0.016856965827270066,0.014158760957158345
15618.0,-0.8042619167862679,0.07445736048174284,-0.11263828252037332,-0.046128447855481106,-0.05683280004799887,-0.4552558676588404
15619.0,-0.9092957467223141,-1.057568175439826,-0.7120213607119641,-0.8352256109933592,-1.9434376418968569,0.27737921574450386
15620.0,-0.6896795568560358,0.07445736048174284,0.5444200385048693,0.6182485821402117,0.8084355865789369,0.7676323726285337
15621.0,-0.9427156017019651,0.07445736048174284,0.2526047250553565,0.018496492922869624,-1.0432983725937395,0.2241818639009226
15622.0,-0.7565192668153379,1.6569789035332354,1.5465816675007351,1.3978618544226145,1.6771043790659141,0.7008579652409153
15623.0,-0.28864129710022324,0.8006346437359392,0.7071564449921997,0.5269988301146156,0.6256046868143018,0.14497253154666714
15624.0,-0.4032236570304554,0.07445736048174284,-0.3120495729411014,-0.20375140365985933,-0.3788691287103198,-0.8256819921642342
15625.0,-0.4652891019926645,0.9308016202790399,0.9106464643528512,1.1983741890630912,0.7493583243307705,0.36641830535236625
15626.0,-0.6037427869083617,-0.2012239156425293,0.11519459196198027,0.5571143664203038,0.4472146763622555,0.35238388832752043
15627.0,1.2200264419811668,-0.5566388957505917,-0.3383864262162086,-0.22806796960317863,-0.4753737252323317,0.04880808302524907
15628.0,-0.9379413367048721,1.6569789035332354,1.2689748754677639,1.3081465906870982,0.9518604310556431,0.1841685793527447
15629.0,1.1866065870015159,0.07445736048174284,0.6469682438774277,0.7463830210683201,-0.05683280004799887,0.9586978248198244
15630.0,-0.7469707368211519,-0.2012239156425293,0.3501266966203552,0.46361571324129663,0.47977559959369576,0.7900350437320278
15631.0,2.1032654664433728,-1.057568175439826,-0.30172201612014815,0.049198145569619475,-0.05683280004799887,1.0429391595092268
15632.0,-0.8854244217368491,0.8006346437359392,0.921406678560587,0.9624306375934628,0.7569801660124958,0.5437430457734961
15633.0,1.468288221830003,1.3464940972778903,1.120473645299861,0.9431448773440019,0.4903479020522795,0.2659628051005832
15634.0,-0.880650156739756,-0.5566388957505917,-0.3540348521370694,-0.5003653932570907,-0.16624068800434505,0.019662242279047726
15635.0,0.9287962771584934,-1.057568175439826,-1.5750659109150653,-2.8917421141099786,-2.179147667316555,-1.3329385827819422
15636.0,-0.5321288119519666,0.07445736048174284,0.33207789645926683,0.09154814002366078,-0.05683280004799887,0.37214273460067204
15637.0,-0.7087766168444078,0.29970536404670484,-0.09375641655775899,0.19037205146743835,-0.09885955416899503,-0.7172630823814797
15638.0,0.8476337722079124,0.4901498374805938,0.6547044263113628,0.5548015845035537,-0.5847816131886778,0.43140307987972953
15639.0,-0.3220611520798743,-0.2012239156425293,0.11355406537022966,0.3647111432388268,0.30224790327738865,0.34932862536811154
15640.0,-0.9427156017019651,2.2880751597655706,2.332942682146998,2.1128283011162554,1.6049143879152283,1.4518654184400601
15641.0,-0.46051483699557144,1.254937876118928,1.2706505109354078,1.4489978763817857,1.4446782942040863,0.6523953222527569
15642.0,2.5234007861875574,-1.057568175439826,-1.5376140437753594,-0.38678298695373253,-1.4849208824917954,-1.263058750704996
15643.0,-0.04515378224847989,-0.2012239156425293,-0.2251199209594218,-0.44774471036475055,-0.2396636998126339,-0.2810773426566973
15644.0,-0.16928467217289805,0.07445736048174284,-0.08842969516018852,0.07972394390319104,1.1141007199045665,-0.410256759926748
15645.0,-0.87110162674557,-0.2012239156425293,0.1068522874423819,-0.13577329401288032,0.2753818218937108,0.3368475899611606
15646.0,-0.20747879214964213,0.29970536404670484,-0.10533312786130321,0.3426906488381303,0.3534734621303434,-0.7387550487438761
15647.0,1.0195073121032605,-1.057568175439826,-1.2039121440281715,-0.8954883157324756,-1.0432983725937395,-0.6404186929715618
15648.0,0.012137397716636182,-0.5566388957505917,-0.2520569667694525,-0.5268417598989991,-0.4753737252323317,0.20961971931951504
15649.0,0.642340377332913,0.07445736048174284,0.43190972466838456,-0.18922246798122297,-1.2790083980134372,0.5580544750176564
15650.0,1.5303536667922122,-0.5566388957505917,-0.3550299602423063,-0.551306260279225,-0.18999139653830796,0.01780885061095051
15651.0,-0.7851648567978959,0.29970536404670484,0.23351521753216328,0.3815099281038558,0.17374026765232672,-0.1090670762761591
15652.0,-0.5273545469548736,0.29970536404670484,0.3126357258913672,0.19639414776220387,0.643225625568364,0.0381180916639995
15653.0,-0.5178060169606875,-0.5566388957505917,-0.025369602749809428,0.591959504950134,-1.760606742132222,0.632020477479397
15654.0,-0.9188442767165,-0.5566388957505917,0.010550131035812772,-0.01646593160800842,-0.8075883471740417,0.6989672326873054
15655.0,0.19833373260326345,-1.057568175439826,-0.34630212144915257,-0.2673278472752866,-0.16624068800434505,0.959759053621778
15656.0,-0.7469707368211519,0.07445736048174284,-0.13928165395601164,-0.22997626581046446,0.07530097820695623,-0.5047740210822843
15657.0,-0.852004566757198,-1.057568175439826,-2.425124399880299,-1.9535450018021403,-2.5113622892582645,-2.9190262467931167
15658.0,-0.05470231224266591,0.8006346437359392,0.6062633489324912,0.1678067054776216,0.521270140592798,-0.0427010127957111
15659.0,-0.7517450018182449,-0.2012239156425293,-0.3832397539984144,-0.72503397002458,-0.8604674728291044,-0.5751170407808159
15660.0,-0.842456036763012,1.511464603952064,0.7546003691653638,0.852097980117472,0.4472146763622555,-0.6048287949970085
15661.0,0.5516293423881459,0.8006346437359392,0.2085345590477645,0.30821193828956284,-0.34907158776898006,-0.7815438333701179
15662.0,2.19397650138814,-0.5566388957505917,-0.8338172887614606,-0.793397596124442,-0.9777160146122458,-0.8732565025194857
15663.0,-0.45574057199847845,-1.057568175439826,-1.3476593281817812,-0.9977052697151033,-1.192682094770814,-0.9086303966155309
15664.0,-0.7183251468385938,0.07445736048174284,0.230644934011341,0.055417752810252185,0.20408973995326918,0.18330426500044625
15665.0,-0.15973614217871204,0.29970536404670484,1.0602916023022069,1.1432461862619427,1.0992481910462715,1.43067813187007
15666.0,1.2916404169375617,-0.5566388957505917,-0.25944447614519545,-0.0248052516576016,0.3153576561144396,0.19585728053237703
15667.0,-0.7708420618066169,-1.057568175439826,-0.7908012383855618,-0.4639112852343134,-0.9169962351303879,0.13038722193181324
15668.0,0.07897710767593827,-1.057568175439826,-1.7692668127224338,-1.2490778079274656,-2.5113622892582645,-1.6952897135511453
15669.0,-0.7708420618066169,0.07445736048174284,-0.20350018284554974,-0.23189011747305974,-0.2396636998126339,-0.6240969870547715
15670.0,0.4561440424462858,-0.5566388957505917,-0.7362462974349124,-0.8547057794021347,-0.6247574474094066,-0.6917988425141745
15671.0,-0.87110162674557,0.6551203441547673,0.7691741630882601,0.8203913550418498,0.17374026765232672,0.4386581359613988
15672.0,2.4995294612020924,-1.057568175439826,-2.137257510834394,-2.493263841242748,-1.9434376418968569,-2.381907769041338
15673.0,-0.5416773419461526,0.9308016202790399,1.3775403194346172,1.2514466812387028,1.1663663359298055,1.2359960020582692
15674.0,-0.6132913169025477,1.3464940972778903,1.4587892730459033,1.3225356396713022,1.4862132955410827,0.8958219131280626
15675.0,-0.5750971969258036,0.07445736048174284,-0.37050770235687386,0.16256837033718813,-0.214451185231064,-0.9341808771879577
15676.0,-0.87110162674557,-0.2012239156425293,0.9535289933960406,1.005539951726499,1.2284002168518913,1.9148712374271317
15677.0,-0.7278736768327798,-0.2012239156425293,0.2595581717433909,0.2141363587182859,0.32826094754877355,0.6212897742830431
15678.0,-0.7087766168444078,-0.2012239156425293,0.5000898543255634,0.48650143081656677,0.4903479020522795,1.069504608209722
15679.0,-0.8472303017601049,0.07445736048174284,-0.10856395868594951,0.575329421351217,0.6856880840720535,-0.44768288618156554
15680.0,-0.9188442767165,1.0485519735441977,1.0677417123627522,1.135150517936011,1.0582725494136873,0.5181476321340508
15681.0,-0.842456036763012,1.4317308999682739,0.853767637652409,0.6894564360975154,0.10944517163608153,-0.3287900708070778
15682.0,1.8979720715683737,-0.5566388957505917,-0.7517230543429917,-0.5149426552915989,-0.409791367250838,-0.7205870474168564
15683.0,-0.4032236570304554,-0.5566388957505917,-0.3940137494505272,-0.2513414648567622,-0.409791367250838,-0.05479486401507016
15684.0,1.6497102917195372,-0.2012239156425293,-1.1833158716663605,-1.205524959583125,-1.192682094770814,-2.0577352625890413
15685.0,1.1866065870015159,-1.057568175439826,-1.9883145388240238,-1.6958135609136948,-0.7110837506520298,-2.10400146775332
15686.0,1.0433786370887257,-1.057568175439826,-1.652365572071533,-1.2490778079274656,-2.5113622892582645,-1.4771687041019013
15687.0,-0.9188442767165,0.9308016202790399,0.854582978285058,0.6495718533770212,0.8433064692551185,0.26208002327301927
15688.0,1.0386043720916327,-1.057568175439826,-1.118191876192333,-1.0690212668978847,-0.3788691287103198,-0.48047692292270394
15689.0,-0.38890086203917634,-0.2012239156425293,-0.39882253547655055,-0.5607203722025208,-0.5847816131886778,-0.6040825079998213
15690.0,-0.9427156017019651,-0.5566388957505917,-0.9541873319821115,-0.11619643557664044,-0.6247574474094066,-1.096994270999528
15691.0,0.2413021175771005,0.07445736048174284,-0.33284803589549067,-0.5451042559620746,-0.9777160146122458,-0.8642894759981087
15692.0,-0.828133241771733,-1.057568175439826,-1.1164334752034033,-0.8256977981095772,-0.9777160146122458,-0.4771959979591505
15693.0,2.184427971393954,-1.057568175439826,-2.269642216794687,-1.8121291499106194,-2.5113622892582645,-2.6289187121153446
15694.0,-0.9570383966932442,2.0628271562006084,1.7184872094332273,1.065459658048442,0.21885305959242807,0.5602488972498765
15695.0,0.3129160925334956,0.07445736048174284,0.15663344268463977,-0.004152006062478782,0.21885305959242807,0.045556247478366965
15696.0,-0.8042619167862679,1.3464940972778903,1.0409881014662048,0.6866187011223984,1.0992481910462715,0.11808681907527295
15697.0,2.3324301863038372,-1.057568175439826,-0.9336500425579374,-0.8798968913203039,-0.8604674728291044,-0.13614823304888432
15698.0,2.017328696495699,-1.057568175439826,-2.1234424094612767,-1.3671387278127125,-2.179147667316555,-2.3561307641064912
15699.0,-0.875875891742663,-1.057568175439826,-0.7712964033125542,-0.9560456050601144,-0.6667842015304029,0.16678045686736262
15700.0,-0.14063908219034002,-0.5566388957505917,-0.19069434528984971,-0.20375140365985933,0.5703472080455595,0.3239425307812828
15701.0,-0.9522641316961511,0.07445736048174284,0.37280654918319933,0.41171547708604483,1.236890884256886,0.44798357178137893
15702.0,1.310737476925934,-0.5566388957505917,-1.3361480835564825,-1.0164005840055443,-0.26567674408401915,-1.8057917607904983
15703.0,0.3033675625393096,-1.057568175439826,-1.0437853129997163,-1.3054615668176395,-1.6112230199551474,-0.34164490896924526
15704.0,-0.29341556209731623,0.4901498374805938,1.013373124548809,0.8242471290380159,0.9088888272366124,1.0994676335909432
15705.0,-0.0021853972746428366,-1.057568175439826,-1.3225241913423056,-1.3459301923950664,-1.4849208824917954,-0.8617318231740088
15706.0,-0.6562597018763847,0.07445736048174284,0.11050511253949666,-0.27342440640881605,0.1422232254034017,-0.04027768763495724
15707.0,-0.7947133867920819,0.07445736048174284,0.006224694139652711,0.13023033085560867,0.8897593496354799,-0.23426001605370003
15708.0,-0.7660677968095239,0.9308016202790399,1.0420833756283692,0.7230354405175238,0.9458578981845076,0.6111082883163343
15709.0,0.3940785974840767,-0.5566388957505917,-0.7304402102070204,-0.6933455428308375,-0.3788691287103198,-0.6809984894767883
15710.0,1.0290558420974465,-1.057568175439826,-0.008073610238700374,0.1802109901163868,0.7794292983039648,1.5908451214766974
15711.0,1.6974529416904673,-0.5566388957505917,-0.5527457701177989,-0.5865043663930697,-0.409791367250838,-0.3503367301737029
15712.0,-0.9188442767165,1.254937876118928,0.9611409987219791,0.6328120038694149,0.579819476229692,0.07637649628142977
15713.0,-0.2790927671060372,0.07445736048174284,-0.05693239986913699,-0.05047735620754308,0.10944517163608153,-0.3517009305687067
15714.0,-0.9045214817252211,0.29970536404670484,-0.10610976138651919,-0.1964467998223347,0.057680039452894044,-0.7401967930502676
15715.0,1.6926786766933744,0.29970536404670484,-0.23160207512513073,-0.44774471036475055,-0.18999139653830796,-0.973050881582566
15716.0,-0.2647699721147582,1.1560496238440017,0.7212077087555916,0.683292454002868,1.2154969254175574,-0.2536615811813135
15717.0,0.1553653476294264,0.29970536404670484,-0.2894252119171392,-0.5090729057452075,-0.7110837506520298,-1.0802629213677588
15718.0,1.6162904367398863,-1.057568175439826,-0.8089010235199564,-1.0690212668978847,-0.6667842015304029,0.09661560939505508
15719.0,-0.8042619167862679,2.3678088637493606,1.7339583069513977,1.5749479114492992,1.9262766383228713,0.24728976130865932
15720.0,-0.8472303017601049,-0.5566388957505917,-0.1482220901800734,-0.2612873063223159,1.042362494706519,0.40307955209366775
15721.0,-0.9045214817252211,-1.057568175439826,-0.4705095992652171,-0.14915609878408756,0.521270140592798,0.7280056497097575
15722.0,-0.7899391217949889,1.1560496238440017,1.2555202597158126,1.0133715046155967,0.6256046868143018,0.7404699761525356
15723.0,0.7807940622486103,0.07445736048174284,0.016870419051384943,-0.0863448461090561,0.7645317593062706,-0.21446084168023785
15724.0,-0.0021853972746428366,-0.2012239156425293,-0.7685297662394408,-0.9333741314436567,-0.7110837506520298,-1.2904636752643812
15725.0,-0.8901986867339421,-1.057568175439826,-0.5613141776141336,-0.5178973010822051,-0.214451185231064,0.5585772828096499
15726.0,0.9001506871759354,-1.057568175439826,-0.7435205953117716,-0.9007687263045723,-0.4753737252323317,0.21860614533453115
15727.0,-0.880650156739756,1.511464603952064,1.673473363447215,1.6394215135337953,1.883291028536741,1.1044779941826905
15728.0,0.8524080372050054,-0.5566388957505917,-0.3671327609121297,-0.8547057794021347,-1.1145904545341814,-0.004732277970942321
15729.0,0.05510578269047324,-0.2012239156425293,-1.1108131276939215,-1.5247014787009079,-1.1145904545341814,-1.9239106048121737
15730.0,-0.6467111718821987,0.29970536404670484,0.45996129769741134,0.5110979646132758,0.7181415173627237,0.3123018567051827
15731.0,1.6831301466991884,-1.057568175439826,-1.4171373585621758,-0.9060918937029208,-1.2790083980134372,-1.0382664726463464
15732.0,0.050331517693380234,1.0485519735441977,0.3797936033854635,0.6260905150670751,0.189055518651088,-0.7606751743965019
15733.0,0.3893043324869837,-1.057568175439826,-1.232766259229584,-1.3459301923950664,-1.1145904545341814,-0.6942563485811508
15734.0,-0.4127721870246414,0.07445736048174284,0.6541025361342729,0.03785238316843076,-0.12070997099915268,0.9719916935931799
15735.0,1.0481529020858187,-1.057568175439826,-0.7308112693375577,-0.563888607644377,-0.6247574474094066,0.2423199313942832
15736.0,1.1149926120451208,-0.5566388957505917,0.4766061070348045,0.5963240526447003,0.6604755694904836,1.567869118749283
15737.0,-0.8901986867339421,0.8006346437359392,0.19193356550078097,0.1335366626285675,0.2889249744088639,-0.8123397096381592
15738.0,-0.87110162674557,2.7037676367644212,1.9106749589681709,1.9182849287517287,0.413306027586857,0.20283907293957495
15739.0,-0.6467111718821987,-1.057568175439826,-0.5051779850163572,-0.020622368520814997,-1.2790083980134372,0.6633193961344308
15740.0,-0.7278736768327798,-1.057568175439826,-1.26613626270701,-0.7626103446465929,-1.192682094770814,-0.756520006377197
15741.0,1.2248007069782596,-0.5566388957505917,-1.0535773503443728,-1.267340303990541,-1.0432983725937395,-1.2816193604668837
15742.0,1.9934573715102337,-1.057568175439826,-1.257033254595179,-1.4720807958085678,-0.016856965827270066,-0.7395350940929328
15743.0,-0.8854244217368491,0.07445736048174284,-0.1134607332894181,-0.5389602151498709,0.2753818218937108,-0.45678454411437824
15744.0,-0.5894199919170826,-1.057568175439826,-2.3218188426553237,-0.916869308544028,-1.9434376418968569,-2.7262728397448694
15745.0,-0.87110162674557,0.07445736048174284,0.1331477700987975,-0.09562604847620146,0.24760485428798198,0.0018530717291215444
15746.0,-0.3220611520798743,-1.057568175439826,-1.0949363900607865,-0.659431615462883,-0.32031979307342545,-0.4370855090933698
15747.0,-0.8997472167281281,0.9308016202790399,0.7253949552283802,0.6664039910581311,0.8225625239939895,0.021737241208537733
15748.0,-0.7708420618066169,-0.2012239156425293,-0.2861163332333614,-0.4089864790976022,-0.16624068800434505,-0.394531793972592
15749.0,0.16013961262651938,-0.2012239156425293,2.7918316551338616,2.3727629319018892,-1.6112230199551474,5.344162476409783
15750.0,-0.9474898666990581,1.7237759069352954,1.4057358780860576,1.427699179814908,1.80902809653973,0.36232583051108724
15751.0,1.2391235019695388,1.1560496238440017,0.29951040007579627,-0.06221708927918149,0.6166500395156311,-1.0362056452574533
15752.0,-0.7708420618066169,0.9308016202790399,1.0490187257139212,1.1467863541158017,1.7434457385582365,0.6240222176312072
15753.0,0.49433816242302986,-1.057568175439826,-1.7430237240445936,-0.7979158790770093,-2.5113622892582645,-1.6463238603095147
15754.0,-0.7183251468385938,0.9308016202790399,0.8651721694886019,0.8443135309905466,0.8084355865789369,0.28178567544855304
15755.0,-0.914070011719407,1.6569789035332354,1.352691418982975,1.388640039086597,1.5433648948714818,0.3399306906214564
15756.0,-0.6705824968676638,0.07445736048174284,-0.3892912313607079,-0.4611890967410044,1.0841214462193633,-0.9690331761228269
15757.0,-0.6467111718821987,0.4901498374805938,0.8418301375215076,0.8424464249874302,1.0942369089268609,0.7798761461442395
15758.0,-0.842456036763012,-1.057568175439826,-1.0652076680613543,-1.5247014787009079,-1.192682094770814,-0.381615962183115
15759.0,0.07897710767593827,0.6551203441547673,-0.06440630433166736,0.04669373270542136,-1.1145904545341814,-1.1100808502055846
15760.0,2.05074855147535,-0.5566388957505917,1.9571627788334416,-3.347422325913002,-2.5113622892582645,4.329715445604865
15761.0,1.1531867320218647,-1.057568175439826,-1.3227732267784187,-1.7912573149263509,-1.6112230199551474,-0.8621964877097414
15762.0,-0.6514854368792917,-0.5566388957505917,-0.31740460637314977,-0.4345697687890191,-0.09885955416899503,0.08788933967863662
15763.0,-0.8090361817833609,-0.5566388957505917,0.12810636345995519,-0.384361593491431,0.2616110427421876,0.9180915109093034
15764.0,-0.5416773419461526,0.8006346437359392,1.1476059427767866,1.1818472356988476,1.2111502729297718,0.965028872782949
15765.0,2.222622091370698,-1.057568175439826,-0.6426804094620087,-0.2454453932114384,-0.409791367250838,0.40675952170701823
15766.0,-0.6562597018763847,-0.2012239156425293,-0.06429417934480529,-0.24740488074797506,-0.5466658071727737,0.018194182175960152
15768.0,-0.40799792202754837,2.478519633199459,2.0255951927445377,1.4174874187363944,1.904130909875768,0.6667105264107026
15769.0,-0.9283928067106861,2.84272784343108,3.2855390860446314,3.030989576679237,-0.3788691287103198,2.6106494461590257
15770.0,1.9648117815276758,-1.057568175439826,-0.7445435717367217,-1.2957220170974781,-0.6667842015304029,0.21669741751256372
15771.0,1.9218433965538386,-0.2012239156425293,0.07302666717067657,0.03274627919379447,-0.3788691287103198,0.2738559554774179
15772.0,1.0338301070945395,-1.057568175439826,-0.8410362390563105,-0.9735775128852286,-0.7579160438997158,0.03665588944143654
15773.0,-0.9331670717077791,-0.5566388957505917,-0.11479194266172944,-0.1129895629648933,0.07530097820695623,0.4653732046636936
15774.0,-0.6323883768909196,0.4901498374805938,0.24999919269208312,-0.030424154083979627,0.5984416885683977,-0.32148766108088084
15775.0,0.20788226259744946,-0.5566388957505917,-1.2865883512809926,-0.4115004690897406,-1.192682094770814,-1.7139480347011364
15776.0,-0.3268354170769673,-1.057568175439826,-0.948664826263251,-0.8256977981095772,-0.6667842015304029,-0.1641636737767141
15777.0,0.1887852026090774,0.6551203441547673,0.47477337467756026,0.1357316816353968,-0.29254282546769667,-0.1091230653421364
15778.0,1.0958955520567486,-1.057568175439826,-0.775234155360578,-1.0291661808720358,-0.7110837506520298,0.1594331742645997
15779.0,1.2486720319637248,-0.5566388957505917,-1.4241026979524585,-2.0681662404235324,-1.2790083980134372,-1.9686769100925041
15780.0,-0.08334790222522395,-0.2012239156425293,-0.4646397876108509,-0.520865286176672,-0.3788691287103198,-0.7263973214104592
15781.0,-0.842456036763012,-0.2012239156425293,-0.6930063676843037,-0.6521270116253584,-0.5847816131886778,-1.1504004207479177
15782.0,-0.914070011719407,0.07445736048174284,1.0651388522977037,0.8742008403952101,0.15813328011056985,1.738153976530268
15783.0,-0.9092957467223141,-1.057568175439826,-0.9349546304170282,-0.5451042559620746,-0.8604674728291044,-0.13858240756367746
15784.0,1.2725433569491897,-0.5566388957505917,-0.0495524336643505,-0.1610937888567785,-0.18999139653830796,0.586950951422911
15785.0,-0.8042619167862679,1.5863629060023545,1.3499098070638784,1.4574158802388302,0.7181415173627237,0.41570295916709066
15786.0,-0.7421964718240589,0.29970536404670484,1.6035595136365517,1.644850544389303,1.7411666214493227,2.443625899198031
15787.0,-0.837681771765919,-0.2012239156425293,0.018839427919315286,0.060351416354561,1.0635079798298124,0.1729583514140546
15788.0,1.468288221830003,-1.057568175439826,-1.0097230873627738,-0.9446121415406264,-0.8604674728291044,-0.27808966354456316
15789.0,0.7473742072689592,0.4901498374805938,0.5516394634505255,1.0739287939432354,0.7794292983039648,0.23955377606149159
15790.0,-0.914070011719407,-1.057568175439826,-1.0197110223587227,-0.9560456050601144,-0.16624068800434505,-0.2967257229353754
15791.0,-0.7517450018182449,0.29970536404670484,0.98868813747854,0.9176303361579333,0.8568496217702717,1.2972170653229926
15792.0,0.9478933371468654,-0.5566388957505917,0.019284781792832065,0.14335704148113826,0.24760485428798198,0.715247321528511
15793.0,-0.8901986867339421,0.8006346437359392,0.6960392168996953,0.8149549943843823,-0.9777160146122458,0.12428921983254604
15794.0,2.5520463761701153,-0.5566388957505917,-0.11250083781002673,-0.3445065074655823,-0.8075883471740417,0.46964258250805463
15795.0,-0.24567291212638617,0.8006346437359392,0.5581388219819313,0.6983626286768421,0.7867777069538352,-0.1321886425355454
15796.0,-0.9570383966932442,1.6569789035332354,1.2469194594413577,0.8334097523659072,0.9637351616934668,0.14314130015451207
15797.0,-0.4223207170188274,0.4901498374805938,0.8121232169001408,0.6348664042344148,-0.9777160146122458,0.7245433115027062
15798.0,1.391899981876515,-0.2012239156425293,0.37578798362194976,0.4138720921916582,0.4472146763622555,0.8378519652153579
15799.0,-0.5989685219112687,0.07445736048174284,0.3204476649064497,0.6649360166890314,0.9926901914321936,0.3504876912079341
15800.0,-0.45096630700138546,0.6551203441547673,0.21506188243397112,0.10889499293360552,1.2577404080340233,-0.5917293526319486
15801.0,-0.7421964718240589,-0.2012239156425293,0.11279304078942784,0.1031634171184404,0.30224790327738865,0.34791132256902574
15802.0,-0.2790927671060372,-1.057568175439826,-0.5015205882088551,-3.613978162138445,-2.5113622892582645,0.6701435759221467
15803.0,-0.7183251468385938,0.07445736048174284,0.5397151083329637,0.4916224505327976,0.10944517163608153,0.7588672206577365
15804.0,-0.9570383966932442,1.3464940972778903,1.0987081534262089,1.091571413722434,1.1334943370758328,0.22546527748919287
15805.0,-0.852004566757198,2.328585137071624,1.7306402823622575,1.6716607508827153,1.6917795547565888,0.2848887764291331
15806.0,-0.7421964718240589,-0.2012239156425293,-0.10554319282242525,0.13901052923929363,-0.44192654764477163,-0.05858063389617258
15807.0,-0.7230994118356868,0.29970536404670484,0.4967749554030016,0.7524143255904707,0.5703472080455595,0.38083619998096413
15808.0,0.49911242742012285,1.9048962333414947,2.108348065064989,1.7272894996352275,1.7180198258579065,1.4649382082555935
15809.0,-0.7899391217949889,0.6551203441547673,0.24222100000048,0.23800999079579488,0.15813328011056985,-0.541296118089371
15810.0,-0.5846457269199896,0.8006346437359392,0.8560052070854937,0.8023575774181022,0.6075964438354208,0.4219847826755128
15811.0,-0.856778831754291,0.6551203441547673,0.9639740398501163,0.8513605626741402,1.2860661647241316,0.8014097932820303
15812.0,-0.45096630700138546,1.254937876118928,1.2510472484373192,1.2858594535807393,0.5891834875500419,0.6158945676548667
15813.0,0.031234457705008208,-0.5566388957505917,0.25861293283161335,0.14009985439624004,-0.03660110367654417,1.161393637778644
15814.0,-0.880650156739756,0.4901498374805938,0.7630224190193247,0.8315113751247192,0.5510676815341373,0.6330959321493251
15815.0,-0.6562597018763847,0.29970536404670484,0.6005937994389977,0.8784628169549018,-0.18999139653830796,0.5741514417598471
15816.0,1.6258389667340722,-0.5566388957505917,-1.317314312747911,-1.435207155173084,-1.0432983725937395,-1.7708942424292968
15817.0,1.0481529020858187,-0.2012239156425293,0.7980827768986567,0.779302472754329,0.9337192750953127,1.6250191516900712
15818.0,1.8454551566003505,-1.057568175439826,-0.7033538758478428,-0.3536691307934737,-1.0432983725937395,0.2935515038863714
15819.0,-0.7278736768327798,1.0485519735441977,1.0508223682542945,1.1780426535429878,1.1890642437119816,0.4866497378425484
15820.0,0.565952137379425,-1.057568175439826,-1.0592136666157266,-0.8747808531910688,-0.7110837506520298,-0.37043201204981546
15821.0,-0.7517450018182449,-0.5566388957505917,-0.3332744818288383,-0.5767164796572039,0.24760485428798198,0.05832953424373058
15822.0,-0.9474898666990581,0.4901498374805938,0.5056146634586505,0.4385233630722501,0.07530097820695623,0.1539033851940786
15823.0,0.8142139172282613,-0.2012239156425293,1.0411636794668624,0.8487730681487876,1.0582725494136873,2.0782955125055187
15824.0,1.2009293819927949,-0.5566388957505917,-0.01442536659343735,-0.012335608607309917,-0.44192654764477163,0.652417814392638
15825.0,-0.14063908219034002,-1.057568175439826,-0.38263471565395885,-0.520865286176672,-0.5847816131886778,0.8919676248932497
15826.0,-0.6944538218531288,0.07445736048174284,0.7531083568727663,0.867035564211863,0.7020754717798163,1.1564940714001455
15827.0,-0.6132913169025477,2.2461917041447332,0.9876535473011073,0.8265497849186187,0.8767536468426793,-1.0028686383437346
15828.0,0.8285367122195403,-1.057568175439826,0.14240820432868007,-0.18563985648921502,0.4582127216583458,1.8716226830699925
15829.0,-0.4891604269781295,-0.5566388957505917,-0.25583131131271264,0.46957713266706547,0.03967179647401301,0.20258833864597292
15830.0,-0.780390591800803,-1.057568175439826,-0.32697886660882847,-0.10504016039949719,-0.05683280004799887,0.9958134857916046
15831.0,-0.6849052918589428,-0.2012239156425293,-0.09641213052867303,0.5300130838216789,0.32826094754877355,-0.04158636793925481
15832.0,0.2508506475712865,-1.057568175439826,-0.059369378987892615,-0.030424154083979627,0.20408973995326918,1.4951345473394968
15833.0,2.5615949061643017,-1.057568175439826,-1.7323661677248312,-1.9535450018021403,-1.6112230199551474,-1.6264383832197487
15834.0,-0.6276141118938267,0.6551203441547673,1.0190614559048436,0.8637855338429595,1.6820253672659742,0.9040250862598583
15835.0,-0.7517450018182449,0.07445736048174284,0.0346629884610344,-0.06816651976401374,0.09255092212907612,-0.1813676968869347
15836.0,-0.7230994118356868,-1.057568175439826,-1.3516415272485198,-1.9029502298560697,-1.1145904545341814,-0.9160606110035777
15837.0,-0.6514854368792917,-0.5566388957505917,-0.112491614275448,-0.1210362678541802,0.17374026765232672,0.4696597702134782
15838.0,-0.9092957467223141,2.478519633199459,3.148478163128244,3.206813809707352,0.30224790327738865,2.759570193315989
15839.0,-0.8042619167862679,-0.2012239156425293,0.1022992687193988,0.2141363587182859,0.233355067772715,0.3283684151705592
15840.0,-0.6801310268618498,-0.5566388957505917,-0.6723861455520045,-0.13577329401288032,-0.3788691287103198,-0.5729933990504681
15841.0,-0.6132913169025477,0.9308016202790399,0.7918349740386437,1.0448970862346147,0.2889249744088639,0.14532721336330465
15842.0,0.9144734821672145,-0.5566388957505917,-0.36162990113909843,-0.32655569715734933,-0.44192654764477163,0.005516559302094587
15843.0,0.4895638974259368,-1.057568175439826,-1.4541545564437877,-1.879041864845952,-1.2790083980134372,-1.1073352740034805
15844.0,-0.7421964718240589,-1.057568175439826,-1.3868761698615684,-0.8448935437864052,-1.0432983725937395,-0.9818034189630951
15845.0,-0.875875891742663,1.1560496238440017,1.1352645522996452,0.9683239273795584,0.9088888272366124,0.5165556625566337
15846.0,0.8762793621904703,-1.057568175439826,-1.529395297662541,-1.1888808406597104,-0.34907158776898006,-1.247723744946687
15847.0,-0.780390591800803,0.29970536404670484,-0.07165384311407742,0.18225580539420755,-0.05683280004799887,-0.6762252568760527
15848.0,2.007780166501513,-1.057568175439826,-1.3484333500473102,-1.552680491898286,-0.16624068800434505,-0.9100746108061153
15850.0,-0.87110162674557,0.4901498374805938,0.0731762189244753,0.6614979415593506,1.5077357131385387,-0.6499695868803465
15851.0,1.5542249917776771,-1.057568175439826,-1.511547984421526,-1.2957220170974781,-1.2790083980134372,-1.2144232088838387
15852.0,-0.06902510723394494,-0.2012239156425293,-0.9038363447867063,-1.3671387278127125,-0.2396636998126339,-1.5411570980764273
15853.0,-0.7135508818415008,-1.057568175439826,-1.504647043320534,-0.8400418052944546,-0.29254282546769667,-1.2015470389585492
15854.0,-0.9427156017019651,1.9048962333414947,1.3012259985230958,0.8172903701326901,1.123854907395181,-0.03780284375592467
15855.0,-0.30773835708859526,0.4901498374805938,0.10518574557053209,0.24916852032953965,0.43606699321124226,-0.5905328021647678
15856.0,-0.9427156017019651,2.991159366603595,2.5608169784993544,2.4260424396052707,1.7984557940811463,1.0956997018745804
15857.0,-0.87110162674557,-0.5566388957505917,-0.3338769549086201,0.11908756271198213,-0.5466658071727737,0.057207368361916866
15858.0,-0.8854244217368491,1.3464940972778903,0.9774812859891355,1.128407816963374,1.5197850784170508,-2.6092898466469074e-05
15859.0,1.1006698170538416,-1.057568175439826,-0.5223769672311723,-0.6742889163126701,-0.5102446079085138,0.6312285531176494
15860.0,-0.7660677968095239,1.6569789035332354,0.6845071050755045,0.6234869172806452,1.4446782942040863,-0.9013368905993386
15861.0,-0.9045214817252211,1.254937876118928,1.1259525830211798,1.35573356560108,1.931720791723783,0.3830236961073069
15862.0,-0.9236185417135931,1.3464940972778903,0.7289671263481776,0.7472480311691712,1.8658369279164961,-0.4618543335410049
15863.0,-0.837681771765919,0.29970536404670484,-0.6733125172376422,-0.7209883721386089,0.4582127216583458,-1.790365581032382
15864.0,-0.856778831754291,0.6551203441547673,0.6274555061921486,0.732385790636456,-0.6667842015304029,0.17488961487957527
15865.0,-0.7660677968095239,0.29970536404670484,0.6471346680909947,0.558843628921464,0.8433064692551185,0.6608303111184617
15866.0,-0.47961189698394346,-1.057568175439826,-1.042469521076188,-0.8954883157324756,0.021258840188633787,-0.3391898292713128
15867.0,-0.9379413367048721,2.3678088637493606,1.6382936824387029,1.5384894974701582,2.0877097257784585,0.06935323661577389
15868.0,1.8215838316148856,-1.057568175439826,-1.6175041837278221,-1.40029235334365,-1.760606742132222,-1.4121223352695984
15869.0,0.36065874250442564,-0.2012239156425293,-0.7453006231432471,-0.37954539919033564,-0.29254282546769667,-1.247393216146595
15870.0,-0.8042619167862679,0.07445736048174284,-0.04187969841726466,0.022413530817857196,0.8961855949101813,-0.3237135791893123
15871.0,1.1245411420393068,-1.057568175439826,-2.3567302340308514,-2.8917421141099786,-1.6112230199551474,-2.7914125070889306
15872.0,-0.8901986867339421,0.07445736048174284,-0.1579530439365104,-0.027608699751634977,1.1042290092563862,-0.5394714616696936
15873.0,1.425319836856166,0.07445736048174284,-0.7614999590811804,0.5651456234984895,-1.9434376418968569,-1.6583984688103905
15874.0,-0.6562597018763847,1.9048962333414947,1.8067591964613074,1.5430139997187993,1.4862132955410827,0.9030294678882679
15875.0,2.1223625264317447,-1.057568175439826,-1.5194326556036166,-1.2313089537736739,-0.6667842015304029,-1.2291348785619118
15876.0,0.9908617221207026,-0.5566388957505917,0.33433794829422564,0.39272238150823335,-1.0432983725937395,1.3025830100316065
15877.0,-0.9522641316961511,-0.5566388957505917,-0.4423153287194447,-0.18385584567445426,0.8635381656265729,-0.14474166583079026
15878.0,1.7213242666759323,-0.5566388957505917,-0.7240964942922012,-0.4557783042066653,0.09255092212907612,-0.6691977488431292
15879.0,0.9669903971352375,0.07445736048174284,0.16090583580668524,0.17815979474936042,1.1382718554069673,0.05350691517280522
15880.0,0.7998911222369822,-1.057568175439826,-0.7278698978114055,-0.5767164796572039,0.6604755694904836,0.24780811032957334
15881.0,0.5277580174026809,0.29970536404670484,-0.4263411406249073,-0.4115004690897406,-0.3788691287103198,-1.3338901099646536
15882.0,-0.01173392726882885,0.8006346437359392,0.15257774695242723,0.18936298360731627,0.12599809971663617,-0.8853303681468523
15883.0,-0.9522641316961511,-0.5566388957505917,-0.594425059777874,-0.5120012294368813,0.0024225606841520096,-0.42791471401963604
15884.0,1.1006698170538416,-0.5566388957505917,-0.9399045892747786,-0.7626103446465929,-0.8604674728291044,-1.0704538603074232
15885.0,-0.5178060169606875,1.511464603952064,0.5479047172078632,0.1604612929506896,0.5510676815341373,-0.9881060074996321
15886.0,-0.6753567618647568,0.07445736048174284,0.10528789004879932,0.20630998555004854,0.2616110427421876,-0.049984746841577055
15887.0,0.9813131921265165,-0.2012239156425293,0.08755751490348634,0.14227310457968242,-0.34907158776898006,0.30091526739802654
15888.0,-0.5750971969258036,-0.2012239156425293,-0.5377259553730227,-0.8209851787762878,-0.18999139653830796,-0.8621655050566116
15889.0,-0.21225305714673512,0.8006346437359392,0.32359901546994874,0.3256773035181528,1.4673045623890897,-0.5679849703146204
15890.0,0.9240220121614005,0.29970536404670484,-0.3790017875771433,-0.9223250044342675,-1.1145904545341814,-1.2462370074796594
15891.0,0.12194549264977533,-1.057568175439826,-0.4117917761536538,-0.10031625325820803,0.2889249744088639,0.8375647166490322
15892.0,2.232170621364884,-1.057568175439826,-1.4008468175190905,-1.5385421495302896,-0.07757674530912831,-1.0078706510365205
15893.0,1.3393830669084918,-1.057568175439826,-0.7814626952107999,-0.3445065074655823,-2.5113622892582645,0.14781160898470388
15894.0,0.2460763825741935,-0.5566388957505917,-0.9010908113185354,-0.712971107144618,-0.143159103290622,-0.9983188046242284
15895.0,-0.24567291212638617,-1.057568175439826,-1.1622181082994953,-1.0759051788219403,-1.0432983725937395,-0.5626235805286591
15897.0,-0.03560525225429388,-0.5566388957505917,-1.0536800571886535,-0.5120012294368813,-0.7110837506520298,-1.2818100868288225
15898.0,-0.9570383966932442,2.111282135916225,1.2221957930780014,0.9781315883567397,1.5433648948714818,-0.4170853576163867
15899.0,0.7998911222369822,-1.057568175439826,-1.9849222395445174,-1.6445610524627337,-1.760606742132222,-2.097671922069459
15900.0,-0.8472303017601049,0.07445736048174284,-0.017949818925117624,0.19539428812946683,0.7020754717798163,-0.2792167793530685
15901.0,-0.880650156739756,0.6551203441547673,-0.19996980130943234,0.23330411829086373,1.0039916405726501,-1.3610308719760063
15902.0,0.8524080372050054,-1.057568175439826,-1.3130751726710619,-0.8954883157324756,-0.6667842015304029,-0.8441013046320266
15903.0,-0.914070011719407,1.254937876118928,1.6396224192577349,1.3708042255131312,0.2616110427421876,1.3397385741110215
15904.0,-0.9236185417135931,-1.057568175439826,-1.222383212667014,-1.1490257546338611,-0.26567674408401915,-0.6748830674698795
15905.0,1.6306132317311652,-1.057568175439826,-1.480103379769277,-1.164679055612675,-0.5102446079085138,-1.1557520701491955
15906.0,-0.866327361748477,1.0485519735441977,0.7340598277514471,0.28242794409901395,0.9926901914321936,-0.10268983184314201
15907.0,-0.9427156017019651,-0.2012239156425293,-0.02106929390468008,-0.012335608607309917,1.157108134911449,0.09865794282775178
15908.0,1.382351451882329,-0.5566388957505917,-0.12965726841902483,-0.6780563053151835,-0.09885955416899503,0.4376727222306075
15909.0,-0.131090552196154,-1.057568175439826,-1.113078302372012,-1.0487917451858157,-1.3755129945354494,-0.4709357249219706
15910.0,-0.9570383966932442,1.511464603952064,0.7702639838837552,0.9775228775893623,1.8194657163198902,-0.5757572922427766
15911.0,2.017328696495699,0.8006346437359392,0.44893602371114244,0.33383382975908327,1.0942369089268609,-0.3351707101631628
15912.0,-0.11199349220778199,0.9308016202790399,0.12000040076834526,0.29113545658713064,0.5510676815341373,-1.1021980315870583
15913.0,1.5876448467573283,-1.057568175439826,-3.4628486255187783,-3.158297950335421,-2.5113622892582645,-4.85527135733169
15914.0,0.8428595072108194,-0.5566388957505917,-1.0626376297637112,-0.7756287419706503,-0.9169962351303879,-1.2984437767933934
15915.0,0.9574418671410515,-1.057568175439826,-0.6547139600763804,-0.10662236954301114,0.7416649150137341,0.38430663589801645
15916.0,-0.8854244217368491,1.3464940972778903,0.8901501762518585,0.7882969953981624,1.3692043624955306,-0.16239039565130484
15917.0,0.22220505758872847,0.29970536404670484,-0.3863671832841437,-0.44244300758420896,0.8961855949101813,-1.2598775876854138
15918.0,-0.049928047245572905,-0.2012239156425293,-0.31847305111449464,-0.4639112852343134,0.12599809971663617,-0.4547032744121178
15919.0,-0.866327361748477,-0.5566388957505917,-0.39244520403588484,-0.15424573129076938,0.7260579274719773,-0.05187373469041958
15920.0,-0.22657585213801415,0.9308016202790399,-0.3355615409323851,-0.46938971345332225,0.643225625568364,-1.9434755122101464
15921.0,-0.13586481719324703,0.07445736048174284,-0.11410754050974684,-0.2454453932114384,0.4016839593570631,-0.4579867499036328
15922.0,0.8189881822253543,-1.057568175439826,-0.6448656968291187,-0.8256977981095772,-1.0432983725937395,0.4026820877653707
15923.0,0.8189881822253543,-1.057568175439826,-1.407094579888288,-0.9060918937029208,-0.5466658071727737,-1.0195280827898583
15924.0,2.5281750511846504,-1.057568175439826,-1.5577871004316721,-1.0164005840055443,-0.8604674728291044,-1.3006987916237387
15925.0,-0.03560525225429388,-1.057568175439826,-1.0586273534005317,-1.082861937727266,-0.9777160146122458,-0.369338035376517
15926.0,1.6258389667340722,-1.057568175439826,-1.3669998806507135,-0.7498447477801015,-1.3755129945354494,-0.9447171036884473
15927.0,2.127136791428838,-1.057568175439826,-1.532524691932383,-1.3054615668176395,-0.9169962351303879,-1.2535627474525801
15928.0,2.170105176402675,-1.057568175439826,-0.8095342104764978,-0.712971107144618,-1.0432983725937395,0.09543417301882917
15929.0,2.1128139964375587,-1.057568175439826,-0.3049349475395482,-0.916869308544028,-2.5113622892582645,1.0369442886200158
15930.0,-0.6419369068851057,-1.057568175439826,-0.5419589777619388,-0.8209851787762878,-0.5466658071727737,0.5946913198065708
15931.0,1.0815727570654696,-1.057568175439826,-0.953770177196149,-0.9278263552140557,-0.8604674728291044,-0.1736895290445963
15932.0,-0.9427156017019651,0.8006346437359392,0.7242634993298573,1.0265029654160358,0.643225625568364,0.1768015452025295
15933.0,-0.861553096751384,-0.2012239156425293,0.1415283062626647,0.3919808049131861,0.32826094754877355,0.40142870050204077
15934.0,1.0338301070945395,-0.5566388957505917,0.6307043176915798,0.9799543462207543,-0.29254282546769667,1.8552480918269614
15935.0,0.1792366726148914,-0.5566388957505917,-0.5585439666013173,-0.9446121415406264,-0.9777160146122458,-0.3611296113573865
15936.0,0.8476337722079124,-0.5566388957505917,-0.836190258861102,-0.548197944409192,-0.7579160438997158,-0.8776686042315524
15937.0,-0.6562597018763847,-1.057568175439826,-1.3114061166123836,-1.240133349110671,-1.3755129945354494,-0.8409870845406126
15938.0,-0.42709498201592044,0.9308016202790399,-0.15251008706504943,-0.05339269394218388,-0.34907158776898006,-1.6061056799377307
15939.0,-0.5321288119519666,1.5863629060023545,1.64923316669044,1.6774612885540854,0.17374026765232672,0.9730527682993263
15940.0,0.5229837524055879,-1.057568175439826,-2.302049118432275,-3.011601687871804,-2.5113622892582645,-2.6893853595089503
15941.0,2.079394141457908,-1.057568175439826,-0.5792059038611228,-1.3671387278127125,-1.4849208824917954,0.525193878424431
15942.0,-0.3220611520798743,-1.057568175439826,-0.7098128497770897,-0.48610436588700323,-0.8604674728291044,0.28149998154486916
15943.0,2.141459586420117,-0.5566388957505917,-0.8658749307981115,-0.6413200682922386,-0.9777160146122458,-0.932857411178077
15944.0,0.36065874250442564,0.07445736048174284,0.6220012911403691,0.3724002084561763,-0.409791367250838,0.9121764071700443
15945.0,0.7807940622486103,0.07445736048174284,-0.2445118818837116,-0.22616519669220447,-0.44192654764477163,-0.7002757797719232
15946.0,1.439642631847445,-0.2012239156425293,0.6669425489487139,0.786670754416003,-0.409791367250838,1.3805240986591154
15947.0,-0.5655486669316176,-1.057568175439826,0.45230257349003167,0.40155665888417547,-0.29254282546769667,2.449841290911514
15948.0,-0.9236185417135931,-0.2012239156425293,0.36340713488440285,0.36702732032101754,0.32826094754877355,0.8147813639250348
15949.0,-0.880650156739756,-0.5566388957505917,-0.6541839853199342,-0.3536691307934737,-0.9777160146122458,-0.5391245623764338
15950.0,-0.8090361817833609,1.0485519735441977,1.4764027186685555,1.267312490955672,1.3619854429130727,1.2793545537193909
15951.0,-0.9188442767165,-0.2012239156425293,0.07773325307713519,-0.09718573504834867,0.03967179647401301,0.28262043134846154
15952.0,-0.7994876517891749,0.07445736048174284,-0.10798628408587142,-0.14410556755345874,0.3534734621303434,-0.44660914401370366
15953.0,-0.8901986867339421,1.7237759069352954,0.9544846609038483,0.8364357995122381,0.7181415173627237,-0.47656865184483
15954.0,1.8502294215974435,-1.057568175439826,-1.117517936831765,-0.9223250044342675,-0.5847816131886778,-0.4792194483842283
15955.0,-0.8472303017601049,1.9598138796697315,1.5675943466298476,1.377632332710545,1.3510363881442073,0.39559665689250606
15956.0,1.6688073517079094,-0.5566388957505917,-0.27702230511562054,-0.367657053853687,-0.6667842015304029,0.16311185526743985
15957.0,-0.8090361817833609,-0.2012239156425293,0.009554863433230103,-0.0475748897630871,0.8568496217702717,0.15567192690941287
15958.0,-0.6085170519054547,0.07445736048174284,-0.48474661316342343,-0.7540724638409552,0.1422232254034017,-1.1460655072663843
15959.0,2.2942360663270933,-0.2012239156425293,-0.3693853552213546,-0.38921333198338165,0.2616110427421876,-0.5493623381892434
15960.0,0.8237624472224473,0.07445736048174284,-0.5687657323479324,-0.4165574754242254,-0.44192654764477163,-1.30176318872464
15961.0,0.8476337722079124,-1.057568175439826,-0.501726814356232,-0.7540724638409552,0.0024225606841520096,0.6697587874015953
15962.0,1.1818323220044227,-1.057568175439826,-0.8194701384746075,-0.4974883314143884,0.021258840188633787,0.07689515125399925
15963.0,-0.866327361748477,-0.5566388957505917,-0.4714824455107561,-0.32214354917445553,-0.3788691287103198,-0.1990505262071975
15964.0,2.203525031382326,-1.057568175439826,-0.8713776263411093,-1.082861937727266,-0.5847816131886778,-0.0199568033392517
15965.0,-0.880650156739756,1.3464940972778903,0.7995178805059616,0.6510744999324904,1.2740462610544514,-0.3308126071976555
15966.0,1.1913808519986089,-1.057568175439826,-0.5421268049767823,-0.3747642320667963,-0.34907158776898006,0.5943781782067818
15967.0,-0.852004566757198,1.254937876118928,0.8480583520293029,0.5825874981014229,1.6392235772312704,-0.13389830671492473
15968.0,0.8906021571817494,-1.057568175439826,-0.5800017095514102,-0.4450885145015486,0.413306027586857,0.5237090187298338
15969.0,-0.9474898666990581,0.29970536404670484,0.15409972993302373,-0.5120012294368813,-0.2396636998126339,-0.25674929357953336
15970.0,0.4895638974259368,-0.5566388957505917,0.0806636742714991,0.01455597613908807,-0.6247574474094066,0.8296542701881011
15971.0,-0.875875891742663,1.7237759069352954,1.3417999711799358,1.0052480948596414,-0.9777160146122458,0.24335831215784015
15972.0,1.2152521769840738,0.29970536404670484,0.4775024805805875,-0.026205481328169595,0.7338985812987724,0.34495650604270206
15973.0,0.7903425922427962,-0.2012239156425293,-0.20740587464218954,-0.5997857793564824,-1.2790083980134372,-0.2481233600650041
15974.0,-0.7756163268037098,0.6551203441547673,0.9548619867680651,1.0084514161033835,0.9812306749482648,0.7844373933299076
15975.0,-0.5607744019345245,-1.057568175439826,-0.6419470267701713,-0.4557783042066653,-0.44192654764477163,0.4081279090069775
15976.0,-0.17405893716999107,0.4901498374805938,0.44647266336036856,0.5061269951303473,1.4955064999588823,0.043864371439184494
15977.0,-0.880650156739756,-0.5566388957505917,0.10655327511279253,0.48263431624334213,0.10944517163608153,0.8779140188235932
15978.0,-0.5941942569141756,-0.2012239156425293,0.9201193896880446,1.059304361959522,0.7569801660124958,1.8525708038199609
15979.0,1.9170691315567456,-1.057568175439826,-0.7274568931370071,-0.05193340903266642,-0.5102446079085138,0.24857871803215595
15980.0,-0.5369030769490596,0.6551203441547673,1.4157490684315752,1.5059148720010844,0.7101478727648092,1.6432825840732808
15981.0,-0.842456036763012,1.9048962333414947,1.6727885704478518,1.5065960528534492,1.0369897405538206,0.6535455070680691
15982.0,1.9266176615509316,-1.057568175439826,-0.7377658111767982,-0.8596673696082351,0.057680039452894044,0.22934375015115918
15983.0,-0.856778831754291,0.8006346437359392,0.8821526124395769,0.8841028093537038,0.9578193087560118,0.4706605735026662
15984.0,-0.9474898666990581,2.328585137071624,1.5943349630138468,1.619313666048169,1.942501764009637,0.03136026081080328
15985.0,-0.37457806704789737,0.6551203441547673,0.7847032398471897,1.1368254426173106,0.1422232254034017,0.46756861758342266
15986.0,-0.818584711777547,-0.5566388957505917,-0.6746841305665578,-0.18385584567445426,-0.409791367250838,-0.5772690999437001
15987.0,-0.9045214817252211,0.8006346437359392,0.37607750992492067,0.7805362690160011,0.9926901914321936,-0.4705280841353102
15988.0,-0.87110162674557,-0.2012239156425293,-0.1485420752522232,-0.015086271958306217,0.8084355865789369,-0.1386004550076735
15989.0,0.8333109772166333,-0.5566388957505917,-0.6471742341638621,-0.6933455428308375,0.5313235436848637,-0.5260808606187608
15990.0,-0.7517450018182449,0.6551203441547673,0.5645870234168742,0.5263943173531241,0.8295356901035954,0.057922189895306675
15991.0,1.5876448467573283,-1.057568175439826,-1.2863515601216227,-1.612486028620509,-1.4849208824917954,-0.7942388625145724
15992.0,-0.9427156017019651,-0.2012239156425293,-0.00988609432181335,0.03530428857607337,0.189055518651088,0.11947744251639729
15993.0,-0.9188442767165,0.6551203441547673,0.8009991892648004,0.939606095420147,1.686916976256953,0.4979082683214535
15994.0,-0.6992280868502218,-0.2012239156425293,0.18438688229517244,-0.03467007356954734,0.643225625568364,0.4812568613285041
15995.0,1.0147330471061675,-1.057568175439826,-0.19289881521692012,-0.21299779492920515,0.7645317593062706,1.2459877011700806
15996.0,-0.5416773419461526,0.6551203441547673,0.30259969118191127,0.18225580539420755,0.9754402475100741,-0.4291441131786577
15998.0,-0.7851648567978959,1.5863629060023545,1.5840993888755086,1.5742111826664065,2.268144886782555,0.8517326732517743
15999.0,2.5520463761701153,-1.057568175439826,-2.6910626622738185,-1.9535450018021403,-2.5113622892582645,-3.415229040890712
16000.0,-0.9474898666990581,-0.2012239156425293,1.8740174285983424,1.5440438140383315,-1.192682094770814,3.631808192513045
16001.0,0.8571823022020983,-1.057568175439826,-0.3178465285122771,-0.2415438530847377,-0.29254282546769667,1.0128531236359974
16002.0,2.022102961492792,-1.057568175439826,-1.2030262494598145,-1.267340303990541,0.0024225606841520096,-0.6387657403045096
16003.0,-0.818584711777547,1.0485519735441977,1.3057838614372157,0.9931690139095474,1.009584440939199,0.961457652925247
16004.0,1.305963211928841,0.29970536404670484,0.6160609926953806,0.5203184184496683,0.32826094754877355,0.6029567751706731
16005.0,-0.9045214817252211,1.0485519735441977,0.6857787734553955,0.6286838422241071,1.6366348165552551,-0.19244526114153584
16006.0,0.04555725269628723,-0.5566388957505917,-0.7196761284943805,-0.5670721856905674,0.4690650931924128,-0.6609746871966268
16007.0,-0.7326479418298728,0.6551203441547673,0.8688115840030431,1.107754571368251,1.6917795547565888,0.6241763415181656
16008.0,-0.8472303017601049,1.511464603952064,1.269788322806113,1.243977207201186,0.32826094754877355,0.3527665568376535
16009.0,-0.856778831754291,0.07445736048174284,0.048075963491543194,-0.18742872176115524,0.38989466139460405,-0.1564186409925177
16010.0,0.21265652759454245,1.1560496238440017,0.4466631041231363,0.41673661777742566,0.8635381656265729,-0.7634249957866196
16011.0,-0.9236185417135931,2.2880751597655706,1.3041435456935944,1.2612098464334625,1.1845746868770388,-0.46264585830149735
16012.0,-0.7947133867920819,0.29970536404670484,0.8510969143406896,0.8435673248016899,1.293982574833385,1.0408047401487024
16013.0,-0.9427156017019651,3.5747327017212207,2.9572282014849645,2.6012252608142865,0.20408973995326918,1.193097474351886
16014.0,-0.780390591800803,0.29970536404670484,0.1368649933350495,-0.03467007356954734,1.3399390346760849,-0.2887918526988267
16015.0,-0.9427156017019651,-0.2012239156425293,-0.18264500683127827,0.4081053220399365,1.009584440939199,-0.2020559839141899
16016.0,-0.9474898666990581,1.1560496238440017,0.5946966595364239,0.3890061048974271,1.1845746868770388,-0.48867942044603346
16017.0,-0.7374222068269658,0.29970536404670484,0.38054101424642145,0.17403810361927446,0.6939227470780444,0.1644768859621472
16018.0,-0.7756163268037098,0.07445736048174284,-0.18920450200895114,0.021110443014004502,0.10944517163608153,-0.5975383964260795
16019.0,-0.7374222068269658,2.202838357075187,2.114540673494156,1.747041016163551,1.4673045623890897,1.1404496602456877
16020.0,-0.880650156739756,-0.2012239156425293,-0.04729167707963152,-9.809240364169823e-05,0.0024225606841520096,0.04984324186996679
16021.0,0.9240220121614005,-0.5566388957505917,-0.44715129189691544,-0.37238662520105137,0.8295356901035954,-0.15374649269750212
16022.0,0.27949623755384456,-1.057568175439826,-0.29460155515439984,-0.4242166795172803,0.38989466139460405,1.0562249221319777
16023.0,-0.7421964718240589,-0.2012239156425293,-0.16728993979331902,-0.20191762957879816,0.6166500395156311,-0.17348574990315216
16024.0,-0.9045214817252211,-0.2012239156425293,-0.4516352649457543,0.022413530817857196,0.5007855218324396,-0.702233296420295
16025.0,-0.818584711777547,-1.057568175439826,-0.5204201539421802,-0.23960173178512437,-0.32031979307342545,0.6348796870792918
16026.0,-0.7565192668153379,-1.057568175439826,-0.9652101535469908,-0.4557783042066653,-0.26567674408401915,-0.19503489010173633
16027.0,-0.5225802819577805,1.511464603952064,0.5825309062533699,0.959307555321843,-0.5847816131886778,-0.9239475252922138
16028.0,1.8836492765770947,-1.057568175439826,-1.7166708630292502,-2.1339618648916043,-1.6112230199551474,-1.5971531875729632
16029.0,-0.7756163268037098,3.8705967028170636,3.4896257471013343,3.0994084449455235,0.24760485428798198,1.8616622530318205
16030.0,0.5182094874084949,-1.057568175439826,-0.7230806361296864,-0.35597988038449385,-0.32031979307342545,0.2567441882250401
16031.0,-0.5225802819577805,-0.5566388957505917,-0.36280553813958233,-0.09562604847620146,0.6256046868143018,0.003326974437553163
16032.0,1.2152521769840738,0.4901498374805938,0.5529944066523368,0.7239317018448914,0.9151673412720975,0.24207548943170984
16033.0,-0.9331670717077791,2.202838357075187,1.7624385479706388,1.4151442741085367,2.1701393884443414,0.4847472716367095
16034.0,-0.02605672226010787,0.4901498374805938,0.0017865101763864667,0.12021037695896361,0.021258840188633787,-0.782481305507379
16035.0,1.7117757366817463,-1.057568175439826,-1.023049595768054,-1.7514022289005018,-0.5466658071727737,-0.3029550238231086
16036.0,-0.5464516069432456,0.07445736048174284,0.7415756402385602,0.6785112868793287,0.8501060275513096,1.1350006775784112
16037.0,0.3272388875247746,0.29970536404670484,0.36352592518969035,0.2971628112801731,0.3153576561144396,0.13281203638384617
16038.0,-0.9236185417135931,-0.2012239156425293,-0.4699325952163882,-0.45308951689286464,-0.44192654764477163,-0.7362314956052302
16039.0,1.0624756970770977,-0.5566388957505917,-0.49366483259237415,-0.11459104385869878,-0.34907158776898006,-0.24035077837411728
16040.0,-0.6514854368792917,0.6551203441547673,0.701201015314327,0.5836970470260716,0.6604755694904836,0.3121295230525709
16041.0,-0.813810446780454,-0.2012239156425293,0.8949602001967908,0.7743440011134479,-1.4849208824917954,1.8056564615310031
16042.0,-0.856778831754291,0.8006346437359392,0.6483816209338191,0.7071497760701597,0.5984416885683977,0.03563424912552071
16043.0,-0.780390591800803,0.8006346437359392,0.5120288601393285,0.479394252603458,0.233355067772715,-0.2179103747174748
16044.0,1.1149926120451208,-1.057568175439826,-0.7026397876200221,-0.6894897688346715,-0.6247574474094066,0.2948838904737236
16045.0,-0.38890086203917634,0.8006346437359392,0.9533556684381214,0.9621189961646354,0.7867777069538352,0.603231361673978
16046.0,1.7213242666759323,-1.057568175439826,-0.9661490383396182,-0.44244300758420896,-0.5102446079085138,-0.1967867149547845
16047.0,2.2942360663270933,-1.057568175439826,-1.5285321245003607,-3.613978162138445,-2.5113622892582645,-1.2461131871765905
16048.0,0.8189881822253543,0.07445736048174284,-0.07495502625005286,-0.08942404415905093,-0.26567674408401915,-0.3852074865211722
16049.0,-0.7708420618066169,0.4901498374805938,0.5103116145262182,0.5536421352051293,1.7963248642132992,0.1626435653744093
16050.0,-0.131090552196154,-0.2012239156425293,-0.7922743996367397,-0.14915609878408756,-0.6247574474094066,-1.3344807492912114
16051.0,2.2942360663270933,-1.057568175439826,-1.1262152590718286,-1.180714181827603,-0.9777160146122458,-0.495447408805737
16052.0,-0.7040023518473147,-1.057568175439826,-0.659422363918851,-0.35829878078459476,-0.16624068800434505,0.37552142717571285
16053.0,-0.8042619167862679,0.4901498374805938,0.9939375221047194,1.208523234886221,1.1286887979491427,1.0632527111446655
16054.0,-0.2695442371118512,0.07445736048174284,0.6044350788939526,0.318248890223255,0.772014387314677,0.8794462735023894
16055.0,0.0932999026672173,-1.057568175439826,-1.365095039414939,-2.0083607037013094,-1.2790083980134372,-0.9411629421511165
16056.0,-0.7469707368211519,-1.057568175439826,-0.23956224132008344,-0.22616519669220447,0.36579462773390486,1.1589204164320401
16057.0,-0.8854244217368491,1.0485519735441977,1.036097199916634,0.8172903701326901,1.157108134911449,0.4592380081527374
16058.0,0.9765389271294235,-1.057568175439826,-1.9083139431707254,-2.1339618648916043,-2.179147667316555,-1.9547317886354725
16059.0,-0.6467111718821987,1.254937876118928,0.8689314058805663,0.7076090199461879,1.3904871713553972,-0.09509396393542979
16060.0,0.9526676021439585,-0.2012239156425293,-0.3706266419499163,-0.4557783042066653,-0.5102446079085138,-0.5516699090649523
16061.0,1.0958955520567486,-1.057568175439826,-1.6551308764645287,-2.1002412642657573,-1.9434376418968569,-1.4823283669273446
16062.0,-0.914070011719407,0.8006346437359392,0.8228169398998972,0.9389606289158646,0.9398110657771308,0.3602077485329325
16063.0,0.27949623755384456,-1.057568175439826,-0.7143220313584268,-0.4064820662334041,-0.4753737252323317,0.2730864930922673
16064.0,2.4995294612020924,-1.057568175439826,-1.5142750068205266,-1.4233616530429278,-0.7110837506520298,-1.219511442979121
16065.0,0.7807940622486103,0.8006346437359392,0.562566476733362,0.5957800661992636,1.3211027551716024,-0.12395627348417179
16066.0,-0.880650156739756,0.29970536404670484,0.36906343051957863,0.42807151205138805,0.4903479020522795,0.14311704314647067
16067.0,1.7260985316730253,-0.2012239156425293,0.9178605139129975,0.6113757422506115,0.2889249744088639,1.8483586365371678
16068.0,1.8741007465829087,-1.057568175439826,-1.4736813471813823,-1.5111462029625293,-0.16624068800434505,-1.1437694750716065
16069.0,1.0338301070945395,-1.057568175439826,-0.4916282101521782,-0.8256977981095772,-0.409791367250838,0.6886013397197057
16070.0,-0.856778831754291,-0.5566388957505917,-0.046332166994811685,-0.04180811961136482,-0.214451185231064,0.5929524585055891
16071.0,-0.7469707368211519,0.07445736048174284,0.12139993756126957,0.23519051149853673,0.3153576561144396,-0.02000635574747648
16072.0,0.4131756574724487,0.07445736048174284,1.0942084523670388,0.7726828313557902,1.8599352788305492,1.7923540082659242
16073.0,0.4561440424462858,-1.057568175439826,-1.4338063278748177,-1.5111462029625293,-2.5113622892582645,-1.0693683873284119
16074.0,0.9001506871759354,-1.057568175439826,-0.9171857803534132,-1.6612051713861486,-0.4753737252323317,-0.10542827257718894
16075.0,1.439642631847445,-0.5566388957505917,-0.15044553873832567,-0.384361593491431,-0.016856965827270066,0.39893652053010764
16076.0,-0.9474898666990581,1.0485519735441977,0.6449906049629099,0.7094427940272491,0.42476554407078576,-0.2682534975724081
16077.0,2.026877226489885,-1.057568175439826,0.6657648804900285,0.3577132436481219,-1.2790083980134372,2.8481314512464793
16078.0,0.3940785974840767,-0.5566388957505917,-0.6575865499478646,-0.5832255187891728,-0.05683280004799887,-0.5454559086207939
16079.0,-0.880650156739756,-0.2012239156425293,0.284582915944945,0.3762112775744356,-0.6667842015304029,0.6679122379140568
16080.0,-0.5703229319287106,0.07445736048174284,-0.2946847760097637,-0.32214354917445553,-0.29254282546769667,-0.7934439564840015
16081.0,-0.6944538218531288,0.8006346437359392,1.1109798712085621,0.983282999315928,1.3974603374650032,0.8967986497234296
16082.0,2.236944886361977,-1.057568175439826,-1.5311247650969073,-1.6445610524627337,-0.7579160438997158,-1.2509506840321336
16083.0,-0.47961189698394346,0.07445736048174284,0.681499564892644,0.7446495788463231,0.30224790327738865,1.0230442688626225
16084.0,0.4656925724404718,-1.057568175439826,-0.5261096777202683,-0.5328730644211497,-0.07757674530912831,0.6242638487626735
16085.0,-0.852004566757198,1.254937876118928,0.678323120163889,0.6847200497469318,1.4768134745980201,-0.4492808900018625
16086.0,-0.6801310268618498,1.0485519735441977,0.777387830607579,0.7162742470671974,0.36579462773390486,-0.02212395640725994
16087.0,0.8953764221788424,0.29970536404670484,0.46548113193734764,0.2033509066675296,-1.4849208824917954,0.3225773781513664
16088.0,1.7881639766352344,-0.5566388957505917,0.32851978184386127,-0.17500769620178155,-1.9434376418968569,1.291734654183612
16089.0,0.8810536271875634,-0.5566388957505917,-0.8867312954278052,-0.9223250044342675,0.0024225606841520096,-0.9716279309244226
16090.0,2.017328696495699,-1.057568175439826,-1.1567031507553205,-1.3890543432466802,-0.6667842015304029,-0.5523334578583837
16091.0,-0.22180158714092113,-0.5566388957505917,-0.7589069771282164,-0.7540724638409552,-0.7579160438997158,-0.733949154521039
16092.0,-0.4127721870246414,0.4901498374805938,0.39993122652435187,0.5853578670634082,0.2889249744088639,-0.04271151292115638
16093.0,-0.45096630700138546,-1.057568175439826,-2.8152204535092027,-2.0681662404235324,-2.5113622892582645,-3.6468897367435726
16094.0,-0.9045214817252211,1.1560496238440017,1.0058226895797249,0.9340993231916443,0.7101478727648092,0.27563198976442593
16095.0,1.2152521769840738,-1.057568175439826,-0.5084856562279153,-0.39902556759911106,-0.26567674408401915,0.6571477543317081
16096.0,0.2985932975422166,0.07445736048174284,0.3985886627606582,0.23800999079579488,0.2616110427421876,0.495996838864134
16097.0,0.18401093761198442,-1.057568175439826,-1.1391728088744444,-1.1262232058336774,-1.1145904545341814,-0.5196243450572138
16098.0,-0.5416773419461526,1.4317308999682739,1.0645309325307781,0.9301842292475528,0.5510676815341373,0.06298847481361596
16099.0,-0.7230994118356868,0.6551203441547673,0.39324329254987256,0.44540007412022964,0.03967179647401301,-0.26070042994597187
16100.0,1.2486720319637248,-1.057568175439826,-0.3187680746633779,-0.06966232833151947,-0.09885955416899503,1.011133650210284
16101.0,-0.6228398468967337,0.07445736048174284,0.9090398633075266,0.8742008403952101,1.0477002469551036,1.4471384725148968
16102.0,-0.7612935318124309,-0.2012239156425293,0.5064249338080663,0.4329697285087724,-0.016856965827270066,1.0813120921397157
16103.0,-0.9283928067106861,1.9598138796697315,1.3760805901613355,1.1097497400674763,0.7867777069538352,0.03931971677480251
16104.0,-0.6658082318705707,0.9308016202790399,0.8001697228537658,0.502373944508445,1.2111502729297718,0.16083370701630872
16105.0,0.22697932258582149,0.29970536404670484,0.6920283833784505,0.9673969130095489,0.6344625252190986,0.7444509770536649
16106.0,-0.6467111718821987,-1.057568175439826,-1.5203505486869604,-1.2313089537736739,-1.4849208824917954,-1.230847535885227
16107.0,-0.875875891742663,0.6551203441547673,0.9034643891126419,0.578689262983617,-0.7579160438997158,0.6887097541600008
16108.0,-0.5560001369374316,0.07445736048174284,0.6453724541066973,0.7266131776841045,0.8767536468426793,0.9557242926134071
16109.0,0.08375137267303129,-0.2012239156425293,0.02360111329626172,0.5300130838216789,-0.26567674408401915,0.18182405959307948
16110.0,-0.7469707368211519,0.07445736048174284,0.48245488986593005,0.38826032196798577,1.706196502768375,0.6522003745450276
16111.0,1.0815727570654696,-1.057568175439826,-0.3609384815823881,-0.4832889115546586,0.43606699321124226,0.9324496972013643
16112.0,-0.2790927671060372,0.07445736048174284,-1.0990824610249716,0.10775266843801919,-0.8075883471740417,-2.2807111097641855
16113.0,-0.08812216722231696,-1.057568175439826,-1.2368204824540494,-0.6668182952182143,-0.26567674408401915,-0.7018209497550064
16114.0,-0.14541334718743304,-1.057568175439826,-1.360092518169711,-1.5819034176367013,-1.2790083980134372,-0.9318289523856964
16115.0,-0.914070011719407,1.254937876118928,0.7407222686391338,0.7764145778859152,1.3799148688968128,-0.3333743844626967
16116.0,0.050331517693380234,-1.057568175439826,-0.282635554986631,-0.44244300758420896,-0.16624068800434505,1.078551768460819
16117.0,-0.05470231224266591,-0.2012239156425293,-0.23555469703724236,-0.27342440640881605,0.3409641798752045,-0.30048833820245924
16118.0,2.155782381411396,-1.057568175439826,1.1271092744202011,1.1605289439355868,-0.016856965827270066,3.708934162556484
16119.0,-0.9236185417135931,0.8006346437359392,0.4575605656925003,0.3346439439488434,-0.09885955416899503,-0.3191440964435896
16120.0,-0.6801310268618498,0.4901498374805938,0.8484234661921413,0.9784357325128932,0.5607641505877349,0.7921575737267995
16121.0,-0.6896795568560358,0.29970536404670484,0.3347831713155343,0.38751369203900987,1.4673045623890897,0.07932669130685358
16122.0,-0.6132913169025477,0.4901498374805938,-0.010669993464451888,0.6343534057052232,-0.32031979307342545,-0.8055955768349174
16123.0,-0.7135508818415008,-1.057568175439826,-0.775629121625492,-0.6894897688346715,-0.7579160438997158,0.1586962236563619
16124.0,0.5516293423881459,0.07445736048174284,0.4787822310776168,0.3232104804293554,0.32826094754877355,0.6453592608093427
16125.0,0.7903425922427962,1.4317308999682739,1.11322138887746,0.8652319757505661,1.123854907395181,0.15355416380864437
16126.0,-0.82335897677464,1.511464603952064,1.993763315084702,1.6660222986738769,0.9983604014140248,1.7013741043663295
16127.0,-0.7756163268037098,-0.5566388957505917,-0.09042146691203548,-0.14410556755345874,0.4690650931924128,0.510787453273092
16128.0,-0.875875891742663,1.1560496238440017,1.026014206258243,1.0595731853457249,1.0582725494136873,0.3132062446530414
16129.0,0.9813131921265165,-0.2012239156425293,0.30757361801375455,0.6245295940762203,0.6256046868143018,0.710747287475382
16130.0,1.0529271670829117,0.07445736048174284,0.0593216061865896,-0.32655569715734933,0.189055518651088,-0.1354998665394909
16131.0,-0.7135508818415008,1.254937876118928,1.7169712454653328,1.4985127901697102,0.9213981094917513,1.4838923008943972
16132.0,1.6353874967282582,-0.5566388957505917,-0.22490413518063182,-0.3629612654471078,-0.8604674728291044,0.2602055197820624
16133.0,-0.9427156017019651,3.0810494464218268,2.317442834390209,2.1900852625903164,1.6076051688963144,0.5434578420182077
16134.0,-0.856778831754291,0.29970536404670484,0.6157100272657537,0.7959671739348112,0.5703472080455595,0.6023031416713552
16135.0,0.2938190325451236,-0.5566388957505917,-0.07437753378205639,-0.13743132157976862,-0.143159103290622,0.5406862873295918
16136.0,-0.6753567618647568,0.07445736048174284,0.029164722632676096,0.21316314228325903,0.03967179647401301,-0.19159442899000617
16137.0,2.2846875363329073,-1.057568175439826,-0.5485843069496562,-0.551306260279225,-0.32031979307342545,0.5823294023255238
16138.0,0.8476337722079124,-0.2012239156425293,0.0010231398302808013,0.3039842222287092,-0.143159103290622,0.139787602363466
16139.0,-0.87110162674557,0.29970536404670484,0.14391317367156695,0.13901052923929363,0.09255092212907612,-0.2756883162725839
16140.0,-0.6467111718821987,-0.2012239156425293,0.326536513181873,0.6302349422322252,0.1422232254034017,0.7460794214083236
16141.0,-0.5416773419461526,-0.5566388957505917,0.03605161968323656,-0.1129895629648933,0.09255092212907612,0.7464988027520071
16142.0,0.23175358758291448,-1.057568175439826,-0.37941643196860375,-0.09407005347335706,-0.09885955416899503,0.8979724823458748
16143.0,-0.9474898666990581,1.254937876118928,1.1558431882645117,0.8819934784046382,0.7569801660124958,0.4386581359613988
16144.0,0.21743079259163547,-1.057568175439826,-1.1782069535898114,-2.2070824407035254,-2.5113622892582645,-0.5924564809772195
16145.0,-0.9188442767165,1.7871458800763362,1.443890812035213,1.5643084146377817,1.3324564066676785,0.3611392698595207
16146.0,-0.21225305714673512,0.07445736048174284,0.02884666296788772,0.0725259787644493,-0.16624068800434505,-0.19218600997085386
16147.0,-0.3220611520798743,0.29970536404670484,0.6958418978398192,0.6908707233015603,0.8012797151341228,0.7515545787777298
16148.0,0.45136977744919277,-0.5566388957505917,-0.6124504442318371,-0.437183718880154,-1.192682094770814,-0.4614620365440485
16149.0,-0.9379413367048721,-0.2012239156425293,-0.5493977153608883,0.13463508825052414,-0.26567674408401915,-0.8838417350166818
16150.0,-0.7565192668153379,1.0485519735441977,1.0630034984499317,0.9242675210733614,0.9926901914321936,0.5093265684275673
16152.0,0.3224646225276816,-1.057568175439826,0.5013064575877706,0.1812341927848856,-0.29254282546769667,2.5412755358076153
16153.0,-0.7230994118356868,1.1560496238440017,1.2416087186761433,1.3305933031690957,1.089194787954205,0.7145629994054679
16155.0,0.8619565671991913,0.29970536404670484,-0.0943767035575917,0.010591697301474957,0.057680039452894044,-0.7184146786405811
16156.0,-0.9188442767165,1.8474233769671247,1.3756714260444614,1.2374479658781044,1.2618473944394515,0.1657413209715813
16157.0,-0.8854244217368491,-0.2012239156425293,-0.2330517526929984,-0.2223760935121599,-0.9777160146122458,-0.29583238496061304
16158.0,1.5303536667922122,0.9308016202790399,-0.2646932870978109,-0.644902679784246,-0.29254282546769667,-1.812988894810029
16159.0,0.3845300674898907,0.07445736048174284,0.21839647841376345,0.17403810361927446,-0.2396636998126339,0.16050536302913088
16160.0,-0.6514854368792917,-0.5566388957505917,0.08636302961670725,0.570822753613012,-0.5847816131886778,0.8402780614593842
16161.0,-0.9522641316961511,2.7612404931387906,1.8847264999807407,1.6769360767487276,1.942501764009637,0.09101516270891727
16162.0,0.2413021175771005,-1.057568175439826,-2.2715085263043022,-3.011601687871804,-2.179147667316555,-2.6324009789579836
16163.0,0.14581681763524038,0.4901498374805938,0.6985488010243498,0.215108136547563,0.2753818218937108,0.5130357005254335
16164.0,-0.880650156739756,-0.2012239156425293,-0.071732266482209,-0.07719285261812606,-0.34907158776898006,0.0043492263194547
16165.0,1.449191161841631,-1.057568175439826,-1.7367875963887718,-3.347422325913002,-2.5113622892582645,-1.6346881372686943
16166.0,1.0815727570654696,-0.5566388957505917,-0.5266844044948156,-0.6780563053151835,-0.6667842015304029,-0.3018230459811811
16167.0,1.0147330471061675,0.29970536404670484,0.3024548540430684,0.7359131368952082,0.15813328011056985,0.019176276022856664
16168.0,-0.9092957467223141,3.2807482224298212,1.7454562002135656,1.5264458516960244,0.9213981094917513,-0.7386037684556659
16169.0,-0.9236185417135931,0.07445736048174284,0.49892233203224196,0.657050973654818,0.42476554407078576,0.6828752321241768
16170.0,-0.7183251468385938,1.8474233769671247,1.4505607794880246,1.6556844725710964,1.460903419890852,0.3050680002719824
16171.0,-0.6801310268618498,-1.057568175439826,-1.7988235021637715,-1.9535450018021403,-1.9434376418968569,-1.7504382722920628
16172.0,-0.5082574869665015,0.8006346437359392,0.5227494563262978,0.7020768056851705,0.5313235436848637,-0.19798181332593018
16173.0,-0.8854244217368491,0.4901498374805938,0.3189224018321824,0.10889499293360552,0.413306027586857,-0.19336055612187997
16174.0,-0.36025527205661834,0.6551203441547673,0.6488382946151071,0.7076090199461879,-0.32031979307342545,0.21467903282683787
16175.0,-0.5130317519635945,0.6551203441547673,0.5042022959622977,0.4259610525123972,0.2753818218937108,-0.05439532736429966
16176.0,1.0481529020858187,0.07445736048174284,0.5840454820494031,0.4399044719453387,0.189055518651088,0.841456912841368
16177.0,-0.7230994118356868,0.8006346437359392,0.649017052700709,0.4858584893650278,0.5110918473134085,0.03681619244627052
16178.0,-0.30296409209150227,-0.5566388957505917,-0.28284603130085906,-0.3090820417430482,-0.44192654764477163,0.15226322318740268
16179.0,-0.6705824968676638,-1.057568175439826,-1.0293102271023002,-1.0421845781960928,-1.0432983725937395,-0.3146364672262056
16180.0,-0.4843861619810365,1.3464940972778903,2.0683979197272335,1.9729462880882882,1.1382718554069673,2.031942778484622
16181.0,-0.6132913169025477,-1.057568175439826,-0.7808537892752758,-0.7626103446465929,-1.0432983725937395,0.14894774044555634
16182.0,-0.6180655818996407,0.9308016202790399,1.71799591570641,1.6370809907228794,-0.5847816131886778,1.8705860843009294
16183.0,-0.6419369068851057,0.07445736048174284,0.1220720772721734,-0.21486278222763083,-0.214451185231064,-0.01875571855162469
16184.0,-0.6562597018763847,0.4901498374805938,0.1740119142086461,0.09271894635591586,-0.3788691287103198,-0.46269144130767415
16185.0,-0.880650156739756,-0.2012239156425293,-0.24623234950656248,-0.27342440640881605,-0.05683280004799887,-0.32035024862154093
16186.0,-0.852004566757198,2.15790818322247,1.6216282246656457,1.7116279895419495,1.1430216778240823,0.27310333619347116
16187.0,-0.8090361817833609,1.511464603952064,1.4549801498759511,1.5360202360805932,1.0841214462193633,0.6975114544987627
16188.0,-0.7469707368211519,0.29970536404670484,0.12859430395918725,0.35614798676153486,0.43606699321124226,-0.30416760724303593
16189.0,-0.8854244217368491,-0.5566388957505917,-1.0304694826713257,-0.8448935437864052,-1.192682094770814,-1.2387048456301788
16190.0,-0.7708420618066169,0.8006346437359392,0.7868847159081956,0.6087130914588154,0.6075964438354208,0.2933309444031836
16191.0,-0.9474898666990581,2.0628271562006084,2.0426823870399096,1.9410353612060183,0.8012797151341228,1.1640311489764843
16192.0,2.5520463761701153,-1.057568175439826,-0.6810112451956922,-0.5575673321928842,-1.0432983725937395,0.3352396598414653
16193.0,0.1696881426207054,-0.5566388957505917,-0.26229133883875216,-0.16454475521589296,-0.07757674530912831,0.19055382405467072
16194.0,0.8285367122195403,-1.057568175439826,-0.7737259917102196,-0.816306101501823,-1.2790083980134372,0.1622471921141895
16195.0,2.4899809312079064,-1.057568175439826,-0.7405489052171222,-0.9007687263045723,-0.7579160438997158,0.22415089438600538
16196.0,1.372802921888143,-1.057568175439826,-1.6268036089284266,-1.9029502298560697,-1.760606742132222,-1.42947373377281
16197.0,1.2773176219462827,0.9308016202790399,0.5713620012213029,0.7025396058322659,0.17374026765232672,-0.2646443755377841
16198.0,-0.6037427869083617,-0.5566388957505917,0.08957245207862541,-0.15595106968361416,-0.2396636998126339,0.8462605697444006
16199.0,0.9096992171701214,0.6551203441547673,0.026091828308955428,-0.27342440640881605,-2.179147667316555,-0.9423607123463255
16200.0,-0.9427156017019651,1.254937876118928,1.3050511727699776,1.2087374788450334,1.747985041428369,0.7164533573305092
16201.0,-0.9474898666990581,0.29970536404670484,0.6045165852567809,0.703002080407652,0.579819476229692,0.5814569328248413
16202.0,0.7616970022602382,0.9308016202790399,0.7260202234290455,0.6480657643292987,0.7416649150137341,0.022900183727515344
16203.0,-0.6801310268618498,0.4901498374805938,0.026920149218187524,0.06402751679149034,0.233355067772715,-0.7358367386928649
16204.0,-0.852004566757198,-0.2012239156425293,0.00757578247133333,0.2102348185915852,0.579819476229692,0.1519872463141022
16205.0,-0.813810446780454,0.6551203441547673,0.4977962531298543,0.7171797672954877,1.0151393237236626,-0.06630901058734269
16206.0,-0.6992280868502218,1.3464940972778903,0.7507828039333191,0.683292454002868,1.2111502729297718,-0.421339926626177
16207.0,-0.842456036763012,-1.057568175439826,-0.5982263722114081,-0.816306101501823,-0.6247574474094066,0.4897044025757446
16208.0,-0.7469707368211519,1.0485519735441977,0.9545075979733277,0.7562625760821724,1.1800603940669612,0.3073788627185227
16209.0,-0.5369030769490596,0.9308016202790399,1.088468601236268,0.8921264559852327,0.15813328011056985,0.6974843912147504
16210.0,-0.9522641316961511,2.5133231633305324,2.592883048546396,2.1265990274078614,1.0039916405726501,1.6848414632231303
16211.0,-0.5369030769490596,-0.2012239156425293,0.13052303358147088,0.04165610206411991,-0.143159103290622,0.38093170225388445
16212.0,-0.87110162674557,0.07445736048174284,0.2529817154217544,0.10431373689015228,0.42476554407078576,0.22488364750645665
16213.0,-0.5846457269199896,-1.057568175439826,-1.2474161060140365,-1.5111462029625293,-1.4849208824917954,-0.7215908691654449
16214.0,-0.14541334718743304,0.07445736048174284,0.5789820687158251,0.6485681774846647,0.5607641505877349,0.8320231365951185
16215.0,-0.5750971969258036,-1.057568175439826,-0.9465089516889311,-1.0101095543538685,-0.8604674728291044,-0.16014111990321941
16216.0,0.3129160925334956,-1.057568175439826,0.004620393386902124,-0.42678970660539517,-0.09885955416899503,1.6145303182235589
16217.0,0.16013961262651938,-0.5566388957505917,-0.7838799900906913,-1.0970002800952623,-0.9169962351303879,-0.7803956862256365
16218.0,-0.818584711777547,1.3464940972778903,1.0569731268037148,1.1484319308994237,0.5412550843430992,0.1478216972332813
16219.0,1.430094101853259,-1.057568175439826,-2.2106285191864132,-1.5111462029625293,-2.5113622892582645,-2.518807585646732
16221.0,-0.7851648567978959,0.9308016202790399,0.5725027258568144,0.7158210187956786,1.1663663359298055,-0.2625243453922505
16222.0,0.556403607385239,-0.5566388957505917,0.24087506260894934,-0.03325171793457919,0.9337192750953127,1.1283229658263203
16223.0,0.8285367122195403,-0.5566388957505917,0.1281921067637373,0.18225580539420755,0.7101478727648092,0.9182513487493301
16224.0,-0.6896795568560358,0.29970536404670484,0.4127326651694545,0.7622043248219597,0.7569801660124958,0.22439037332016765
16225.0,-0.7469707368211519,1.511464603952064,0.8217790461506368,0.6348664042344148,1.2198206403184555,-0.4801228476845813
16226.0,0.0073631327195431764,0.29970536404670484,-0.21635746340167522,0.044179742713283024,-0.4753737252323317,-0.9447764197178844
16227.0,0.11239696265558932,-0.2012239156425293,0.08760636962530843,-0.07266419465144539,-0.32031979307342545,0.30100624635741224
16228.0,0.8762793621904703,-0.2012239156425293,-0.01864546140095363,0.08566262549647,0.057680039452894044,0.10317027300639466
16229.0,-0.5464516069432456,0.4901498374805938,0.8239208736584939,0.6404831245362104,0.9983604014140248,0.7465174388743562
16230.0,-0.05470231224266591,-0.5566388957505917,-0.3705209168937269,-0.18922246798122297,-0.214451185231064,-0.011042499850224914
16231.0,0.8476337722079124,0.07445736048174284,0.1198469521900558,0.09505432210422421,0.4016839593570631,-0.022895952771171284
16232.0,-0.7517450018182449,0.6551203441547673,0.7840927169649967,0.8759800230286571,0.2889249744088639,0.46643198092004073
16233.0,-0.6228398468967337,0.9308016202790399,0.497086625016182,0.21607848001789925,0.12599809971663617,-0.4026550960510401
16234.0,1.310737476925934,-0.2012239156425293,-0.7189026720820598,-0.6894897688346715,-0.9169962351303879,-1.198436861378237
16235.0,-0.7660677968095239,0.9308016202790399,0.5844017996080809,0.3157539817950618,0.521270140592798,-0.24040919722472517
16236.0,-0.5894199919170826,-1.057568175439826,-0.5326724443332783,-0.6377568748440309,-0.5847816131886778,0.6120186641056149
16237.0,1.1245411420393068,-1.057568175439826,-1.3553852415103311,-1.40029235334365,-1.3755129945354494,-0.9230458468259616
16238.0,1.0577014320800047,-1.057568175439826,-1.8975799976630776,-1.1413366894165116,-1.4849208824917954,-1.9347037802374003
16239.0,-0.6896795568560358,0.4901498374805938,0.3553357748115688,0.23046434030365395,-0.44192654764477163,-0.12565098297847127
16240.0,-0.8472303017601049,-0.5566388957505917,1.0103200377063903,0.7975706078560322,0.8897593496354799,2.5633058940116054
16241.0,-0.914070011719407,1.5863629060023545,1.061332673638109,1.007288377176779,2.0142399892076837,-0.12108084904216489
16242.0,-0.9236185417135931,1.4317308999682739,1.504437223044237,1.3699666568155582,1.7180198258579065,0.8818072501865382
16243.0,-0.7994876517891749,-0.5566388957505917,-0.5719955945334743,-0.9735775128852286,0.12599809971663617,-0.38616794127551946
16244.0,0.050331517693380234,-0.5566388957505917,0.36986919100094895,0.3693353656939675,0.5984416885683977,1.3688346576318708
16245.0,-0.8472303017601049,-0.2012239156425293,0.31656247090889533,0.4813402064124605,0.521270140592798,0.7274953756201838
16246.0,1.2343492369724458,-0.5566388957505917,-0.07271764547958906,-0.2434917288262392,0.5110918473134085,0.5437796357482093
16247.0,-0.15018761218452603,-1.057568175439826,-1.4809101900445776,-0.644902679784246,-0.7579160438997158,-1.1572574628268328
16248.0,-0.6658082318705707,-1.057568175439826,-1.2751231174157014,-1.197150227452304,-1.3755129945354494,-0.7732881930099396
16249.0,-0.7087766168444078,0.29970536404670484,0.48985586220865707,0.4385233630722501,0.37793325082309986,0.3679546320621468
16250.0,0.28427050255093755,-0.2012239156425293,-0.3404870655550895,-0.39165269501153327,-0.29254282546769667,-0.49563589769832345
16251.0,1.482611016821282,-1.057568175439826,-1.4002361214455956,-1.5671295918148718,-0.5847816131886778,-1.0067311794340321
16252.0,0.8667308321962843,-1.057568175439826,-0.8057434423267,-0.7373223199867728,-0.5466658071727737,0.10250720467202702
16253.0,-0.6419369068851057,0.6551203441547673,1.4914868737901004,1.652856440889165,1.33620626251436,1.7844756602731382
16254.0,0.8428595072108194,-0.2012239156425293,0.04462389898242598,0.07131861831159202,0.3534734621303434,0.22096753947800163
16255.0,-0.880650156739756,1.511464603952064,1.1518821043090899,1.1662665225245765,1.3834541490107977,0.1333954600817633
16256.0,0.3129160925334956,-0.2012239156425293,0.4184020337554036,0.7768279118082386,-0.34907158776898006,0.9172633273693162
16257.0,-0.11676775720487499,-1.057568175439826,-2.1121295802856572,-3.347422325913002,-2.179147667316555,-2.3350226415085302
16258.0,-0.7469707368211519,1.511464603952064,1.847408919094855,1.7694194535383443,1.4576839969968878,1.4285869724391158
16259.0,0.9956359871177956,-0.2012239156425293,-0.7024298968343679,-0.8024654306724417,0.4690650931924128,-1.16788179970695
16260.0,-0.7183251468385938,-1.057568175439826,0.09332722872985681,-0.29416453597707787,-0.6667842015304029,1.7800445964495188
16261.0,-0.880650156739756,0.4901498374805938,0.09726974915837105,-0.046128447855481106,0.8364500102281615,-0.6052327813226832
16262.0,0.8428595072108194,-1.057568175439826,-0.13294280789891927,-0.05779008546708409,0.07530097820695623,1.3578570428976169
16263.0,1.0577014320800047,-1.057568175439826,-0.6874357462093164,-0.5931115333827922,-0.6247574474094066,0.323252459034212
16264.0,1.1293154070363998,-0.5566388957505917,-0.07081786003563324,0.15409923444239462,0.3153576561144396,0.5473200643368111
16265.0,-0.9188442767165,1.254937876118928,1.4574393945656063,1.2392908788545505,1.2326565488774406,1.0002865124448905
16266.0,-0.6085170519054547,1.4317308999682739,0.472874756935992,0.318248890223255,0.4472146763622555,-1.0354298738855567
16267.0,1.8597779515916295,-1.057568175439826,-1.1329897467838448,-0.5897996493919544,-1.3755129945354494,-0.5080876347778388
16268.0,-0.6228398468967337,-0.5566388957505917,-0.2211920081085084,0.05912146729270992,0.057680039452894044,0.26712144850144426
16269.0,1.1293154070363998,-1.057568175439826,-0.16952342288467895,0.11344454452903792,0.189055518651088,1.289602842834886
16270.0,0.7235028822834941,-1.057568175439826,0.16307022638479537,0.22665878651161467,0.20408973995326918,1.9101750635498629
16271.0,-0.9474898666990581,1.0485519735441977,0.945563069006484,1.0360429782320544,1.1617503120453048,0.2907334529851085
16272.0,-0.4032236570304554,-1.057568175439826,-0.5674604589595654,-0.5090729057452075,-0.409791367250838,0.547109200144658
16273.0,2.131911056425931,-0.5566388957505917,-0.7514983070575066,-1.6283279417313867,-0.8075883471740417,-0.7201690103700692
16274.0,0.8189881822253543,-1.057568175439826,-0.6800952305450152,-0.7583275439502549,0.3409641798752045,0.3369488122778593
16275.0,-0.021282457263014865,-0.2012239156425293,0.6176365492028355,0.6281659945551095,0.7416649150137341,1.288608699482049
16276.0,-0.11676775720487499,-0.2012239156425293,0.7616460514188319,0.7239317018448914,-0.5847816131886778,1.557083793601265
16277.0,2.5424978461759293,-1.057568175439826,-1.1252688875027552,-1.7514022289005018,-0.4753737252323317,-0.4936816146977275
16278.0,-0.4843861619810365,-0.2012239156425293,0.14821684958812764,-0.23189011747305974,0.1422232254034017,0.4138861938397945
16279.0,-0.861553096751384,0.9308016202790399,1.3164965156448076,1.3288112267679968,1.4247742691316794,1.1222500485275888
16280.0,2.4995294612020924,-1.057568175439826,-0.9593022469470355,-1.0291661808720358,-0.7579160438997158,-0.1840115806471998
16281.0,-0.6180655818996407,-0.2012239156425293,0.9510734845958936,0.7685114494555024,-0.34907158776898006,1.9102922781667395
16282.0,0.6614374373212851,-0.2012239156425293,0.2606283050658749,0.31741830567587953,-0.2396636998126339,0.6232834407951842
16283.0,-0.9331670717077791,0.8006346437359392,1.122845733268344,1.1642067581811908,1.8005811962388483,0.9189027979284258
16284.0,-0.813810446780454,-0.2012239156425293,0.08148064452194766,0.21316314228325903,0.7645317593062706,0.2895988024010896
16285.0,2.1223625264317447,-1.057568175439826,-1.1713166858919,-1.3671387278127125,-0.2396636998126339,-0.5796002260968109
16286.0,1.315511741923027,-0.5566388957505917,-0.7280438656541821,-1.0291661808720358,-0.7110837506520298,-0.6765407858105278
16287.0,-0.15018761218452603,0.29970536404670484,0.07333997794891471,0.7053095856963358,-0.6667842015304029,-0.406872015025011
16288.0,1.2820918869433757,-1.057568175439826,-1.3917405023287999,-2.1002412642657573,-1.3755129945354494,-0.9908795682164442
16289.0,1.2438977669666318,-1.057568175439826,-1.3571599187653427,-1.0554659911595055,-0.5466658071727737,-0.9263571409760872
16290.0,1.2582205619579108,0.07445736048174284,0.5500621727841365,0.44334460319571367,0.5703472080455595,0.7781436261240362
16291.0,2.2942360663270933,-1.057568175439826,-1.461550964912546,-3.613978162138445,-2.5113622892582645,-1.1211359152329634
16292.0,-0.37935233204499036,0.29970536404670484,0.23049053797559602,0.22665878651161467,0.15813328011056985,-0.114692799811797
16293.0,-0.856778831754291,1.511464603952064,1.1110201094621728,0.8702696063918676,1.123854907395181,0.0573944613331244
16294.0,1.315511741923027,-1.057568175439826,-1.4128887043395535,-1.435207155173084,-1.2790083980134372,-1.0303390910148154
16295.0,-0.914070011719407,0.07445736048174284,0.2720366107321415,0.35849447675467494,0.413306027586857,0.2603562465327734
16296.0,2.026877226489885,0.07445736048174284,0.26396017588799364,0.18429428014936225,0.233355067772715,0.24532089071262986
16297.0,0.3224646225276816,-1.057568175439826,-0.7894258523224785,-0.563888607644377,-0.5847816131886778,0.13295349577793983
16298.0,-0.852004566757198,0.6551203441547673,0.12730119591230352,-0.3005163494651244,-0.214451185231064,-0.7546316492068215
16299.0,1.315511741923027,-1.057568175439826,-1.1067463720277468,-0.9915898062500224,-0.9777160146122458,-0.45912124775506136
16300.0,1.0911212870596556,-0.2012239156425293,0.292662583725686,0.18225580539420755,1.2241216584486951,0.6829656163290329
16301.0,2.5568206411672088,-1.057568175439826,-1.5272724284742627,-1.612486028620509,-1.4849208824917954,-1.2437627744069586
16302.0,-0.35548100705952534,-1.057568175439826,-0.9739497297674394,-0.7373223199867728,-1.0432983725937395,-0.21134169041239811
16303.0,-0.837681771765919,0.6551203441547673,1.5534617425119082,1.359491166581918,1.0635079798298124,1.9000205906385967
16304.0,2.356301511289302,-1.057568175439826,-0.6216920794301455,-0.4974883314143884,-0.409791367250838,0.44592074623905753
16305.0,-0.2981898270944092,-1.057568175439826,-0.6610845649313196,-0.4216536837493171,-0.5102446079085138,0.3724199976209153
16306.0,0.059880047687566246,0.6551203441547673,0.15261599525891292,0.24916852032953965,0.21885305959242807,-0.7076527141305792
16307.0,1.0863470220625626,-0.2012239156425293,0.196025457725048,0.5483991581589395,0.4016839593570631,0.5029362287324602
16308.0,-0.780390591800803,0.6551203441547673,1.2397208770901045,2.2943142535786056,-2.5113622892582645,1.3151800327785552
16309.0,-0.45574057199847845,-0.5566388957505917,-0.18059345550758368,-0.027608699751634977,-0.05683280004799887,0.3427625614646301
16310.0,1.0147330471061675,-0.5566388957505917,-0.4879145365684945,-0.38678298695373253,-0.3788691287103198,-0.2296448602316284
16311.0,-0.875875891742663,-0.5566388957505917,-0.2785784336147147,-0.13909354138263974,-0.143159103290622,0.16021303305033355
16312.0,1.1006698170538416,-1.057568175439826,-1.1948935799395577,-1.447270018053046,-1.1145904545341814,-0.6235913411672682
16313.0,-0.9474898666990581,-0.5566388957505917,-0.8583769690357488,-0.7089988438096513,-0.7579160438997158,-0.9189182119699949
16314.0,0.9001506871759354,-0.2012239156425293,0.3549512112429017,0.17507095156432437,0.2616110427421876,0.7990248105921793
16315.0,0.618469052347448,-0.5566388957505917,-0.5832648837671032,-0.8024654306724417,-0.5466658071727737,-0.40714327397130134
16316.0,-0.6562597018763847,1.3464940972778903,1.3223438048667047,1.2063769463921667,1.236890884256886,0.6417174464070974
16317.0,-0.38890086203917634,0.29970536404670484,0.631309791113309,0.6113757422506115,0.7260579274719773,0.6313565110853123
16318.0,-0.7947133867920819,-1.057568175439826,-0.7297858676674943,-0.5865043663930697,-0.6247574474094066,0.24423318437705574
16319.0,0.07897710767593827,-1.057568175439826,-0.5802671743557053,-1.2490778079274656,-1.9434376418968569,0.523213699340889
16320.0,-0.14063908219034002,0.4901498374805938,1.307718753399327,1.2604182658660597,1.236890884256886,1.648072196305888
16321.0,-0.6180655818996407,0.6551203441547673,-0.29232268068792366,-0.4140241097389037,-0.8075883471740417,-1.5317608479997937
16322.0,-0.9570383966932442,-0.5566388957505917,-0.732844583952463,-0.4889319297376028,-0.32031979307342545,-0.6854710837690339
16323.0,-0.02605672226010787,-0.5566388957505917,-0.6762202190797909,-0.788910154934063,-1.760606742132222,-0.5801271715917042
16324.0,-0.3507067420624323,-0.2012239156425293,-0.5728885511493252,-0.38678298695373253,0.7020754717798163,-0.9274627280015381
16325.0,-0.7374222068269658,1.254937876118928,0.9865297260293936,1.064660054160934,0.7338985812987724,0.1236012911109524
16326.0,-0.9331670717077791,2.0628271562006084,1.1815494549417693,0.5245774366523146,1.4247742691316794,-0.43817703231440713
16327.0,-0.8949729517310351,1.5863629060023545,1.7313970754615458,1.8487855248640421,1.5662850487754325,1.12611946602483
16328.0,1.7260985316730253,-1.057568175439826,-0.7685757895592336,-0.8116600921875174,-0.7579160438997158,0.17185673334562462
16329.0,1.0815727570654696,0.07445736048174284,0.4338809587210185,0.3232104804293554,0.5510676815341373,0.5617258954554968
16330.0,-0.875875891742663,0.6551203441547673,-0.26805354022325356,-0.2632946592767485,0.7416649150137341,-1.4869150177725925
16331.0,1.1006698170538416,0.4901498374805938,0.578788502054404,0.2885352913710091,-0.18999139653830796,0.2900837014810593
16332.0,-0.828133241771733,1.1560496238440017,0.5653979551892889,0.551317083862779,1.0738795369554441,-0.543080224573445
16333.0,-0.9236185417135931,1.9598138796697315,2.4227533281754092,2.7537430722159444,-1.192682094770814,1.9887842576599897
16334.0,1.387125716879422,-1.057568175439826,-0.8860804396163223,-0.563888607644377,0.20408973995326918,-0.047390151826203784
16335.0,1.6735816167050024,0.6551203441547673,0.7947351557396101,0.47483116728049146,1.236890884256886,0.4862457700571941
16336.0,1.0481529020858187,0.07445736048174284,0.9704352545490373,0.7266131776841045,0.3409641798752045,1.5615916213528362
16337.0,-0.7851648567978959,-1.057568175439826,-1.2839879361073412,-1.1262232058336774,-1.1145904545341814,-0.7898286778742473
16338.0,-0.21225305714673512,-1.057568175439826,-1.032727118517639,-1.0759051788219403,-1.0432983725937395,-0.3210118983212255
16339.0,0.3940785974840767,-1.057568175439826,-1.6211189031870703,-2.0375836294397245,-0.7110837506520298,-1.4188668852242183
16340.0,-0.45096630700138546,-0.2012239156425293,0.35727467878265373,0.6540695282644527,1.5316598090548748,0.8033542763545393
16341.0,-0.842456036763012,0.6551203441547673,1.0353412127627426,1.198809270205246,0.7260579274719773,0.9343530038441161
16342.0,-0.6037427869083617,0.07445736048174284,-0.7424103159685476,-0.7414700156492805,-1.1145904545341814,-1.623111641165427
16343.0,-0.8854244217368491,-0.2012239156425293,-0.281070613188722,-0.22616519669220447,0.20408973995326918,-0.38514781997545317
16344.0,-0.20747879214964213,0.07445736048174284,-0.05456322349118269,0.24361293023766267,0.021258840188633787,-0.3472960797234403
16345.0,-0.7517450018182449,-0.5566388957505917,0.18628100665731248,0.14875007895945422,0.6604755694904836,1.026541330003905
16346.0,0.8762793621904703,-1.057568175439826,-1.001143977224624,-0.3422356672739857,-0.8075883471740417,-0.26208227001229406
16347.0,-0.9092957467223141,1.1560496238440017,0.955030781063573,0.8265497849186187,1.3018232286601803,0.1811264696537431
16348.0,-0.8090361817833609,0.8006346437359392,0.46733360874805985,0.5719523201826611,1.1800603940669612,-0.30098233064311675
16349.0,0.42749845246372775,-1.057568175439826,-2.020247275735456,-2.5559214760687805,-1.192682094770814,-2.163583391527754
16350.0,-0.861553096751384,0.9308016202790399,0.6511141314097652,0.5209285415392143,0.43606699321124226,-0.11639460352245438
16351.0,0.6280175823416341,1.3464940972778903,0.9311058519049975,0.9796509039897496,0.8767536468426793,-0.0862552115004415
16352.0,-0.875875891742663,-0.5566388957505917,-0.4363375730535009,-0.3177608157300655,-0.32031979307342545,-0.13361058889248908
16353.0,-0.9427156017019651,2.612211415605459,1.7052045946174905,1.2921160113152617,0.47977559959369576,-0.07785144911527687
16354.0,-0.6610339668734777,0.29970536404670484,0.1492551250116777,0.12801683522304796,0.8225625239939895,-0.26575658665511365
16355.0,0.8285367122195403,-1.057568175439826,-0.5594203301565542,-0.6557691682088246,0.09255092212907612,0.5621109315279187
16356.0,-0.016508192265921855,0.4901498374805938,-0.5602461217389961,-0.6167740006598021,-0.34907158776898006,-1.8225081125792748
16357.0,-0.8042619167862679,0.07445736048174284,-0.03281738086618822,-0.14746827351346078,0.021258840188633787,-0.30686310557482643
16358.0,-0.9570383966932442,0.29970536404670484,0.8367597037460827,0.9485767084357364,0.8364500102281615,1.0140897786293066
16359.0,-0.9283928067106861,1.5863629060023545,0.7800570994391383,0.8450588911404592,0.5007855218324396,-0.6434988205003099
16360.0,-0.9379413367048721,0.4901498374805938,0.9565814126655966,0.9627421313599152,1.7569888910733888,0.9936498022112857
16361.0,-0.914070011719407,0.07445736048174284,-0.0142081754222822,-0.10031625325820803,0.5891834875500419,-0.2722588639237613
16362.0,-0.8090361817833609,0.4901498374805938,0.01026257830495128,-0.027608699751634977,0.37793325082309986,-0.7667518721933348
16363.0,-0.7087766168444078,-1.057568175439826,-1.5139498173456374,-1.4595583680152389,-1.6112230199551474,-1.2189046858897166
16364.0,-0.9045214817252211,-0.5566388957505917,-0.18138494370899227,-0.3653049669732642,0.10944517163608153,0.34128784293872716
16365.0,-0.875875891742663,1.511464603952064,0.8951731318735289,0.4941680784252873,0.6773698189974897,-0.3438141580172634
16366.0,-0.87110162674557,0.07445736048174284,0.38172321102768275,0.3897510427468806,0.4582127216583458,0.4645884314596552
16367.0,-0.7851648567978959,-0.2012239156425293,0.2837762947609661,0.5365961915392509,1.2494641551154662,0.6664094207620033
16368.0,-0.9522641316961511,-0.2012239156425293,-0.27258155235108045,-0.30264733214723183,0.4582127216583458,-0.3693594773104947
16369.0,-0.875875891742663,0.6551203441547673,0.7690202679233109,0.7764145778859152,0.8155295016493898,0.4383716363395029
16370.0,-0.5703229319287106,0.07445736048174284,0.2575122498969803,0.1791861924313911,0.9926901914321936,0.23331749671722785
16371.0,1.1818323220044227,-1.057568175439826,-1.2555348103600856,-0.985530707305215,-1.0432983725937395,-0.7367392112832882
16372.0,-0.8042619167862679,0.29970536404670484,0.2510947799359611,0.2583247627941531,1.5137825455459155,-0.07636866342482725
16373.0,0.8619565671991913,-0.5566388957505917,-0.7716660954877567,-0.9223250044342675,-0.409791367250838,-0.7576800909375186
16374.0,-0.6467111718821987,0.29970536404670484,0.4586391842090722,0.3014344805122542,1.5287072218151974,0.3098406856637159
16375.0,1.2820918869433757,-0.5566388957505917,-1.5496770360384493,-1.2313089537736739,-1.0432983725937395,-2.200951328819907
16376.0,-0.9188442767165,-0.5566388957505917,0.050174552996468925,0.22951501511081854,0.7338985812987724,0.7728229383698204
16377.0,0.3129160925334956,-0.5566388957505917,0.2611216750170631,1.1780426535429878,-1.4849208824917954,1.1660710140033053
16378.0,0.21743079259163547,-0.2012239156425293,-0.6576654131072112,-0.3941011432115922,-0.5102446079085138,-1.084828604187342
16379.0,-0.9427156017019651,0.07445736048174284,0.6197308162570969,0.6978968776252683,0.5891834875500419,0.9079458962695512
16380.0,-0.6705824968676638,-1.057568175439826,0.4668112828140774,0.7062303247569268,-0.32031979307342545,2.4769124691637368
16381.0,0.9287962771584934,-0.5566388957505917,-0.9304709992508543,-0.985530707305215,0.2889249744088639,-1.0529230418339925
16382.0,0.9860874571236096,-0.5566388957505917,-0.6773541815514865,-0.701125605014462,0.0024225606841520096,-0.5822370298534697
16383.0,-0.6037427869083617,0.6551203441547673,0.8310962050356621,0.779302472754329,1.4112311166165263,0.5539464975363351
16384.0,-0.5321288119519666,0.07445736048174284,0.2882595781346423,0.37392728831076744,0.521270140592798,0.2905586012816903
16385.0,-0.6753567618647568,0.29970536404670484,-0.02218262029817741,-0.015086271958306217,0.6518959929570478,-0.5843502180321408
16386.0,-0.82335897677464,-0.2012239156425293,0.11562427385915432,0.23800999079579488,0.8961855949101813,0.35318411596855365
16387.0,0.5802749323707039,0.29970536404670484,-0.02128044937028666,-0.05485522531691114,0.38989466139460405,-0.5826744878994188
16388.0,2.160556646408489,-1.057568175439826,-1.1353261333434792,-1.1568058168174855,-0.9169962351303879,-0.5124469982201223
16389.0,-0.7087766168444078,0.07445736048174284,0.3003566122195306,0.61455675288513,-0.18999139653830796,0.31308067173976617
16390.0,1.6019676417486073,-0.2012239156425293,-0.4764584543513872,-0.9060918937029208,-0.7579160438997158,-0.7483562907621328
16391.0,0.9526676021439585,0.07445736048174284,0.10487241181117467,0.25192880814316426,1.4830919886335052,-0.050757768699120624
16392.0,0.3272388875247746,-0.2012239156425293,-0.13147334451521292,0.14118737752563632,0.8832823034758474,-0.10683748817500618
16393.0,-0.9522641316961511,2.0123938836412982,1.26420881672543,1.1942264934005842,1.6314326271912203,-0.2279199998801921
16394.0,-0.6896795568560358,0.29970536404670484,0.3850553144364674,1.1009758194191135,0.30224790327738865,0.17287826429097533
16395.0,-0.6705824968676638,1.4317308999682739,0.9705820750929934,1.171954458870221,1.8638744309965847,-0.11170185464015749
16396.0,1.310737476925934,-1.057568175439826,-1.3494149777922488,-1.180714181827603,-1.2790083980134372,-0.9119061879000555
16397.0,2.036425756484071,-1.057568175439826,-1.429573739435958,-1.5819034176367013,-1.192682094770814,-1.0614709821535238
16398.0,-0.22657585213801415,-0.5566388957505917,0.4512774487452686,0.29026987702587737,0.4690650931924128,1.5206366523594192
16399.0,-0.87110162674557,-0.2012239156425293,-0.26253003535449404,-0.049024521181340666,0.6773698189974897,-0.35066443442361533
16400.0,-0.5082574869665015,0.9308016202790399,0.8704052218946452,0.9488948345400806,1.3211027551716024,0.29152425710799357
16401.0,-0.9570383966932442,2.0123938836412982,1.4484843761487873,1.6534012387837724,0.7794292983039648,0.11465748398972037
16402.0,0.3033675625393096,-0.5566388957505917,-0.8097291496883889,-0.788910154934063,0.21885305959242807,-0.8284661743647509
16403.0,0.5277580174026809,-1.057568175439826,-1.1689005368013592,-0.9503040176316452,-1.1145904545341814,-0.5750920371702075
16404.0,-0.6276141118938267,-1.057568175439826,-0.5149208129231666,-0.7414700156492805,-0.4753737252323317,0.6451406715452735
16405.0,0.48001536743175083,-0.5566388957505917,-1.2113374419334193,-0.6271817259242423,-1.9434376418968569,-1.574414950588342
16406.0,-0.87110162674557,-0.2012239156425293,-0.38881661762479125,-0.4165574754242254,0.9518604310556431,-0.5854836565543062
16407.0,-0.8997472167281281,1.4317308999682739,0.7968500285699553,0.7153674778450928,0.8501060275513096,-0.43451192733659005
16408.0,1.8597779515916295,-1.057568175439826,-0.9779129136676828,-0.5003653932570907,0.057680039452894044,-0.21873642521710027
16409.0,-0.7899391217949889,1.254937876118928,1.3107395489543963,1.3254119147841652,1.686916976256953,0.7270463625905665
16410.0,2.5424978461759293,-1.057568175439826,-1.3891675893773847,-0.22048970030448686,-1.6112230199551474,-0.9860788803275653
16411.0,-0.87110162674557,0.07445736048174284,-0.13176699656190535,-0.036091495921788945,0.9696086067184702,-0.49080835252222543
16412.0,-0.7040023518473147,0.29970536404670484,-0.3059125079419672,-0.3445065074655823,0.5607641505877349,-1.110822482546305
16413.0,-0.6896795568560358,-0.5566388957505917,-0.3974492251958497,-0.35597988038449385,0.21885305959242807,-0.06119276766489457
16414.0,-0.856778831754291,0.29970536404670484,-0.35849125782780467,-0.5799629434487835,0.2616110427421876,-1.2082464495712701
16415.0,-0.7517450018182449,-0.2012239156425293,-0.19061206636962427,0.0276002053098174,0.8501060275513096,-0.21687912568666687
16416.0,-0.832907506768826,0.9308016202790399,0.8460917648102634,0.9895912767429668,1.009584440939199,0.24627910194604205
16417.0,1.391899981876515,-1.057568175439826,-2.3040017607308725,-2.7904022884519986,-2.5113622892582645,-2.693028710998566
16418.0,-0.7469707368211519,0.29970536404670484,0.08866639558627844,0.09621890625607403,0.8568496217702717,-0.378386949526324
16419.0,-0.4223207170188274,0.8006346437359392,0.34150697223001536,0.23894713647380736,0.3153576561144396,-0.5347322011225482
16420.0,0.9287962771584934,-1.057568175439826,-1.7816233167561804,-0.916869308544028,-2.179147667316555,-1.718345184289502
16421.0,0.8333109772166333,-0.2012239156425293,-0.3916554103223665,-0.9007687263045723,-0.143159103290622,-0.5907604620203456
16422.0,-0.880650156739756,3.8932660290603605,3.02834491954982,3.2079509717954564,0.7867777069538352,0.9773110326880379
16423.0,-0.842456036763012,-1.057568175439826,-0.691640661521361,-0.49177170772481255,-0.6667842015304029,0.3154066879593719
16424.0,-0.049928047245572905,-0.5566388957505917,-0.5149046528618677,-0.5451042559620746,-1.1145904545341814,-0.27989350454796535
16425.0,0.48001536743175083,-1.057568175439826,-0.7875330833993069,-0.5865043663930697,-0.5466658071727737,0.1364851321051303
16426.0,-0.9522641316961511,1.0485519735441977,0.5147933324911187,0.6001194059265371,1.309589562375142,-0.5101154744147147
16427.0,0.2938190325451236,-0.5566388957505917,-0.950323049073828,-0.745644046063802,-1.2790083980134372,-1.0898138152765435
16428.0,1.0147330471061675,-0.2012239156425293,-0.25318943141120615,0.10889499293360552,0.8568496217702717,-0.33329089305410664
16429.0,-0.45574057199847845,-1.057568175439826,-0.8317536400305312,-2.5559214760687805,-2.179147667316555,0.05397589270694469
16430.0,-0.6896795568560358,0.6551203441547673,0.1482809841860269,-0.30264733214723183,-0.6247574474094066,-0.7156982136319952
16431.0,0.05510578269047324,-0.2012239156425293,-0.2704633913104526,-0.06369940688983751,0.15813328011056985,-0.3654199312338509
16432.0,-0.6562597018763847,-1.057568175439826,-0.8246270113174031,-0.37238662520105137,-1.2790083980134372,0.06727316346491312
16433.0,-0.828133241771733,-0.5566388957505917,-0.6163487148428103,-0.5389602151498709,-0.18999139653830796,-0.4687168851039382
16434.0,-0.82335897677464,1.254937876118928,0.7736308750587879,0.6495718533770212,0.8897593496354799,-0.2722289510342741
16435.0,1.482611016821282,-0.2012239156425293,0.07055097933000536,0.1455195683712627,0.8433064692551185,0.2692458427804327
16436.0,2.227396356367791,-0.2012239156425293,-0.7497028583146167,-0.5003653932570907,-0.09885955416899503,-1.255556316920116
16437.0,0.8571823022020983,-0.5566388957505917,-0.7909674116735567,-0.5931115333827922,-0.7110837506520298,-0.79357640805415
16438.0,-0.9331670717077791,0.29970536404670484,-0.09307382184380178,-0.03325171793457919,0.4582127216583458,-0.7159958027581599
16439.0,2.4852066662108134,-1.057568175439826,-0.7688750131077597,-1.2313089537736739,-1.192682094770814,0.17129842496418993
16440.0,-0.9236185417135931,0.4901498374805938,1.0364916355437166,0.9621189961646354,1.2740462610544514,1.1425467310098485
16441.0,-0.6419369068851057,0.29970536404670484,0.08193802329246141,-0.012335608607309917,0.37793325082309986,-0.39089232544249386
16442.0,-0.9522641316961511,0.29970536404670484,-0.013589139187737503,0.11457702987679434,1.3656028530819797,-0.5683879413174722
16443.0,1.5255794017951192,-1.057568175439826,-1.2330299680346435,-1.0622086921321432,-2.5113622892582645,-0.6947483915264605
16444.0,-0.7421964718240589,1.6569789035332354,0.9921669293087563,0.9092384991829162,1.3324564066676785,-0.33043200024768093
16445.0,-0.7994876517891749,0.07445736048174284,-0.31812901020425727,-0.3467852188694181,0.9926901914321936,-0.8369676398057251
16446.0,-0.9570383966932442,-0.5566388957505917,3.746589973019555,3.360480279304088,-1.9434376418968569,7.6684426193255915
16447.0,-0.31251262208568825,-0.2012239156425293,-0.16006890317740113,-0.28578980384625685,0.2753818218937108,-0.16004942173201842
16448.0,-0.016508192265921855,-0.5566388957505917,-0.6612827027137194,-0.6668182952182143,0.057680039452894044,-0.5523334578583837
16449.0,-0.016508192265921855,-0.5566388957505917,-0.17945848418630594,-0.18563985648921502,-0.03660110367654417,0.34487726943010927
16450.0,-0.24567291212638617,-0.2012239156425293,0.3618086820635254,0.21994559459112442,-0.12070997099915268,0.8118028286274978
16451.0,-0.5416773419461526,-0.2012239156425293,0.07771910155070982,0.0479471317157958,0.30224790327738865,0.28259407859207897
16452.0,2.05074855147535,-0.5566388957505917,-0.7210747620239146,-0.5865043663930697,-0.8604674728291044,-0.6635765357263385
16453.0,1.5733220517660491,-0.5566388957505917,-0.9194255661568603,-0.8209851787762878,-0.8075883471740417,-1.0323956993238854
16454.0,-0.7469707368211519,0.07445736048174284,-2.4034637936146463,-2.5559214760687805,-1.760606742132222,-4.6145988598527445
16455.0,-0.6562597018763847,1.1560496238440017,1.061819426955733,1.1605289439355868,0.7867777069538352,0.3798427059963422
16456.0,-0.4891604269781295,1.3464940972778903,1.3536269925633329,1.2558480874541338,1.3656028530819797,0.699968364138126
16457.0,0.07897710767593827,-1.057568175439826,-1.0544679650775746,-0.816306101501823,-1.192682094770814,-0.3615772111573446
16458.0,-0.9474898666990581,2.328585137071624,1.315565437934188,1.2752976908499183,0.6256046868143018,-0.4865971651943174
16459.0,2.5234007861875574,-1.057568175439826,-1.8125909806950269,-1.378005216237291,-1.6112230199551474,-1.77612641980947
16460.0,-0.828133241771733,-0.2012239156425293,-0.08160330452481442,0.38526870096102317,0.9025618299872694,-0.014023788884306844
16461.0,-0.11199349220778199,-0.2012239156425293,0.3806570020403963,0.4266652920889016,1.354702354315243,0.8469250866488413
16462.0,-0.6085170519054547,-0.2012239156425293,-1.358781840906784,-2.2070824407035254,-2.5113622892582645,-2.380944162777166
16463.0,-0.861553096751384,0.07445736048174284,0.3209822544144549,0.5713877795023701,0.4582127216583458,0.3514830601843614
16464.0,-0.866327361748477,-0.2012239156425293,0.25572003149851436,0.4399044719453387,1.042362494706519,0.6141393272611059
16465.0,1.0481529020858187,-0.5566388957505917,-0.14144872010369175,0.022413530817857196,0.057680039452894044,0.41570072236852373
16466.0,-0.7994876517891749,1.511464603952064,1.019575828600662,0.8498832416439126,1.293982574833385,-0.11263436929065358
16467.0,1.468288221830003,0.6551203441547673,0.8242459724727519,1.786006511279909,-0.8604674728291044,0.5411914796875621
16468.0,-0.6085170519054547,-0.2012239156425293,-0.10286263437889695,-0.17853267827610633,-0.07757674530912831,-0.05359177230027944
16469.0,-0.8472303017601049,0.29970536404670484,-0.08810867117543172,-0.2513414648567622,1.1189923288955452,-0.70677751086801
16470.0,-0.7135508818415008,1.1560496238440017,0.7011861759284619,0.6619901973530721,1.5577649504513331,-0.29086714845213174
16471.0,0.35111021251023966,0.07445736048174284,0.19305513862069495,0.20925580488600776,0.10944517163608153,0.11333878046579886
16472.0,1.1102183470480278,-0.5566388957505917,-0.10097221475874389,-0.43196617100258916,-0.05683280004799887,0.49112595268636655
16473.0,-0.17405893716999107,0.07445736048174284,-0.4713759761920283,-0.32655569715734933,-0.3788691287103198,-1.12127689835913
16474.0,-0.9283928067106861,0.6551203441547673,0.49405889104741996,0.4095517639475425,1.4043746575895693,-0.07325943489440134
16475.0,-0.5416773419461526,0.07445736048174284,-0.3675274417921638,-0.2775204170536632,-0.4753737252323317,-0.9286506251374604
16476.0,1.1006698170538416,-1.057568175439826,-0.6829489023720346,-0.6271817259242423,-0.44192654764477163,0.33162426844855
16477.0,-0.6562597018763847,1.1560496238440017,1.0793435234965116,1.0760291394416295,1.1663663359298055,0.4124595422665873
16478.0,-0.842456036763012,-0.2012239156425293,-0.7235991925308805,-0.5090729057452075,-0.8075883471740417,-1.2071475944346681
16479.0,-0.914070011719407,-0.5566388957505917,-0.7919652603074688,-1.022752397493591,-0.143159103290622,-0.7954321071217754
16480.0,-0.5989685219112687,-1.057568175439826,-0.11964770024981064,-0.04468518145406716,0.15813328011056985,1.382663813852426
16481.0,2.2942360663270933,-1.057568175439826,-0.4984184938768196,-0.5799629434487835,-0.7579160438997158,0.6759316406453517
16482.0,-0.8854244217368491,-1.057568175439826,-1.0136303562280422,-0.2242679151969771,-0.6667842015304029,-0.28538006888446066
16483.0,-0.04515378224847989,-1.057568175439826,-1.3414458958356508,-1.5671295918148718,-0.6247574474094066,-0.8970370197793531
16484.0,-0.131090552196154,-0.5566388957505917,-0.5804442054660041,-0.5832255187891728,-0.409791367250838,-0.4018932702151065
16485.0,-0.5941942569141756,0.29970536404670484,0.6616340260655769,0.5657155477490082,0.8897593496354799,0.6878363514818017
16486.0,1.6067419067457003,-1.057568175439826,-1.367423866247661,-1.9535450018021403,-1.3755129945354494,-0.9455082002232932
16487.0,1.7929382416323274,-0.5566388957505917,-1.0509121191031912,-0.7169675181253394,-0.32031979307342545,-1.2766699872177603
16488.0,-0.8042619167862679,-0.2012239156425293,-0.43005017134119106,0.26375791422932937,-0.32031979307342545,-0.6621215459540337
16489.0,0.8524080372050054,-0.5566388957505917,-0.7851741213737347,-1.6612051713861486,-1.760606742132222,-0.7828024585558555
16490.0,1.1197668770422138,-1.057568175439826,-1.06465120364965,-0.9560456050601144,-0.9169962351303879,-0.3805776791116293
16491.0,-0.7374222068269658,-0.5566388957505917,0.37475501110308435,0.5104786451310153,0.579819476229692,1.3779449411918727
16492.0,1.6210647017369793,-1.057568175439826,-0.6144154958048645,-0.47769391964063307,-0.4753737252323317,0.4594978114340101
16493.0,-0.5798714619228966,0.6551203441547673,0.6112663643903808,0.9236068098802609,0.4903479020522795,0.1447667712959351
16494.0,0.4561440424462858,-1.057568175439826,-0.06821167240057832,0.2141363587182859,0.09255092212907612,1.4786360914267747
16495.0,-0.9474898666990581,-0.2012239156425293,-0.24230905376669434,-0.2592860640408197,0.5007855218324396,-0.31305248125059715
16496.0,-0.9188442767165,0.4901498374805938,0.6751725605752293,0.8450588911404592,0.8501060275513096,0.4695108027692599
16497.0,-0.7230994118356868,2.0123938836412982,1.4321817511329802,1.2048703642718086,1.4112311166165263,0.08433760551239888
16498.0,-0.1931559971583631,-0.5566388957505917,-1.5706894535842486,-1.552680491898286,-0.8075883471740417,-2.2397822118481163
16499.0,0.7569227372631452,0.8006346437359392,0.7475822024077707,0.6761076001729854,0.7338985812987724,0.22019122465104124
16500.0,-0.9379413367048721,0.9308016202790399,-0.05329662546294477,-0.15254480516260224,-0.44192654764477163,-1.4228483491493114
16501.0,0.8667308321962843,-1.057568175439826,0.19380790030321834,0.1667623723242485,1.1845746868770388,1.9675271705581168
16502.0,1.9982316365073267,-0.5566388957505917,-0.9002609011235367,-0.520865286176672,-0.016856965827270066,-0.9967762573956913
16503.0,-0.45096630700138546,1.1560496238440017,0.9898800448299001,0.7536995803142098,1.089194787954205,0.24596644278507376
16504.0,-0.842456036763012,-1.057568175439826,-0.4789440880777856,0.03017827756200417,0.47977559959369576,0.7122680989041185
16505.0,-0.8090361817833609,-1.057568175439826,-0.11194763546838617,0.11003533594598465,-1.760606742132222,1.397031034367771
16506.0,-0.866327361748477,-0.5566388957505917,-1.650003763240793,-1.597016901219535,-1.9434376418968569,-2.386252599829411
16507.0,1.7690669166468624,-1.057568175439826,-1.3244689636299765,-0.967681441239905,-0.09885955416899503,-0.8653604903478883
16508.0,2.045974286478257,-1.057568175439826,-0.9506492221594024,-1.0164005840055443,0.0024225606841520096,-0.16786627294166265
16509.0,0.4561440424462858,-1.057568175439826,-0.6561881691861656,-1.325384533344951,-0.9169962351303879,0.3815559723689108
16510.0,0.8142139172282613,0.4901498374805938,0.4808065365232603,0.4245503060873351,0.6518959929570478,0.10774252256899386
16511.0,-0.856778831754291,0.4901498374805938,0.47391024860478936,0.2997291421194089,1.3974603374650032,0.09491128191939335
16513.0,-0.9379413367048721,0.07445736048174284,-0.02770154606362151,-0.11780575726598869,-0.18999139653830796,-0.2973503983795131
16515.0,-0.7135508818415008,1.0485519735441977,0.8978226908205321,0.7697656455404526,1.1979702234882976,0.20189995957332385
16516.0,-0.818584711777547,-1.057568175439826,-1.5655705107904303,-1.3890543432466802,-1.4849208824917954,-1.3152215230760071
16517.0,0.36065874250442564,-1.057568175439826,-1.2310106727834036,-1.0622086921321432,-0.7110837506520298,-0.6909806751521593
16518.0,-0.6705824968676638,0.07445736048174284,0.03861912889196069,0.0479471317157958,0.30224790327738865,-0.17400915425527003
16519.0,-0.842456036763012,0.07445736048174284,-0.5213978935819852,-0.7712605692098072,-0.214451185231064,-1.2140000609120132
16520.0,-0.07379937223103794,0.4901498374805938,0.6167256851736836,0.5011181512291656,1.4512069508372551,0.3607003718907664
16521.0,1.0195073121032605,-0.2012239156425293,0.1623599690029554,0.4813402064124605,1.3134452968899748,0.44022860578012535
16522.0,1.1197668770422138,-0.5566388957505917,-0.5307534729783713,-0.5451042559620746,-0.7579160438997158,-0.3093979563928712
16523.0,-0.9522641316961511,2.2461917041447332,1.8458336326853084,1.526974102091502,1.1800603940669612,0.5914097634914945
16524.0,1.1675095270131437,-0.5566388957505917,-0.7793337810772998,-0.4140241097389037,0.1422232254034017,-0.7719407208156184
16525.0,-0.9522641316961511,2.89421211019831,2.352733098329886,2.2264220963267634,0.8155295016493898,0.8151056330115765
16526.0,-0.14063908219034002,-0.5566388957505917,-0.16988302480301173,-0.3653049669732642,-0.26567674408401915,0.36271870026866954
16527.0,-0.5750971969258036,-0.5566388957505917,0.2184837159481988,0.24547001503700291,0.36579462773390486,1.0865772216420984
16528.0,-0.9427156017019651,-1.057568175439826,-0.9404599472967222,-0.685656477613488,-0.7110837506520298,-0.1488545421317169
16529.0,-0.05470231224266591,0.07445736048174284,0.5606449223006604,0.2736035487620163,0.5891834875500419,0.7978595485268917
16530.0,2.227396356367791,-1.057568175439826,-2.0914779218956294,-2.1695060660815124,-1.9434376418968569,-2.296489598148574
16531.0,-0.856778831754291,1.1560496238440017,0.665119146879802,0.8809362695220676,0.772014387314677,-0.3578788335993119
16532.0,-0.875875891742663,0.29970536404670484,1.6247659784925703,1.0856568913794817,-2.179147667316555,2.483175798392801
16533.0,-0.87110162674557,-0.2012239156425293,0.1253902602195823,0.14875007895945422,0.7940607955516648,0.3713722581562418
16534.0,2.1032654664433728,-1.057568175439826,-0.2561016685173639,-0.6972240648877613,-0.12070997099915268,1.1280602088252076
16535.0,-0.9379413367048721,-0.2012239156425293,0.048024341887701084,0.2033509066675296,0.37793325082309986,0.22729923486491158
16536.0,-0.4366435120101064,-1.057568175439826,-0.3625179822944366,-0.437183718880154,0.12599809971663617,0.929502574588982
16537.0,2.0984912014462798,-1.057568175439826,-2.5983917006664212,-1.378005216237291,-1.9434376418968569,-3.2423182695431207
16538.0,1.6210647017369793,-0.2012239156425293,-0.5969751470151279,-0.42678970660539517,-0.143159103290622,-0.9721828027205249
16539.0,-0.9474898666990581,1.0485519735441977,0.9223559124247196,0.4813402064124605,0.5510676815341373,0.2475484373181296
16540.0,1.0147330471061675,-1.057568175439826,-1.0634701475951367,-1.0038781562122157,-0.409791367250838,-0.37837399729104126
16541.0,2.5472721111730223,-1.057568175439826,-0.5463352927005367,-0.6780563053151835,-0.07757674530912831,0.5865257415222019
16542.0,-0.7040023518473147,-0.5566388957505917,-0.9036696494585434,-0.807046686715895,-0.9169962351303879,-1.0031120260068125
16543.0,1.8645522165887225,-1.057568175439826,-0.8127574989618868,-0.28164210818374913,-0.6667842015304029,0.08941997732454479
16544.0,1.5208051367980262,0.07445736048174284,-0.6310542885740026,-0.7712605692098072,-1.2790083980134372,-1.4171072176739568
16545.0,-0.17405893716999107,-0.5566388957505917,-0.19778508476899082,-0.27138593165366137,-1.4849208824917954,0.31073125408141106
16546.0,0.42749845246372775,0.29970536404670484,1.2654671822345482,1.4168633963052968,0.4690650931924128,1.8131727781317712
16547.0,1.6449360267224442,-1.057568175439826,-1.547902328993781,-0.985530707305215,-0.409791367250838,-1.2822552206898212
16548.0,1.8979720715683737,-1.057568175439826,-2.4216605366688335,-2.7904022884519986,-1.4849208824917954,-2.9125631730389623
16549.0,-0.914070011719407,2.478519633199459,1.896142017153107,1.7590214403222568,2.4347410638253337,0.42573860325424656
16550.0,-0.4414177770071994,1.7237759069352954,1.6294165049011327,1.5809338250541933,1.5227699344407197,0.7787395749069369
16551.0,-0.5034832219694085,0.6551203441547673,0.6457573064177334,0.9520676572132097,0.37793325082309986,0.20894568626443344
16552.0,0.19833373260326345,-0.5566388957505917,-0.6253205326783557,-0.5238467315670368,-0.7110837506520298,-0.48541343404695364
16553.0,-0.18360746716417709,2.4427071657996513,2.083003020699118,2.3116277237485923,1.2452944663588967,0.8134943794696458
16554.0,-0.7612935318124309,0.8006346437359392,0.8173524355015925,0.6673808227115547,0.7645317593062706,0.35003671456609275
16555.0,-0.7947133867920819,0.4901498374805938,0.5345000607059831,0.864147442787855,0.2753818218937108,0.2076563241257957
16556.0,-0.6419369068851057,1.6569789035332354,1.5610514832660114,1.4386613017764236,1.5404542627791502,0.7278022304088941
16557.0,-0.8472303017601049,-0.5566388957505917,-0.8385711020229315,-0.967681441239905,-1.0432983725937395,-0.8820952929693365
16558.0,-0.9570383966932442,2.612211415605459,1.9248800380203106,1.823127740813413,1.7963248642132992,0.3307023349103893
16559.0,0.9335705421555864,-1.057568175439826,-1.179021940164589,-1.356448938107596,-0.7110837506520298,-0.5939771294612587
16560.0,-0.832907506768826,0.8006346437359392,0.8677111068703607,0.7838151166198979,0.9754402475100741,0.4437758860965379
16561.0,-0.9331670717077791,-0.5566388957505917,-0.4125760337201944,-0.45308951689286464,-0.29254282546769667,-0.08936279971265375
16562.0,1.315511741923027,-1.057568175439826,-1.0032153295133424,-0.40150168194557495,-0.16624068800434505,-0.26594711737939297
16563.0,-0.7040023518473147,0.4901498374805938,1.1330372934503417,1.095909069238095,0.21885305959242807,1.322468955637756
16564.0,1.7547441216555835,-1.057568175439826,-1.6699271862767293,-1.6283279417313867,-1.6112230199551474,-1.509936166591326
16565.0,0.7760197972515173,0.07445736048174284,-0.11615343759428046,-0.548197944409192,-1.3755129945354494,-0.46178938454482116
16566.0,-0.8901986867339421,0.29970536404670484,-0.28044092851733954,-0.19463326051556207,-0.8604674728291044,-1.06360841847076
16567.0,-0.03560525225429388,-0.5566388957505917,-0.03510744521571108,0.46957713266706547,-0.16624068800434505,0.6138718558841958
16568.0,1.0815727570654696,-0.5566388957505917,0.08318202512745812,-0.18742872176115524,-1.6112230199551474,0.834348551254464
16569.0,-0.9474898666990581,0.29970536404670484,0.33734524854295195,0.46428076902062443,-0.34907158776898006,0.0840940428273869
16570.0,-0.8901986867339421,1.8474233769671247,1.5073054895028453,1.4293858240986261,0.8084355865789369,0.41066472557798145
16571.0,-0.832907506768826,1.0485519735441977,1.1058950898383444,1.3323705618395234,1.0369897405538206,0.589181876655791
16572.0,-0.35548100705952534,-0.2012239156425293,0.07520277410552456,0.057889212795466646,-0.03660110367654417,0.2779082283338737
16573.0,-0.5560001369374316,-0.5566388957505917,-0.22554088995452562,-0.19826535584174043,-0.03660110367654417,0.25901921054728894
16574.0,-0.6228398468967337,-0.2012239156425293,0.2574406470368305,0.47352158999126287,0.579819476229692,0.6173448230604878
16576.0,1.0433786370887257,-0.5566388957505917,-0.3720554568798755,-0.26935375822155644,-0.214451185231064,-0.013900463547679941
16577.0,2.222622091370698,-1.057568175439826,-0.6248118200882172,-0.807046686715895,-0.4753737252323317,0.4400997559931922
16578.0,2.026877226489885,-1.057568175439826,-1.258261586036119,-0.985530707305215,-1.192682094770814,-0.7418269850287713
16579.0,1.0720242270712836,-1.057568175439826,-0.8058403917782555,-0.9223250044342675,-0.8604674728291044,0.10232631084984788
16581.0,-0.08812216722231696,-1.057568175439826,-1.537210937912147,-0.8448935437864052,-1.192682094770814,-1.2623066127695108
16582.0,-0.4223207170188274,-1.057568175439826,-0.7621838828886696,-0.712971107144618,-1.4849208824917954,0.1837831177665758
16583.0,0.8237624472224473,-0.5566388957505917,-0.7988452868221264,-0.7583275439502549,-0.6667842015304029,-0.8082266596289919
16584.0,-0.5798714619228966,0.29970536404670484,0.8926387745788716,0.8983382273835367,0.30224790327738865,1.1182149450823526
16585.0,1.8741007465829087,-0.5566388957505917,-0.7010671011016407,-0.7669212294825337,-0.7579160438997158,-0.6263552750474957
16586.0,0.22697932258582149,-0.2012239156425293,0.3410560980731007,-0.22048970030448686,-0.34907158776898006,0.7731335506676182
16587.0,0.14581681763524038,-1.057568175439826,-0.999110316981815,-1.2581456424754653,-0.9169962351303879,-0.25828775061653353
16588.0,0.8810536271875634,0.07445736048174284,0.28948798143697957,0.3897510427468806,0.3409641798752045,0.2928455856124115
16589.0,-0.6228398468967337,0.07445736048174284,-0.28312676245210505,0.06280443256558357,-0.05683280004799887,-0.7719841665007241
16590.0,0.9526676021439585,-0.5566388957505917,-0.2907246692845889,-0.4639112852343134,-0.3788691287103198,0.13758686083204757
16591.0,-0.6323883768909196,-1.057568175439826,-1.0370630567968875,-1.612486028620509,-1.1145904545341814,-0.32910213952921713
16592.0,-0.9427156017019651,2.2461917041447332,1.5424856969294785,1.592864012336975,1.3473539456653725,0.026997290741323586
16593.0,-0.7183251468385938,0.8006346437359392,0.11762159910492836,-0.1680139325635762,0.24760485428798198,-0.950140540682723
16594.0,-0.6037427869083617,-1.057568175439826,-1.1546114365338025,-1.325384533344951,0.189055518651088,-0.5484306180344739
16595.0,-0.6705824968676638,0.29970536404670484,0.4727931586640838,0.6600189587492851,1.6917795547565888,0.3361894583109425
16596.0,-0.8854244217368491,0.07445736048174284,-0.48962855202338096,-0.6521270116253584,-0.4753737252323317,-1.1551156824124083
16597.0,-0.9427156017019651,-1.057568175439826,-1.6520502147375369,-0.6377568748440309,-1.3755129945354494,-1.4765802923823557
16598.0,0.40362712747826274,-1.057568175439826,-1.312878611524326,-1.240133349110671,-1.1145904545341814,-0.8437345496215086
16599.0,0.8810536271875634,-1.057568175439826,-1.1880484189542242,-0.7332006288566868,-0.9777160146122458,-0.6108192489666192
16600.0,-0.9427156017019651,1.3464940972778903,0.6184030474619535,1.0528194010453993,0.7493583243307705,-0.6670916626991228
16601.0,-0.7660677968095239,-0.2012239156425293,-0.2112270926552081,-0.14410556755345874,0.2889249744088639,-0.25523229224507243
16602.0,-0.7899391217949889,-0.5566388957505917,-0.12522157689770358,-0.08328000334684735,-0.09885955416899503,0.4459382411705743
16603.0,-0.6037427869083617,-0.5566388957505917,-0.4538878023982096,-0.009596406386841285,-0.16624068800434505,-0.16629003520088473
16604.0,1.7260985316730253,-0.5566388957505917,-0.5322584388974836,-0.6705429940306544,-1.1145904545341814,-0.31219955102768404
16605.0,2.4947551962049994,-1.057568175439826,-1.9337689564287432,-0.7979158790770093,-2.5113622892582645,-2.00222720576251
16606.0,0.9669903971352375,-0.5566388957505917,-0.668172183149875,-0.7800261334955506,-0.7579160438997158,-0.5651526728791438
16607.0,-0.875875891742663,2.111282135916225,1.3175772671709955,1.4510754641482027,1.3134452968899748,-0.2399138861907738
16608.0,1.2057036469898879,-0.5566388957505917,0.24904126969859117,0.1498233976987674,0.6518959929570478,1.1435480495344077
16609.0,-0.8901986867339421,0.6551203441547673,1.2902328472801377,1.0528194010453993,1.0582725494136873,1.4093216427628288
16610.0,0.08375137267303129,-1.057568175439826,-1.775418468752436,-1.3054615668176395,-1.4849208824917954,-1.7067678246094837
16611.0,-0.07379937223103794,0.4901498374805938,0.48387853154368704,0.3837677697569936,0.579819476229692,0.11345839127261402
16612.0,-0.8042619167862679,0.9308016202790399,0.912645249785274,0.7020768056851705,0.7416649150137341,0.37013857290410007
16613.0,-0.6276141118938267,-1.057568175439826,-0.27587479173346435,-0.33322994313103943,-0.26567674408401915,1.091166386553982
16614.0,-0.08812216722231696,-0.2012239156425293,0.18688898914033333,-0.21860870450964712,-0.09885955416899503,0.4859175272142937
16615.0,2.026877226489885,-1.057568175439826,-0.8144972443203297,-0.548197944409192,-0.6247574474094066,0.08617386110152336
16616.0,-0.8901986867339421,-0.5566388957505917,-0.4277279926199174,-0.18030228252576944,-0.2396636998126339,-0.1175785080744108
16617.0,0.1649138776236124,-1.057568175439826,-1.2802222568750687,-1.0970002800952623,-1.6112230199551474,-0.7828024585558555
16618.0,-0.813810446780454,0.29970536404670484,0.7665940874794036,0.675625806394148,0.5110918473134085,0.8833588547207165
16619.0,0.2985932975422166,0.07445736048174284,0.5429303953376854,0.5073732658008356,0.7260579274719773,0.764857199887985
16620.0,-0.9427156017019651,0.4901498374805938,0.4732744544011521,0.5617156631171545,0.5007855218324396,0.09372834006820648
16621.0,-0.7135508818415008,0.07445736048174284,-0.07961820437291448,-0.3134071072233412,-0.5102446079085138,-0.3938764832477467
16622.0,1.6353874967282582,-1.057568175439826,-0.9983174811902391,-1.5671295918148718,-0.9777160146122458,-0.2568084323285229
16623.0,0.21265652759454245,0.07445736048174284,0.07919642889944924,-0.06369940688983751,0.03967179647401301,-0.09852695923741245
16624.0,-0.5750971969258036,-0.5566388957505917,-0.08218664375793872,0.0012476758898576639,0.03967179647401301,0.5261334385710481
16625.0,0.35111021251023966,0.29970536404670484,0.4291746884575157,0.5086171783418733,0.5412550843430992,0.2549940201040875
16626.0,-0.9570383966932442,1.6569789035332354,1.1331250860534872,1.1223285468824769,0.579819476229692,-0.06847342096670482
16627.0,-0.5846457269199896,-1.057568175439826,-0.7415454890386873,-0.7209883721386089,-0.5847816131886778,0.22229141139035685
16628.0,-0.818584711777547,0.6551203441547673,0.671262772183598,0.6240084623947109,0.5607641505877349,0.25641023138559976
16629.0,-0.6085170519054547,-0.5566388957505917,-0.5728184751646053,0.002590694910158375,0.2616110427421876,-0.3876995820002675
16630.0,0.9813131921265165,-1.057568175439826,-1.5307918513345184,-1.2490778079274656,-1.760606742132222,-1.2503295145260833
16631.0,1.3393830669084918,0.6551203441547673,0.5257762567967845,0.3048319432769277,0.07530097820695623,-0.01427047364029254
16632.0,1.3584801268968638,-0.5566388957505917,-0.5767356928092533,-0.4216536837493171,-0.5102446079085138,-0.3949907023876874
16633.0,-0.880650156739756,0.4901498374805938,0.8277228060744084,0.5571143664203038,0.8155295016493898,0.7535989919873014
16634.0,0.10284843266140331,0.4901498374805938,0.427342624543268,0.6224425841272715,0.43606699321124226,0.00827681684488496
16635.0,0.9813131921265165,-1.057568175439826,-0.46808323819798603,-0.3700175863065536,-0.409791367250838,0.7325328927255373
16636.0,1.1293154070363998,0.07445736048174284,1.0262010336725016,0.9859939622577959,0.3153576561144396,1.6655573126793752
16637.0,-0.8090361817833609,0.07445736048174284,0.17133401488153346,0.4224284938684444,0.36579462773390486,0.07291365260633795
16638.0,-0.852004566757198,1.511464603952064,0.6902044153187952,0.7919413953910722,0.9151673412720975,-0.7243105432778476
16639.0,-0.813810446780454,0.07445736048174284,0.4687957431498411,0.2841786976818049,0.47977559959369576,0.6267575876266898
16640.0,0.9383448071526794,-1.057568175439826,-1.1613026299688753,-0.788910154934063,-0.9169962351303879,-0.5609154287888497
16641.0,-0.45574057199847845,-0.5566388957505917,-0.3542285961697338,-0.046128447855481106,-0.12070997099915268,0.019301393106596506
16642.0,-0.9379413367048721,-0.2012239156425293,0.12183257492280165,0.3048319432769277,0.1422232254034017,0.3647463831626624
16643.0,0.21265652759454245,-0.5566388957505917,0.01100065761329232,0.08329358660197225,0.10944517163608153,0.6998069419456417
16644.0,-0.11199349220778199,-0.5566388957505917,-0.06195218878800761,0.3466773656150786,0.3153576561144396,0.5638422249471219
16645.0,2.5520463761701153,-1.057568175439826,-1.2412089178249546,-0.9333741314436567,-0.8604674728291044,-0.7100091430340074
16646.0,1.1818323220044227,-1.057568175439826,-0.20932449604275832,0.5178722478811003,-0.29254282546769667,1.2153397280375962
16647.0,-0.15018761218452603,0.07445736048174284,-0.3706927280209639,-0.13577329401288032,-0.32031979307342545,-0.9345242116559787
16648.0,-0.7565192668153379,-0.2012239156425293,-0.21568620084616266,0.021110443014004502,-0.09885955416899503,-0.2635278041832722
16649.0,1.5208051367980262,-1.057568175439826,-0.778423319206009,-1.164679055612675,-0.5847816131886778,0.1534826502719437
16650.0,-0.6180655818996407,0.6551203441547673,0.5346610325433222,0.7433464910424704,0.42476554407078576,0.002255206129049196
16651.0,1.8406808916032575,-1.057568175439826,-1.357735020003479,-1.3671387278127125,-1.4849208824917954,-0.9274301977024259
16652.0,-0.6801310268618498,1.5863629060023545,2.123643239389132,1.794233612541795,0.8767536468426793,1.8571633746858294
16653.0,-0.8854244217368491,-0.5566388957505917,0.20659192656268463,0.26825149004186777,0.37793325082309986,1.0644069587767757
16654.0,-0.28864129710022324,0.8006346437359392,0.351418019379651,0.1791861924313911,0.3409641798752045,-0.5163269599539609
16655.0,-0.875875891742663,1.3464940972778903,1.402422559725526,1.3728100473035127,1.8480029018364958,0.7908382778250299
16656.0,-0.856778831754291,2.328585137071624,2.0937034288566747,2.270596071269752,-0.5102446079085138,0.9607972102311814
16657.0,-0.914070011719407,0.07445736048174284,-0.027832687108992386,0.5524806374086468,1.0738795369554441,-0.2975942532428574
16658.0,0.7951168572398892,0.4901498374805938,-0.19673670421441597,-0.3700175863065536,0.12599809971663617,-1.1505733409650756
16659.0,-0.05947657723975892,-1.057568175439826,-2.2400652785038666,-1.2490778079274656,-2.179147667316555,-2.5737323719149257
16660.0,-0.8854244217368491,0.6551203441547673,0.5208440474853941,0.46627190910449795,-0.5847816131886778,-0.023444102764682742
16661.0,1.6162904367398863,0.07445736048174284,0.01845528020189481,-0.19102112185780132,0.1422232254034017,-0.2115131979610978
16662.0,0.9192477471643075,-1.057568175439826,-1.2839879361073412,-1.713825854278489,-0.32031979307342545,-0.7898286778742473
16663.0,2.5186265211904644,-1.057568175439826,-1.2209985608105602,-1.035643155251807,-2.5113622892582645,-0.6722995049774387
16664.0,1.7547441216555835,-1.057568175439826,-1.5149909428122093,-1.9535450018021403,-1.2790083980134372,-1.2208472772297876
16665.0,0.7664712672573312,-1.057568175439826,-1.3619314974714904,-1.378005216237291,-1.192682094770814,-0.9352602249660983
16666.0,-0.87110162674557,-0.5566388957505917,-1.0231152135078545,-0.20928361792087674,0.0024225606841520096,-1.22504560510633
16667.0,-0.6371626418880127,-0.5566388957505917,-0.3380327068080389,-0.4749141794238375,0.17374026765232672,0.04946691306271893
16668.0,-0.8901986867339421,1.3464940972778903,-0.03774551481520642,0.3031354066404214,-0.32031979307342545,-1.880327600801293
16669.0,-0.8472303017601049,-0.2012239156425293,0.28292623916127113,0.3890061048974271,0.9812306749482648,0.6648256835855714
16670.0,-0.880650156739756,1.8474233769671247,1.5626231095590264,1.4654375919682001,1.4736560831287242,0.5136262799382154
16671.0,-0.828133241771733,-0.2012239156425293,0.44556631941975683,0.38451866370704807,-1.9434376418968569,0.9678870623485964
16672.0,-0.9522641316961511,1.8474233769671247,1.5719256984873604,1.1561346464647109,-0.5102446079085138,0.5309428784996728
16673.0,2.2799132713358143,-1.057568175439826,-1.1949769534265762,-1.0690212668978847,-0.6247574474094066,-0.6237469041796753
16674.0,-0.6992280868502218,-0.5566388957505917,-0.7839034989311973,-0.6485049221221219,0.6075964438354208,-0.7804394071303502
16675.0,1.1484124670247717,-0.5566388957505917,-0.2872332869710574,-0.32655569715734933,-0.5466658071727737,0.14409059101269936
16676.0,-0.7994876517891749,0.4901498374805938,0.6846893438647578,0.4224284938684444,0.7493583243307705,0.4872300160436966
16677.0,1.0004102521148885,-0.5566388957505917,-0.022776558765764322,-0.04180811961136482,0.057680039452894044,0.636853235403268
16678.0,-0.9474898666990581,1.254937876118928,0.8820649652031314,1.0465440371965289,0.6344625252190986,-0.07067575318074046
16679.0,0.7855683272457032,-0.2012239156425293,-0.2258648803892314,-0.4450885145015486,-0.8075883471740417,-0.2824631604581188
16680.0,-0.7565192668153379,-0.2012239156425293,-0.0726303892049247,-0.1680139325635762,-0.44192654764477163,0.0026775203066968945
16681.0,-0.6132913169025477,0.6551203441547673,0.5368026363929203,0.7350330730665912,-0.5102446079085138,0.006238684319664391
16682.0,-0.9379413367048721,0.29970536404670484,0.08815052591034213,0.4979681328314894,-0.8075883471740417,-0.3793457627960975
16683.0,1.5876448467573283,-1.057568175439826,-0.7472190905184629,-0.6167740006598021,-0.6667842015304029,0.21170528180703635
16684.0,-0.9427156017019651,3.059182616872485,3.6494502537898112,3.529916739336946,1.1979702234882976,3.0502112469293867
16685.0,-0.6705824968676638,-0.5566388957505917,-0.7383612804772871,-0.13577329401288032,0.2889249744088639,-0.6957330202113109
16686.0,-0.7374222068269658,1.5863629060023545,1.2054338562406308,1.2799273408410394,2.090694581802127,0.14687958937364595
16687.0,0.9049249521730284,-1.057568175439826,-1.2535869752541957,-0.8116600921875174,-1.2790083980134372,-0.7331048293282997
16688.0,-0.9570383966932442,0.07445736048174284,0.23453957381853452,0.32895206785782466,0.17374026765232672,0.19055382405467072
16689.0,-0.5989685219112687,-0.5566388957505917,-0.5487536910179411,-0.2553017634706537,-0.9777160146122458,-0.3429056725711352
16690.0,-0.6180655818996407,0.07445736048174284,-0.6774960529375337,-0.5544293425508449,-0.9777160146122458,-1.503055667761722
16691.0,1.0338301070945395,-0.5566388957505917,-1.1635735670617617,-1.089893101882153,-1.0432983725937395,-1.485803902514551
16692.0,0.26039917756547254,0.07445736048174284,0.5341330596751624,0.3867662131844065,-1.9434376418968569,0.7484681374208308
16693.0,-0.6323883768909196,0.29970536404670484,0.18670056965600051,0.19739248900463324,1.0261373690197537,-0.1961309250001611
16694.0,2.4899809312079064,-1.057568175439826,-1.5897294760494787,-1.9029502298560697,-1.9434376418968569,-1.3602986998468614
16695.0,1.7213242666759323,-0.5566388957505917,-1.1132270885226505,-0.6377568748440309,-0.26567674408401915,-1.3923663471584349
16696.0,-0.31728688708278124,0.07445736048174284,-0.23173275296972407,-0.788910154934063,-1.3755129945354494,-0.6765407858105278
16697.0,0.1887852026090774,-1.057568175439826,-1.492238741043078,-1.879041864845952,-0.5847816131886778,-1.1783949200995847
16698.0,0.12194549264977533,-0.5566388957505917,0.5646767733515738,0.3577132436481219,-1.760606742132222,1.7321089809620205
16699.0,0.8524080372050054,0.6551203441547673,0.0644719051848247,0.1791861924313911,0.15813328011056985,-0.8711895643425176
16700.0,-0.9188442767165,2.111282135916225,1.6308145812511499,1.7165933272082934,1.489322756853159,0.3425577105579609
16701.0,-0.9188442767165,2.15790818322247,1.7140331507302753,2.050749791836594,1.0530034504034316,0.4450551346112617
16702.0,1.0195073121032605,0.07445736048174284,0.14370666948159103,0.23046434030365395,0.5607641505877349,0.021501061842344668
16704.0,1.9886831065131407,-0.5566388957505917,-0.22494728714564455,-0.07719285261812606,0.1422232254034017,0.2601251252432479
16705.0,-0.9570383966932442,2.7328382395924047,2.7752176847090744,2.5126195749872555,1.831817840797172,1.7808487118572494
16706.0,-0.7851648567978959,-0.2012239156425293,-0.3847748048469201,-0.4398081039294526,0.7645317593062706,-0.5779705174548443
16707.0,0.9478933371468654,0.07445736048174284,-0.3820033308930117,-0.13577329401288032,0.3409641798752045,-0.9555112894538126
16708.0,-0.7421964718240589,-1.057568175439826,-0.23311722077095254,-0.3513664749128713,-0.34907158776898006,1.170945903760234
16709.0,-0.5560001369374316,1.4317308999682739,1.6488862189690292,1.2488319314054908,1.3436548781077107,1.1509005730902442
16710.0,-0.87110162674557,1.9598138796697315,1.3440475069712656,1.4110629340833298,2.0786893549749723,-0.020242881144165285
16711.0,-0.9474898666990581,0.9308016202790399,0.8240759391565106,0.5984955082334802,-0.3788691287103198,0.20531319454682537
16712.0,-0.9188442767165,1.3464940972778903,1.1032103234506685,0.9514343165266532,1.5995061697820732,0.23384186709203042
16713.0,-0.87110162674557,2.4058255130307287,1.9673619878210984,1.8771319093770311,2.0786893549749723,0.6392820169947315
16714.0,0.08375137267303129,0.07445736048174284,0.3577969027604974,0.3482653074059812,0.6604755694904836,0.4200330985165484
16715.0,-0.5894199919170826,-0.5566388957505917,-0.2678931708646573,0.5775712226090391,-0.34907158776898006,0.18011819766494888
16716.0,0.3129160925334956,-0.2012239156425293,0.6171595741477759,0.41171547708604483,-1.3755129945354494,1.287719558762145
16717.0,-0.8472303017601049,1.4317308999682739,1.4287873747853306,1.225028057785849,1.5227699344407197,0.7409162728262261
16718.0,0.7998911222369822,0.29970536404670484,0.857687169606841,0.9021056163860496,0.8701725506387965,1.0530848045972356
16719.0,-0.8901986867339421,1.4317308999682739,0.9696047453219525,1.035206759020134,1.2820790908109065,-0.11351869670392953
16720.0,-0.837681771765919,-0.2012239156425293,-0.12954391612277608,-0.03751599828153477,0.9151673412720975,-0.10324691534493827
16721.0,0.28904476754803055,-1.057568175439826,-0.8121214627284248,-0.6818454084952281,-0.09885955416899503,0.09060673004433242
16722.0,-0.880650156739756,1.9598138796697315,1.5767271216958736,1.8375237988403301,1.0039916405726501,0.412593253536611
16723.0,-0.5273545469548736,0.07445736048174284,0.21756428100013622,0.44403047449611055,0.7645317593062706,0.15895637018992406
16724.0,0.9717646621323305,-1.057568175439826,-1.301665952117873,-1.2766653905793108,-0.7110837506520298,-0.8228133294981935
16725.0,0.48001536743175083,1.4317308999682739,0.4438648949168484,0.23800999079579488,1.4214094098959151,-1.0891529412027718
16726.0,-0.837681771765919,0.6551203441547673,0.587944852240799,0.6560586601353935,1.0315815224206653,0.10137621711784976
16727.0,0.7760197972515173,0.07445736048174284,0.29812211378248804,0.5141858405665771,1.0738795369554441,0.308920454912993
16728.0,-0.7421964718240589,0.07445736048174284,0.1021556654880642,0.2102348185915852,1.33620626251436,-0.05581240470034495
16729.0,-0.780390591800803,1.9048962333414947,1.484858763753947,1.6183953385626446,1.393981172694407,0.30374942026648355
16730.0,-0.7135508818415008,-0.2012239156425293,-0.14446086015398163,0.4682570366777099,0.4690650931924128,-0.13100596129824202
16731.0,2.131911056425931,-1.057568175439826,-1.1984455234947193,-0.8954883157324756,-0.03660110367654417,-0.6302187602557636
16732.0,-0.8090361817833609,0.07445736048174284,1.1289740978451124,1.0511881158862906,1.2618473944394515,1.8571763322224926
16733.0,1.5685477867689561,-1.057568175439826,-0.8971434941862619,-0.9618377798135903,-0.9777160146122458,-0.06803223070365062
16734.0,-0.7135508818415008,-0.2012239156425293,-0.24396884911730543,-0.22616519669220447,0.03967179647401301,-0.31613990059744557
16735.0,-0.5846457269199896,1.4317308999682739,1.379052478811164,1.4213741959432902,1.1709564996008697,0.6483051168974759
16736.0,1.453965426838724,0.29970536404670484,0.8457715634018822,0.504253148022811,0.8225625239939895,1.0308817671198947
16737.0,-0.7087766168444078,-0.5566388957505917,-0.0607325619820955,0.11003533594598465,-2.5113622892582645,0.5661151538025743
16738.0,0.4609183074433788,-1.057568175439826,-3.771220789874901,-3.158297950335421,-2.5113622892582645,-5.430649748535166
16739.0,-0.11676775720487499,-0.5566388957505917,-0.10385527923547173,-0.14410556755345874,-0.18999139653830796,0.4857533756117742
16740.0,0.9240220121614005,-1.057568175439826,-0.9935472874938965,-0.9735775128852286,-0.26567674408401915,-0.24790793256888546
16741.0,2.022102961492792,-1.057568175439826,-1.186975717917874,-1.172647729928363,-1.0432983725937395,-0.6088177421256039
16742.0,-0.7374222068269658,1.4317308999682739,0.8067095906349225,1.0892633683494835,0.15813328011056985,-0.4162009687853274
16743.0,-0.82335897677464,1.4317308999682739,1.0996898841256555,1.3330801221693882,0.8364500102281615,0.12838324874961207
16744.0,-0.9092957467223141,0.6551203441547673,0.2519833676799175,0.3240337837076536,1.2577404080340233,-0.5231656479613421
16745.0,-0.5464516069432456,1.6569789035332354,1.4824019441698109,1.7239717164642725,1.0206567996063762,0.581362436962518
16746.0,-0.9379413367048721,2.7328382395924047,2.1436554552735076,2.099702682544864,1.811126284811443,0.6042211909697719
16747.0,-0.780390591800803,-0.5566388957505917,-0.05999492136195816,0.11796282748160518,-0.16624068800434505,0.5674898426615543
16748.0,-0.875875891742663,1.4317308999682739,0.9944287982554463,0.9680150678099597,0.21885305959242807,-0.0673683450241996
16749.0,1.8597779515916295,-0.5566388957505917,1.0903864155979484,0.8973069995927909,0.189055518651088,2.7126603211150804
16750.0,-0.7469707368211519,0.29970536404670484,-0.2697166198575064,-0.5389602151498709,0.4582127216583458,-1.043726604575338
16751.0,-0.813810446780454,-1.057568175439826,0.4756313997987732,0.49225978221800204,-0.44192654764477163,2.4933695470309205
16752.0,0.8189881822253543,-1.057568175439826,-1.057421744281306,-1.435207155173084,-1.192682094770814,-0.3670885410458967
16753.0,-0.6849052918589428,-1.057568175439826,-1.0030238770860538,-0.6202249670189166,-0.16624068800434505,-0.26558989450930903
16754.0,0.8142139172282613,2.2880751597655706,3.0686688045894144,3.201015555375954,-0.07757674530912831,2.823602770479987
16755.0,-0.4175464520217344,0.6551203441547673,0.8231250106082282,0.9226144963608365,1.3399390346760849,0.5391042916635392
16756.0,0.06465431268465925,0.6551203441547673,0.26325023664914227,0.24454212838783287,0.3409641798752045,-0.5022396333763784
16757.0,0.561177872382332,-0.5566388957505917,-0.8680127937456897,-0.6521270116253584,-0.9169962351303879,-0.936831740224297
16758.0,-0.6514854368792917,-1.057568175439826,-0.6451756565993754,-0.5734859690690123,-0.5102446079085138,0.4021037471284312
16759.0,-0.9236185417135931,-0.2012239156425293,-0.10079978017267918,0.1465981700599754,-0.03660110367654417,-0.04975250506450258
16760.0,1.0911212870596556,-1.057568175439826,-0.9901235029851565,-0.6972240648877613,-0.7110837506520298,-0.24151963994662667
16761.0,-0.49870895697231554,-1.057568175439826,-0.7553738013911216,-0.23380955703164844,-0.9169962351303879,0.19648975665600077
16762.0,-0.866327361748477,-0.2012239156425293,0.20338008903379196,-0.009596406386841285,0.15813328011056985,0.5166361257001275
16763.0,-0.01173392726882885,-0.5566388957505917,0.04259073358106286,0.0066033680912695215,0.03967179647401301,0.7586871758585579
16764.0,-0.9427156017019651,1.3464940972778903,0.8044205993221781,0.6203489276386059,1.3018232286601803,-0.3217041174804307
16765.0,0.4418212474550068,-0.5566388957505917,-0.49625812839669486,-0.29416453597707787,0.17374026765232672,-0.24517892302854782
16766.0,0.3415616825160536,-0.5566388957505917,0.16580411832032635,0.06280443256558357,-0.7110837506520298,0.9883672053760011
16767.0,-0.813810446780454,1.511464603952064,1.5649968236738787,1.7604112109373635,1.3018232286601803,0.9024021204912328
16768.0,-0.7326479418298728,0.9308016202790399,0.4482312594040528,0.3039842222287092,0.7645317593062706,-0.4933993036226691
16769.0,0.27949623755384456,0.07445736048174284,0.14770998465590776,-0.3287729255046244,0.47977559959369576,0.02895063100324657
16770.0,-0.6849052918589428,0.9308016202790399,0.48138328625055016,0.5055029726992503,1.2740462610544514,-0.43182559774759754
16771.0,-0.8042619167862679,1.0485519735441977,1.0535175439577638,1.0216805365033332,1.6049143879152283,0.4916670988375233
16772.0,1.0577014320800047,-0.2012239156425293,1.0063058987041635,0.22570394599255914,0.20408973995326918,2.0132901819491975
16773.0,-0.6896795568560358,-0.2012239156425293,-0.551061292596656,-0.43196617100258916,0.189055518651088,-0.8869311160622734
16774.0,-0.6371626418880127,0.8006346437359392,0.3906310944413793,0.3039842222287092,0.6075964438354208,-0.44349505313808646
16775.0,-0.914070011719407,1.5863629060023545,0.8120621873516802,0.44334460319571367,0.9275818525974744,-0.5841047660998794
16776.0,-0.6753567618647568,-0.5566388957505917,-0.30673420544579716,-0.0741702836991678,0.7416649150137341,0.10776504434503141
16777.0,-0.5798714619228966,0.29970536404670484,0.2521332084149518,-0.023407998035335442,0.8832823034758474,-0.07443708327078648
16778.0,-0.6085170519054547,-0.5566388957505917,-0.9360000110515048,-0.6031484853164844,-0.7579160438997158,-1.0631979387444412
16779.0,-0.9522641316961511,3.014252443019767,2.572571846136684,2.421351833566981,1.5775090883006069,1.0921348143479015
16780.0,-0.4843861619810365,-0.2012239156425293,-0.30204626627424014,-0.21299779492920515,0.4472146763622555,-0.4241566859214726
16781.0,0.8142139172282613,-0.5566388957505917,-0.2707853171154292,-0.609925943093793,-0.12070997099915268,0.17473048284150597
16782.0,-0.914070011719407,2.612211415605459,1.6934368970955946,1.3874985646406726,2.128539486155009,-0.09972499630970738
16783.0,1.1245411420393068,-1.057568175439826,-0.6026503135446429,-0.7169675181253394,-0.409791367250838,0.48144996024496534
16784.0,-0.866327361748477,0.29970536404670484,-0.013307935517714259,0.009264940883848482,0.9637351616934668,-0.567865594786337
16785.0,0.9956359871177956,-1.057568175439826,-0.38150667382864833,-0.2899638342607784,-0.143159103290622,0.8940723897380682
16786.0,0.9192477471643075,-1.057568175439826,-2.042444102212274,-1.2490778079274656,-2.5113622892582645,-2.204999497727614
16787.0,0.9383448071526794,0.07445736048174284,0.08081164302417598,-0.020622368520814997,0.7181415173627237,-0.09552206115981857
16788.0,-0.37457806704789737,0.29970536404670484,0.5394437276395087,0.44881164161964987,1.7180198258579065,0.46028038063297827
16789.0,-0.9236185417135931,-1.057568175439826,-1.7288485351811935,-1.771027793214282,-1.6112230199551474,-1.6198749835755906
16790.0,-0.9427156017019651,0.4901498374805938,0.38055957355334025,0.40155665888417547,0.5984416885683977,-0.07874132803773448
16791.0,-0.82335897677464,1.511464603952064,1.0549746503166884,0.8777544035438949,1.8173888024768738,-0.046823806713474886
16792.0,0.3845300674898907,0.29970536404670484,-0.2702565152445827,-0.2673278472752866,0.6166500395156311,-1.0447275629527049
16793.0,-0.6896795568560358,-1.057568175439826,-0.9421286048282916,-0.788910154934063,-0.7579160438997158,-0.15196801862849693
16794.0,-0.9570383966932442,1.511464603952064,0.5840489762177284,0.7710174534371892,1.4314628129879807,-0.9211342221638547
16795.0,0.7807940622486103,-0.2012239156425293,0.5874338098578932,0.5995785522705271,1.6129603649036908,1.2323081418813944
16796.0,-0.5369030769490596,-1.057568175439826,-0.7806665375025498,-0.6306879080048051,-0.6667842015304029,0.14929712549451504
16797.0,0.9144734821672145,0.29970536404670484,0.4906323753148016,0.40155665888417547,1.5662850487754325,0.36940028563328303
16798.0,1.6831301466991884,-0.2012239156425293,-0.05563605376548475,-0.5670721856905674,0.9812306749482648,0.03431050163318613
16799.0,1.1006698170538416,-0.5566388957505917,-0.499366691163245,-0.7209883721386089,0.5313235436848637,-0.2509663307362107
16800.0,-0.9092957467223141,-1.057568175439826,0.17639624224974473,0.0479471317157958,1.0206567996063762,1.9350395048185363
16801.0,-0.18360746716417709,0.07445736048174284,0.4027663026712984,0.007935501438273034,0.43606699321124226,0.5037770437604084
16802.0,2.2799132713358143,-0.5566388957505917,-0.3188049611368215,-0.18207666304100728,0.10944517163608153,0.08528094286484462
16803.0,-0.6514854368792917,-1.057568175439826,-0.7207948171518639,-0.45041168189989716,-0.44192654764477163,0.2610091997859507
16804.0,-0.852004566757198,-0.2012239156425293,-0.37721220482386975,-0.44774471036475055,0.2753818218937108,-0.5639123248022659
16805.0,-0.131090552196154,0.29970536404670484,0.1310159035201833,0.5466421658031838,1.3172829716921783,-0.2996657615087913
16806.0,-0.4700633669897575,0.07445736048174284,-0.1263208796996676,-0.2055903071855897,0.38989466139460405,-0.48068661687728825
16807.0,-0.2790927671060372,0.4901498374805938,0.6084990986777986,0.7085265463781673,0.7569801660124958,0.34538656585226
16808.0,-0.4891604269781295,-0.5566388957505917,-0.8220935293531942,-0.596440186477966,-0.5466658071727737,-0.8514575807905886
16809.0,-0.852004566757198,0.9308016202790399,0.4603142806308887,0.530614279640257,0.8012797151341228,-0.47095885719819464
16810.0,-0.04515378224847989,-0.5566388957505917,-0.054886606593490796,-0.17676782464759178,-0.16624068800434505,0.57700989520609
16811.0,-0.9379413367048721,-0.5566388957505917,-0.36389144652957334,-0.013709501650298647,-0.3788691287103198,0.001304511925002044
16812.0,0.7616970022602382,0.07445736048174284,0.6937727627861378,0.5442921808815562,0.6856880840720535,1.0459153831277404
16813.0,-0.9236185417135931,1.0485519735441977,0.4283721082089783,0.738984115501056,1.4413943536462164,-0.6705423035832755
16814.0,-0.8949729517310351,2.547173051100936,1.846346476591944,1.508906802444469,1.4380971980002042,0.25676769641602093
16815.0,1.2057036469898879,-0.5566388957505917,-0.5774053383202494,-0.472146143411032,0.36579462773390486,-0.39623710438255927
16816.0,-0.4700633669897575,0.07445736048174284,-0.5582005865574613,-0.37715046910341965,-0.32031979307342545,-1.2821916210771143
16817.0,-0.9474898666990581,1.3464940972778903,0.7426577372818249,0.6936902025988185,0.7569801660124958,-0.43642985149368524
16818.0,-0.9092957467223141,1.1560496238440017,0.9353030076868122,0.9796509039897496,1.1430216778240823,0.14442530878325385
16819.0,1.2582205619579108,-0.5566388957505917,-1.1487243251789594,-0.4293728438455572,-0.7110837506520298,-1.4582489921977526
16820.0,-0.5034832219694085,-1.057568175439826,-0.4317607695337233,-0.30264733214723183,-0.3788691287103198,0.8003054286423874
16821.0,0.8619565671991913,-1.057568175439826,-1.488463569151735,-2.3347220766489754,-1.3755129945354494,-1.1713509888359024
16822.0,2.3133331263154653,-1.057568175439826,-1.153430144121582,-0.685656477613488,-1.0432983725937395,-0.5462264952041803
16823.0,0.12194549264977533,0.6551203441547673,0.6476688849814579,0.573079949244379,1.0261373690197537,0.21250289514161536
16824.0,-0.8854244217368491,-0.2012239156425293,-0.20151351173774812,-0.14578477046336633,-0.16624068800434505,-0.23716108657785526
16825.0,-0.7756163268037098,0.29970536404670484,0.5004629035985602,0.643020401255063,0.10944517163608153,0.38770232037941826
16826.0,-0.7183251468385938,-1.057568175439826,-0.7008367299685629,-0.7373223199867728,-0.5102446079085138,0.29824813838796016
16827.0,0.9144734821672145,0.29970536404670484,-0.602321677246531,-0.8902499805920427,-1.1145904545341814,-1.6593084692947278
16828.0,-0.5178060169606875,-0.5566388957505917,-1.3991825053653362,-1.378005216237291,-1.2790083980134372,-1.9225419046201255
16829.0,-0.21225305714673512,-0.5566388957505917,-0.4094999401506222,-0.5359095944469988,-0.409791367250838,-0.08363441039498647
16830.0,-0.7756163268037098,0.07445736048174284,0.2035344911268837,0.2370715072933765,0.3534734621303434,0.13284298190339625
16831.0,1.7356470616672115,-1.057568175439826,-1.638309931378201,-1.5111462029625293,-1.4849208824917954,-1.4509428871694632
16832.0,-0.08334790222522395,0.29970536404670484,-0.5572571377952771,-0.6557691682088246,-0.6247574474094066,-1.5760456019651012
16833.0,-0.9570383966932442,0.4901498374805938,0.698864488176652,0.3867662131844065,0.5891834875500419,0.5136235078734455
16834.0,0.12671975764686835,-0.5566388957505917,-0.008001843900513167,0.2919998979763777,0.021258840188633787,0.664389827247761
16835.0,-0.3507067420624323,0.4901498374805938,0.3380495728607405,0.011915781498928746,0.2616110427421876,-0.1577956219198026
16836.0,-0.7708420618066169,0.07445736048174284,-0.10756478347756186,0.06646687981964193,0.0024225606841520096,-0.4458256853334939
16837.0,-0.813810446780454,1.1560496238440017,0.89599708027932,0.7655756531426808,0.8701725506387965,0.07131036842450594
16838.0,-0.021282457263014865,0.07445736048174284,0.17451909264176213,0.028890505197628424,0.189055518651088,0.07884119669615366
16839.0,-0.9188442767165,2.789004439454805,2.277858700199045,2.065403264085913,0.9275818525974744,0.7919432612274856
16840.0,1.9170691315567456,-0.5566388957505917,-1.3388939884451307,-0.9333741314436567,-1.192682094770814,-1.8108791765437222
16841.0,-0.7851648567978959,1.254937876118928,1.063700468976636,1.291171866988398,1.2111502729297718,0.2671747660728192
16842.0,-0.47961189698394346,-0.2012239156425293,0.2364307866854384,0.2314122966060465,0.057680039452894044,0.5782044018332625
16843.0,-0.7565192668153379,2.5133231633305324,2.201853118835999,2.3898235188933845,1.641804184316852,0.9562112916841656
16844.0,1.7260985316730253,-0.5566388957505917,-0.28081400828630615,-0.3606258896987994,-0.3788691287103198,0.15604852746581427
16845.0,1.9886831065131407,-1.057568175439826,-0.9132899372320357,-0.701125605014462,-0.5847816131886778,-0.09815918604261224
16846.0,-0.7230994118356868,-0.2012239156425293,-0.05457173170602302,0.03912273637879819,0.09255092212907612,0.03629167301194845
16847.0,-0.7565192668153379,-0.5566388957505917,-0.2801728971903628,-0.4242166795172803,-0.09885955416899503,0.15724280917202826
16848.0,-0.7087766168444078,0.07445736048174284,0.31552692064005655,0.3090542287081792,0.4690650931924128,0.3413256765314467
16849.0,-0.06902510723394494,-1.057568175439826,-1.4212970143865946,-1.7514022289005018,-1.2790083980134372,-1.0460277959850195
16850.0,0.6327918473387271,-1.057568175439826,-0.7205580259924949,-0.4398081039294526,-0.6247574474094066,0.26145101825103
16851.0,-0.9427156017019651,-0.2012239156425293,-0.6992679857703277,-0.384361593491431,-0.7110837506520298,-1.1620163568919233
16852.0,-0.914070011719407,-0.5566388957505917,-1.313566811222738,-1.411725816863138,-1.192682094770814,-1.763949659583559
16854.0,1.0290558420974465,-0.5566388957505917,0.3141743957399363,0.4702361879421117,0.43606699321124226,1.2649869958672664
16855.0,-0.8472303017601049,-0.5566388957505917,-0.7292410376345201,-0.712971107144618,-0.6247574474094066,-0.6787677825149131
16856.0,-0.8901986867339421,-0.2012239156425293,-0.6665134638995265,-0.685656477613488,-0.7579160438997158,-1.1012470205547351
16857.0,1.1531867320218647,-1.057568175439826,-0.6779623993604296,-0.6972240648877613,-1.0432983725937395,0.3409283704790926
16858.0,0.7998911222369822,1.0485519735441977,1.11326150164045,0.7094427940272491,0.4690650931924128,0.6028976500288528
16859.0,-0.2695442371118512,0.6551203441547673,0.5407365123129931,0.8935119308537713,0.5891834875500419,0.013555964365590147
16860.0,1.2009293819927949,-0.2012239156425293,0.41010153464453847,0.16361938188286743,-0.143159103290622,0.9017948677664407
16861.0,-0.6753567618647568,0.29970536404670484,0.029005710421967344,0.15409923444239462,-0.05683280004799887,-0.48925618503868484
16862.0,1.6497102917195372,0.07445736048174284,-0.22692426970808915,0.03402652805370651,-0.16624068800434505,-0.6676093723610279
16863.0,-0.813810446780454,-0.2012239156425293,-0.061531097377511675,0.1791861924313911,0.021258840188633787,0.023337359527347844
16864.0,1.1102183470480278,-0.5566388957505917,-0.571733171564026,-0.35597988038449385,-0.7110837506520298,-0.38567948835603544
16865.0,0.9574418671410515,-1.057568175439826,-1.3857331981275618,-0.7414700156492805,-0.8075883471740417,-0.9796707970421868
16866.0,-0.28864129710022324,-0.2012239156425293,-1.05659620999186,-1.3671387278127125,-1.1145904545341814,-1.8237464669215318
16867.0,2.3324301863038372,-1.057568175439826,-1.7653794028179766,-1.3890543432466802,-1.4849208824917954,-1.688036362194205
16868.0,0.9192477471643075,-0.2012239156425293,-0.6162742638802534,-0.9618377798135903,0.09255092212907612,-1.0080088347247873
16869.0,-0.852004566757198,0.07445736048174284,-0.07641833628605975,0.11796282748160518,0.8012797151341228,-0.3879278486851181
16870.0,1.2773176219462827,-1.057568175439826,-0.5035218964372828,-0.367657053853687,-0.32031979307342545,0.6664094207620033
16871.0,-0.856778831754291,0.4901498374805938,0.809897370170121,0.6203489276386059,0.9213981094917513,0.7203975562016793
16872.0,-0.5941942569141756,0.4901498374805938,0.20686976767508194,0.5221470916226655,-0.9777160146122458,-0.40164064486139317
16873.0,-0.9379413367048721,1.254937876118928,1.9924288571412512,1.886289974038377,1.4544518741769774,1.9973858187165106
16874.0,0.8476337722079124,-1.057568175439826,-1.0492428556337694,-1.197150227452304,-0.2396636998126339,-0.3518279036220292
16875.0,-0.6419369068851057,1.1560496238440017,1.1034916205235434,0.959307555321843,1.089194787954205,0.45740851109190034
16876.0,0.9669903971352375,-1.057568175439826,-1.3587294635773237,-0.6485049221221219,-0.214451185231064,-0.9292856873016773
16877.0,-0.9045214817252211,0.4901498374805938,-0.05099866236253667,-0.040374296618126464,0.7867777069538352,-0.880413939355815
16878.0,-0.5607744019345245,-1.057568175439826,-2.980347970990389,-2.383441219414615,-1.9434376418968569,-3.954994087050708
16880.0,-0.813810446780454,0.8006346437359392,0.49507219274481806,0.40592967444430544,0.9151673412720975,-0.24942890650479124
16881.0,-0.6419369068851057,-1.057568175439826,-0.5330038207427498,0.1368264488855615,-2.5113622892582645,0.611400363080415
16882.0,-0.6419369068851057,-0.2012239156425293,-0.18206550947659156,-0.0909690685641968,-0.05683280004799887,-0.2009777797795833
16883.0,-0.06902510723394494,1.7871458800763362,0.6486179778634575,0.48263431624334213,1.0790164946748164,-1.11557966145102
16884.0,-0.780390591800803,0.07445736048174284,0.11750780713288543,0.04291913334944929,0.3409641798752045,-0.0272483025820914
16885.0,-0.8901986867339421,0.07445736048174284,-0.20322799754386442,-0.20191762957879816,0.8568496217702717,-0.6235913411672682
16886.0,1.2152521769840738,-1.057568175439826,-1.3693349075953816,-1.5111462029625293,-1.2790083980134372,-0.9490739302834971
16887.0,-0.7947133867920819,-0.2012239156425293,-0.231438761276963,-0.09251773260616844,0.6518959929570478,-0.29283188758498785
16888.0,0.9526676021439585,-0.2012239156425293,-0.5293670695257212,-0.793397596124442,0.03967179647401301,-0.846640780965218
16889.0,-0.030830987257200876,0.4901498374805938,0.73305553077998,0.7854484282222811,1.0992481910462715,0.577290118533553
16890.0,1.315511741923027,-0.2012239156425293,-0.8295956825413383,-0.4557783042066653,-0.7110837506520298,-1.403646292562715
16891.0,-0.9522641316961511,1.1560496238440017,0.46052598707807446,0.19137957286280066,1.686916976256953,-0.7377090216042681
16892.0,-0.9570383966932442,0.6551203441547673,-0.1333225132332414,-0.18563985648921502,0.8433064692551185,-1.2377025794485224
16893.0,0.7903425922427962,-0.5566388957505917,-0.9246123401105352,-0.9333741314436567,0.521270140592798,-1.0420351956279388
16894.0,1.434868366850352,-0.2012239156425293,0.26028823055408434,0.021110443014004502,1.2067804381857754,0.6226498789032225
16895.0,-0.6514854368792917,0.29970536404670484,0.1385701614952794,-0.09562604847620146,0.9458578981845076,-0.28562175315339805
16896.0,1.6879044116962814,-1.057568175439826,-1.5500188296157413,-2.1339618648916043,-0.6667842015304029,-1.2862043083948915
16897.0,0.4656925724404718,-0.5566388957505917,-0.818729407305414,-1.240133349110671,-0.09885955416899503,-0.8452021728101998
16898.0,-0.837681771765919,0.29970536404670484,-0.019050214926766014,0.23330411829086373,1.354702354315243,-0.5785319161459885
16899.0,-0.9236185417135931,0.8006346437359392,0.4470480632925375,0.3346439439488434,0.7101478727648092,-0.33867892045967457
16900.0,-0.880650156739756,-0.2012239156425293,-0.017513364567346985,0.3522184617219129,0.5007855218324396,0.10527785395537027
16901.0,2.5186265211904644,-1.057568175439826,-1.0686604202011327,-1.597016901219535,-0.4753737252323317,-0.38805830426531357
16902.0,-0.40799792202754837,-1.057568175439826,0.45173137313991646,0.1678067054776216,0.021258840188633787,2.448775512684772
16903.0,-0.82335897677464,-0.2012239156425293,0.09767588795233069,0.25376258222422543,1.0206567996063762,0.3197583085012381
16904.0,-0.9427156017019651,1.9048962333414947,1.1745418817226254,1.1017324750734856,1.9876464313829287,-0.27325420458809213
16905.0,-0.9379413367048721,1.6569789035332354,1.1793456860244345,0.8983382273835367,1.1382718554069673,0.01746592560333568
16906.0,-0.5703229319287106,0.6551203441547673,0.3151712401174554,0.1257958615505005,1.1800603940669612,-0.40578752845958627
16907.0,-0.82335897677464,0.9308016202790399,0.3450209273195008,-0.05047735620754308,0.772014387314677,-0.6850050562974871
16908.0,2.4852066662108134,-1.057568175439826,-0.9169310578984076,-1.356448938107596,-0.5847816131886778,-0.10495299687689805
16909.0,-0.6180655818996407,-1.057568175439826,-0.6264334205304554,-0.07266419465144539,-0.6667842015304029,0.4370740813004779
16910.0,-0.9427156017019651,0.8006346437359392,0.36334535615338037,0.39123839085144996,1.6443766890120652,-0.4941758023558611
16911.0,2.074619876460815,-0.5566388957505917,-0.9094431337614131,-0.72503397002458,-0.26567674408401915,-1.0138428144265987
16912.0,-0.82335897677464,1.511464603952064,1.1407913830329954,0.8165128329849266,0.9151673412720975,0.11276599565060107
16913.0,0.42272418746663476,-0.2012239156425293,-0.5465379222339324,-0.49462380582862153,-0.6667842015304029,-0.878530817440738
16914.0,-0.7899391217949889,-1.057568175439826,-1.1441656734734966,-0.9618377798135903,-0.409791367250838,-0.5289403169008393
16915.0,-0.9188442767165,1.1560496238440017,0.37942657650887585,-0.6167740006598021,0.20408973995326918,-0.8881079862316045
16916.0,-0.8472303017601049,0.07445736048174284,-0.005566049104855002,0.18835236452773702,1.1800603940669612,-0.25618760570316984
16917.0,0.36065874250442564,-0.5566388957505917,0.510207054761256,0.31907842671414083,0.057680039452894044,1.6305290636729173
16918.0,-0.7230994118356868,1.5863629060023545,0.9039970438793005,0.9488948345400806,1.5404542627791502,-0.4134190509959929
16919.0,-0.21702732214382814,2.0628271562006084,1.2096239271504183,1.0287601610474026,1.3799148688968128,-0.38604309746710747
16920.0,1.0004102521148885,-1.057568175439826,-0.6726075604461621,-1.172647729928363,-0.4753737252323317,0.35091973466748555
16921.0,-0.6705824968676638,-0.2012239156425293,-0.5718031416395959,-0.3747642320667963,0.5007855218324396,-0.9254473425161601
16922.0,1.7738411816439554,-1.057568175439826,-0.28462585290867803,-0.3606258896987994,0.8635381656265729,1.0748381569589698
16923.0,-0.9045214817252211,2.4058255130307287,1.916908732455307,1.6700698630002746,1.8928294607353113,0.5453571353810608
16924.0,-0.861553096751384,-0.2012239156425293,-0.06530393549240533,-0.027608699751634977,0.4016839593570631,0.016314642480840233
16925.0,1.6162904367398863,-1.057568175439826,-1.4151515224604103,-0.9007687263045723,-0.6667842015304029,-1.0345611862635329
16926.0,0.8094396522311683,0.29970536404670484,0.1806755257833677,-0.5931115333827922,0.32826094754877355,-0.20733467268383707
16927.0,-0.40799792202754837,-0.2012239156425293,-0.36917428605000113,0.46759599330195234,-1.6112230199551474,-0.548969955939417
16928.0,-0.5798714619228966,2.2880751597655706,1.0439965521709882,1.0966715757010757,0.9458578981845076,-0.9451364630333108
16929.0,-0.9427156017019651,0.6551203441547673,0.2539122551772441,0.4238437959905344,0.15813328011056985,-0.5195832221552311
16930.0,-0.837681771765919,-0.2012239156425293,-0.6269055042823071,-0.2376653310278139,0.09255092212907612,-1.0277420865671578
16931.0,-0.9379413367048721,2.0123938836412982,1.2273137968583139,1.2679000741157171,1.9566592146852453,-0.29646878307109464
16932.0,-0.7087766168444078,-0.2012239156425293,-0.5659840136298466,-0.5298504955021914,0.8225625239939895,-0.9146421494730802
16933.0,-0.9570383966932442,0.9308016202790399,0.8795949132303544,0.7528430230831967,1.3172829716921783,0.3086264935862379
16934.0,-0.6992280868502218,0.4901498374805938,0.5946071438514351,0.4287734956544471,0.9025618299872694,0.31952760420230253
16935.0,0.8619565671991913,-0.2012239156425293,-0.38543561778761387,-0.37954539919033564,0.21885305959242807,-0.5791988829647945
16936.0,-0.837681771765919,-0.5566388957505917,-0.3622958589464939,-0.2376653310278139,0.8635381656265729,0.004276234205266529
16937.0,1.420545571859073,-1.057568175439826,-1.0972246780284112,-0.9007687263045723,0.12599809971663617,-0.44135512743642374
16938.0,-0.9188442767165,0.9308016202790399,1.4636396106049478,1.5351081651637897,2.0877097257784585,1.3964500438517264
16939.0,1.372802921888143,-0.2012239156425293,-0.5299444121479462,-0.49462380582862153,-0.07757674530912831,-0.8477130899206424
16940.0,-0.7135508818415008,0.8006346437359392,1.402913875437746,1.460928306662665,1.745718533558867,1.440774845068196
16941.0,1.9600375165305828,-1.057568175439826,-2.3588377116159873,-2.383441219414615,-2.179147667316555,-2.795344759096711
16942.0,-0.8997472167281281,0.9308016202790399,0.5304865743303796,0.32976821641925746,1.0790164946748164,-0.3406021742113955
16943.0,0.050331517693380234,0.29970536404670484,0.25617816227547346,-0.784453137307648,-0.44192654764477163,-0.06691298510094086
16944.0,1.9504889865363968,-1.057568175439826,-1.5679501336154225,-1.879041864845952,-1.3755129945354494,-1.319661559210831
16945.0,-0.856778831754291,2.4427071657996513,1.6074766392671833,1.6373042570119325,1.3834541490107977,-0.07134846978908337
16946.0,0.8667308321962843,0.29970536404670484,0.21211667724554645,0.028890505197628424,0.4016839593570631,-0.148865453963363
16947.0,0.1649138776236124,0.29970536404670484,0.035503994233216866,0.19439290548070715,0.1422232254034017,-0.477182053740507
16948.0,-0.2981898270944092,0.6551203441547673,-0.032487288698973625,0.9567983630321886,-0.5847816131886778,-1.05094170120758
16949.0,-0.9427156017019651,0.4901498374805938,0.24884618683118126,0.318248890223255,0.24760485428798198,-0.3236306880107018
16950.0,-0.6896795568560358,1.0485519735441977,0.9753293611713701,1.0560698777875492,0.7867777069538352,0.3461294139365073
16951.0,-0.31728688708278124,-0.2012239156425293,0.24408087947078552,0.6535713034722853,0.4472146763622555,0.5924559726622316
16952.0,-0.4414177770071994,0.29970536404670484,-0.09533965955555686,-0.22997626581046446,0.47977559959369576,-0.7202024485311587
16953.0,-0.818584711777547,-1.057568175439826,-2.6777734750435913,-2.493263841242748,-2.5113622892582645,-3.390433316591486
16954.0,-0.9570383966932442,1.8474233769671247,1.3632395571760831,1.3970580793111167,0.5510676815341373,0.14261683794232338
16955.0,-0.07857363722813095,0.4901498374805938,0.1497992988483288,0.25923341198068833,-0.18999139653830796,-0.5076714983466215
16956.0,-0.875875891742663,-1.057568175439826,-0.7734015709203943,-0.9503040176316452,-0.7579160438997158,0.16285251494711242
16957.0,0.1792366726148914,-0.5566388957505917,-0.5589218745273006,-0.6818454084952281,-0.8075883471740417,-0.36183304966892316
16958.0,1.1149926120451208,-1.057568175439826,-0.11112783666959479,0.03530428857607337,0.4016839593570631,1.3985606617741357
16959.0,-0.5464516069432456,-1.057568175439826,-1.463790899010542,-1.4978647899991167,-1.3755129945354494,-1.1253153121652308
16960.0,-0.7756163268037098,0.8006346437359392,0.5621162924016448,0.7350330730665912,1.6844748222213555,-0.12479331245749482
16961.0,-0.40799792202754837,-0.2012239156425293,-0.09648428694924285,-0.006868570183373718,0.17374026765232672,-0.041720663911912724
16962.0,0.9956359871177956,-1.057568175439826,-0.9213306254364642,-0.7373223199867728,-0.8075883471740417,-0.11316196118897719
16963.0,-0.06902510723394494,-1.057568175439826,-1.5062534814258501,-1.713825854278489,-1.3755129945354494,-1.2045444228973192
16964.0,2.5377235811788363,-0.5566388957505917,-1.0562181572700942,-1.4978647899991167,-1.4849208824917954,-1.2865232913258282
16965.0,0.12194549264977533,-1.057568175439826,-1.0794743124027284,-0.3377173843214184,-0.3788691287103198,-0.40823548176962415
16966.0,-0.9236185417135931,0.6551203441547673,0.618922467646685,0.9212890774001828,-1.2790083980134372,0.1590121093002912
16967.0,-0.05947657723975892,-1.057568175439826,-0.7499718894107293,-0.2493702262529745,-0.5466658071727737,0.20656895245887313
16968.0,-0.9427156017019651,-0.5566388957505917,-0.5207947966964944,-0.2632946592767485,-0.2396636998126339,-0.2908588761533266
16969.0,-0.7756163268037098,-0.2012239156425293,-0.23993668883259472,0.33867960783032935,0.0024225606841520096,-0.3086395585569528
16970.0,2.026877226489885,-1.057568175439826,-1.8164461078782437,-2.383441219414615,-2.179147667316555,-1.7833195362218919
16971.0,-0.780390591800803,-1.057568175439826,-0.669073094230813,-1.2490778079274656,-0.03660110367654417,0.3575145435374653
16972.0,0.8667308321962843,-0.5566388957505917,-0.13880309735144097,-0.6413200682922386,0.20408973995326918,0.4206304911985952
16973.0,0.8810536271875634,-1.057568175439826,-1.4075429370424917,-1.3671387278127125,-1.4849208824917954,-1.0203646531677615
16974.0,1.5351279317893052,-0.5566388957505917,-0.6526551421273247,-1.267340303990541,-1.6112230199551474,-0.5362797298930275
16975.0,1.0577014320800047,-0.2012239156425293,0.013334203056407512,0.12133127677322404,0.03967179647401301,0.16270841528315805
16976.0,0.3129160925334956,-1.057568175439826,-0.9199652932942024,-1.1187947925387802,-2.179147667316555,-0.11061444652236241
16977.0,0.9240220121614005,0.07445736048174284,-0.43408161791053745,-0.807046686715895,-0.409791367250838,-1.0521194422222266
16978.0,-0.5894199919170826,-0.2012239156425293,-0.12002975444350654,-0.3513664749128713,0.3534734621303434,-0.08554115169168852
16979.0,-0.9427156017019651,0.9308016202790399,0.8218869165972937,0.7167271630904851,0.5412550843430992,0.20124016406047798
16980.0,0.2556249125683795,-0.2012239156425293,0.3211990027004647,0.4656088655971593,0.6256046868143018,0.7361343072994387
16982.0,-0.6705824968676638,-1.057568175439826,-0.6172054565597267,-0.644902679784246,-0.5102446079085138,0.4542921433608062
16983.0,-0.8997472167281281,1.1560496238440017,0.9648748030744727,1.0236705285407202,1.0369897405538206,0.19944119182503173
16984.0,-0.5416773419461526,0.9308016202790399,1.7447536124931624,1.5462268278404614,2.2523994695827634,1.920472840804741
16985.0,-0.880650156739756,2.0123938836412982,1.783390764656928,1.2161923668829748,0.9151673412720975,0.7379454553111303
16986.0,-0.818584711777547,1.1560496238440017,1.206561821217016,1.0843640540271307,0.3534734621303434,0.6493007576496795
16987.0,-0.9474898666990581,1.1560496238440017,0.7315635145553936,0.2102348185915852,1.0582725494136873,-0.2344159794068449
16988.0,-0.9379413367048721,-0.5566388957505917,-0.6198005392904349,-0.7373223199867728,-0.5847816131886778,-0.47514079313467705
16989.0,-0.9283928067106861,0.4901498374805938,0.15803298712336836,0.6097794462454182,-1.3755129945354494,-0.4923764246713777
16990.0,0.08375137267303129,-0.5566388957505917,-0.696036741489999,-0.5832255187891728,-2.5113622892582645,-0.6169965648663065
16991.0,1.0481529020858187,-1.057568175439826,0.09730417661616836,0.3199069177901433,0.4582127216583458,1.7874650128853014
16992.0,-0.9092957467223141,1.3464940972778903,1.2880143865671134,0.9473026623358212,1.3134452968899748,0.5778003891797087
16993.0,1.2534462969608178,-0.5566388957505917,0.547584950264338,-0.3513664749128713,-0.6247574474094066,1.7002342183288315
16996.0,-0.818584711777547,0.9308016202790399,0.6084079108821858,0.41673661777742566,-0.214451185231064,-0.19578808226654876
16997.0,0.4131756574724487,-0.2012239156425293,-0.18524324016924673,-0.19826535584174043,-1.3755129945354494,-0.2068901878247808
16998.0,-0.24567291212638617,0.29970536404670484,-0.5845280217198816,-1.0101095543538685,-2.179147667316555,-1.6264383832197487
16999.0,-0.852004566757198,-0.5566388957505917,-0.4504082390709805,-0.33099765717701596,-0.5466658071727737,-0.15981103587337614
17000.0,0.9287962771584934,-0.5566388957505917,-0.5769118547352541,-0.30693013284356935,-0.3788691287103198,-0.3953185904378812
17001.0,-0.9570383966932442,1.7871458800763362,1.4263196141824288,1.3462445104231773,0.7645317593062706,0.32844146413271497
17002.0,-0.5512258719403386,0.6551203441547673,0.7456906725193198,0.6266099995522645,0.3409641798752045,0.3949416088833602
17003.0,0.9574418671410515,0.07445736048174284,-0.06675633115873335,0.009264940883848482,0.6166500395156311,-0.36996535385682355
17004.0,-0.7421964718240589,0.07445736048174284,0.6731971848767966,0.6097794462454182,0.10944517163608153,1.0075730589331318
17005.0,1.2868661519404687,-0.5566388957505917,-0.27152169029647455,0.22951501511081854,-0.8604674728291044,0.17335871518995183
17006.0,-0.9379413367048721,0.8006346437359392,0.42099418878645456,0.10546204736866442,0.7260579274719773,-0.3870883450361602
17007.0,-0.7183251468385938,0.6551203441547673,0.14966489427748614,0.25376258222422543,0.32826094754877355,-0.713129794319018
17008.0,1.0863470220625626,-1.057568175439826,-1.723952639763325,-1.9535450018021403,-2.5113622892582645,-1.6107399423668112
17009.0,1.6688073517079094,-1.057568175439826,-0.9473646197435576,-0.2434917288262392,-1.1145904545341814,-0.16173767421512733
17010.0,-0.875875891742663,-1.057568175439826,-1.1004698251240934,-0.9278263552140557,-1.0432983725937395,-0.447410108173842
17011.0,-0.818584711777547,-0.2012239156425293,-0.2168586558595366,0.31907842671414083,-0.34907158776898006,-0.2657089582100933
17012.0,2.4995294612020924,-1.057568175439826,-0.6622940572729524,-0.4345697687890191,-0.16624068800434505,0.3701632577522094
17014.0,-0.9236185417135931,-0.2012239156425293,-0.317797412610616,-0.4557783042066653,0.32826094754877355,-0.45344693092023686
17015.0,-0.82335897677464,-0.2012239156425293,0.5050492698337571,0.92029325658599,1.1890642437119816,1.078748084636245
17016.0,1.7929382416323274,-1.057568175439826,-0.3569465194551623,-0.2983922520379315,-0.016856965827270066,0.9398981280651041
17017.0,-0.9474898666990581,2.2880751597655706,1.8845513726600387,1.944471969182216,0.8501060275513096,0.6166139171959173
17018.0,-0.7660677968095239,0.4901498374805938,0.6617939485275603,-0.04324507664642568,-0.3788691287103198,0.4446021370361303
17019.0,-0.9092957467223141,1.1560496238440017,0.9874842896698873,1.04626983173612,1.7085748558820546,0.24150865682252134
17020.0,1.6258389667340722,-0.5566388957505917,0.020649834272351307,0.373164191786549,0.3409641798752045,0.7177915953571695
17021.0,1.1484124670247717,0.4901498374805938,0.1883642434132974,0.46693428455781283,-0.143159103290622,-0.436025862651617
17022.0,-0.813810446780454,-0.5566388957505917,-0.8962631436977354,-0.6521270116253584,-0.7579160438997158,-0.989345562878195
17023.0,1.0290558420974465,-0.2012239156425293,-0.09143286475604676,0.055417752810252185,0.10944517163608153,-0.032318984346468196
17024.0,-0.7469707368211519,-0.2012239156425293,-1.6076565794045787,-1.2766653905793108,-2.179147667316555,-2.837346033846307
17025.0,-0.6705824968676638,0.29970536404670484,0.2833460799653431,0.3919808049131861,-0.2396636998126339,-0.016374073008311826
17026.0,-0.07857363722813095,-0.2012239156425293,-1.175645779133581,-0.9915898062500224,-1.760606742132222,-2.04358486953688
17027.0,-0.5846457269199896,0.9308016202790399,0.2622989097689296,0.18429428014936225,0.8897593496354799,-0.8384684447770335
17028.0,1.8120353016206996,-0.2012239156425293,0.4025863447756553,0.37010291695663966,0.5703472080455595,0.8877900685222807
17029.0,-0.43186924701301344,0.6551203441547673,0.6130169303374406,0.6266099995522645,-0.6247574474094066,0.14802392656278368
17030.0,-0.6562597018763847,-1.057568175439826,-1.3039915627479253,-0.788910154934063,-1.0432983725937395,-0.8271525865957957
17031.0,-0.9045214817252211,0.4901498374805938,0.8000119899275124,0.7788906922323791,-0.16624068800434505,0.7019857979901645
17032.0,1.6544845567166302,0.8006346437359392,0.8524755852892874,0.8078986735249365,1.1935293341757096,0.4154143812968001
17033.0,-0.5512258719403386,0.07445736048174284,0.27432141696996376,0.3815099281038558,-0.18999139653830796,0.2646097860314559
17034.0,-0.8854244217368491,0.29970536404670484,0.2433341355243887,0.2323588879600871,0.12599809971663617,-0.09080395900963185
17035.0,0.21265652759454245,0.07445736048174284,-0.28168917478875366,-0.2612873063223159,-0.29254282546769667,-0.7693148760329199
17036.0,0.8667308321962843,-1.057568175439826,-1.1713166858919,-1.2140077557532785,-0.9777160146122458,-0.5796002260968109
17037.0,-0.5416773419461526,-1.057568175439826,0.23820388043827004,0.19539428812946683,0.4690650931924128,2.0503637251457985
17038.0,-0.818584711777547,-0.5566388957505917,-0.14440300042847196,0.06157906859143142,0.30224790327738865,0.41019583959917144
17039.0,1.9218433965538386,-1.057568175439826,0.5490686410398817,0.2276122421998444,0.03967179647401301,2.630392944742438
17040.0,-0.30296409209150227,-0.5566388957505917,-0.482997832349874,-0.6202249670189166,-0.8075883471740417,-0.2204907784795022
17041.0,-0.832907506768826,0.4901498374805938,0.4296818032693729,0.646052263270462,0.643225625568364,0.01262823189243111
17042.0,-0.9474898666990581,0.29970536404670484,0.09410916834543412,0.4656088655971593,0.4582127216583458,-0.3682706611742882
17043.0,-0.8090361817833609,0.8006346437359392,0.7518289909525012,0.7874843777646573,1.157108134911449,0.22809374210511457
17044.0,-0.842456036763012,1.254937876118928,1.8485963663794045,1.6183953385626446,0.6344625252190986,1.7292383623470704
17045.0,-0.4223207170188274,0.29970536404670484,-0.06721513805423786,-0.33099765717701596,0.03967179647401301,-0.6679831749853564
17046.0,-0.21225305714673512,0.29970536404670484,0.5308930737145166,0.7955657036433724,0.47977559959369576,0.4443592780099906
17047.0,-0.5560001369374316,0.4901498374805938,0.6622735021839198,0.5831425066458262,0.8084355865789369,0.4454949657655778
17048.0,-0.3984493920333624,0.6551203441547673,0.5906504334654352,0.5154169412667996,0.5984416885683977,0.10640984617794784
17049.0,-0.9474898666990581,1.7871458800763362,1.7158974812857595,1.426469805764641,1.6392235772312704,0.8675502138215425
17050.0,-0.5034832219694085,1.1560496238440017,1.1704221755208497,1.0560698777875492,1.236890884256886,0.5820104823677982
17051.0,-0.03560525225429388,0.07445736048174284,-0.18067459361934993,0.02630736795746641,0.7569801660124958,-0.5816904082107276
17052.0,-0.828133241771733,-1.057568175439826,-0.5897284658568747,-0.4345697687890191,0.43606699321124226,0.5055602814520966
17053.0,-0.3363839470711533,-1.057568175439826,-0.4305097634484604,-0.9060918937029208,-0.9169962351303879,0.8026396272242446
17054.0,-0.828133241771733,0.29970536404670484,0.2868757670737559,0.32895206785782466,0.3409641798752045,-0.009807580144266616
17055.0,1.1675095270131437,-1.057568175439826,-0.9750842200275579,-1.1568058168174855,-0.44192654764477163,-0.21345848711506393
17056.0,2.5615949061643017,-1.057568175439826,-1.3986285913262861,-1.9029502298560697,-1.2790083980134372,-1.0037317579532035
17057.0,1.8836492765770947,-1.057568175439826,-0.806592194468245,-0.8697043215419273,0.10944517163608153,0.10092355446562049
17058.0,-0.5703229319287106,-0.2012239156425293,0.18694975906702838,0.12801683522304796,0.15813328011056985,0.48603072349165033
17059.0,-0.818584711777547,0.9308016202790399,1.2030044807731326,1.2170389962102877,1.720364153844513,0.9108116795609202
17060.0,0.30814182753640257,-1.057568175439826,-0.9708314719147559,-0.5328730644211497,-1.6112230199551474,-0.20552346686948889
17061.0,-0.6085170519054547,1.1560496238440017,1.255277593242575,0.749836253338284,0.24760485428798198,0.7400180585991631
17062.0,0.5373065473968669,0.4901498374805938,-0.015383400680315167,0.18327583287859556,0.5412550843430992,-0.8143411907163425
17063.0,-0.861553096751384,1.3464940972778903,0.9946654377978815,0.8935119308537713,1.0315815224206653,0.031930442189054754
17064.0,-0.6801310268618498,-0.2012239156425293,-0.043561848291512724,-0.28371268495621643,0.189055518651088,0.05678631356655651
17065.0,2.084168406455001,-0.5566388957505917,-1.102885850960355,-1.164679055612675,-1.4849208824917954,-1.3731698771736085
17066.0,2.5043037261991854,-1.057568175439826,-0.9890588673460301,-1.082861937727266,-0.7110837506520298,-0.23953318198425683
17067.0,2.4995294612020924,-0.2012239156425293,-0.496588857536878,-0.27138593165366137,-1.2790083980134372,-0.7857548337649934
17068.0,-0.9045214817252211,2.868738143438595,1.643451841915729,1.4383592537206629,1.4479491251839223,-0.4758912109116084
17069.0,-0.828133241771733,1.4317308999682739,1.293330596140269,1.2425544664781343,1.2740462610544514,0.4887147124897464
17070.0,-0.4175464520217344,-0.5566388957505917,-0.5240771990969578,-0.48610436588700323,0.7181415173627237,-0.296969464044914
17071.0,-0.828133241771733,1.3464940972778903,1.0246275221040988,0.905511880907062,0.9812306749482648,0.08765546022626904
17072.0,2.022102961492792,-1.057568175439826,-0.8604664208543573,-0.5451042559620746,-0.5847816131886778,0.00040194684874394186
17073.0,-0.875875891742663,0.07445736048174284,0.3328270793645953,0.29113545658713064,0.986980467473245,0.3735377093723836
17074.0,1.7260985316730253,-1.057568175439826,-1.0729031370061886,-2.1002412642657573,-1.760606742132222,-0.395974607524144
17075.0,-0.875875891742663,1.0485519735441977,0.6456001833226704,0.31324956893086425,1.0477002469551036,-0.2671206697609298
17076.0,-0.7899391217949889,0.4901498374805938,0.2241661456634814,0.03530428857607337,-0.2396636998126339,-0.3694988582517662
17077.0,1.7977125066294204,-1.057568175439826,-0.7797777582463236,-1.6958135609136948,-2.5113622892582645,0.15095546057689913
17078.0,-0.7899391217949889,-0.5566388957505917,-0.6282100692264416,0.3157539817950618,-0.32031979307342545,-0.49079074416280216
17079.0,-0.5894199919170826,-1.057568175439826,-1.4550524864069874,-1.9535450018021403,-2.179147667316555,-1.1090106829974085
17080.0,-0.856778831754291,0.6551203441547673,0.037242948463299334,0.10201108100954993,-0.3788691287103198,-0.9216847494209298
17081.0,-0.842456036763012,0.4901498374805938,0.03112298156615435,-0.1610937888567785,1.1141007199045665,-0.7280360141437276
17082.0,-0.8042619167862679,0.4901498374805938,1.1831857224961564,1.0809907296477295,0.8295356901035954,1.415936486305096
17083.0,-0.4414177770071994,0.9308016202790399,1.0714893366660565,0.9126080994959043,-0.26567674408401915,0.6658652223769917
17084.0,-0.7947133867920819,-0.2012239156425293,1.2228789673705904,1.231888025233138,1.489322756853159,2.4171960711027634
17085.0,-0.37457806704789737,2.2461917041447332,1.546130150601198,1.3107196177752125,1.8539908120855393,0.03377394898826252
17086.0,-0.9283928067106861,0.4901498374805938,0.5831329218945009,0.879524007793558,0.47977559959369576,0.2981699959941553
17087.0,2.5615949061643017,-1.057568175439826,-1.0106898500408263,-0.9560456050601144,-0.9777160146122458,-0.27989350454796535
17088.0,-0.828133241771733,0.07445736048174284,0.5621631247330034,0.3792443052464162,0.6689662368954782,0.8006880330553114
17089.0,0.8810536271875634,-1.057568175439826,-1.399459622805335,-1.713825854278489,-1.760606742132222,-1.0052823439357386
17090.0,-0.9427156017019651,1.3464940972778903,0.8751556942518383,0.6664039910581311,0.20408973995326918,-0.19026053909739024
17091.0,-0.9474898666990581,1.7871458800763362,1.513210813028149,1.3374976067509243,1.4214094098959151,0.49015525794753156
17092.0,-0.7230994118356868,1.1560496238440017,1.2925733587014718,1.3438070854527204,1.5197850784170508,0.8094772901812357
17093.0,1.8693264815858155,-1.057568175439826,-0.9658460380387188,-0.9503040176316452,-0.9169962351303879,-0.19622135969313287
17094.0,0.5755006673736109,-0.5566388957505917,-0.5841719832099932,-0.5451042559620746,-0.6667842015304029,-0.40883160721499984
17095.0,-0.852004566757198,0.6551203441547673,0.7458859062728542,0.8188426909998787,0.7794292983039648,0.39530503964769664
17096.0,-0.8901986867339421,1.1560496238440017,1.0062826189785505,0.7638921500925864,1.0942369089268609,0.27648783778356384
17097.0,-0.9522641316961511,0.9308016202790399,0.1644008509908045,0.11683616468348103,1.1890642437119816,-1.019946302642165
17098.0,0.8619565671991913,-0.2012239156425293,-0.30847738292004895,-0.8902499805920427,-1.1145904545341814,-0.43611601268590755
17099.0,1.582870581760235,-1.057568175439826,-0.3193461806980563,-0.28164210818374913,-0.03660110367654417,1.0100549869629938
17100.0,-0.875875891742663,-0.5566388957505917,0.047803064371956264,0.3256773035181528,0.3534734621303434,0.7684026161871728
17101.0,-0.914070011719407,0.6551203441547673,0.7274694375562608,0.5781304804750078,0.20408973995326918,0.3610235089547042
17102.0,0.28904476754803055,-1.057568175439826,-2.537673867623939,-3.347422325913002,-2.5113622892582645,-3.1290274698813234
17103.0,2.4852066662108134,-1.057568175439826,-0.5458795853421221,-0.022013707837610034,-0.214451185231064,0.5873760263307923
17104.0,1.0624756970770977,-1.057568175439826,-0.46652559774357283,-0.7756287419706503,-0.6247574474094066,0.7354392272210811
17105.0,-0.2027045271525491,-0.5566388957505917,-0.22320170483951915,0.2314122966060465,0.521270140592798,0.2633772490829153
17106.0,0.8953764221788424,-1.057568175439826,-0.455210011945192,-0.7583275439502549,0.15813328011056985,0.7565524932831837
17107.0,-0.8042619167862679,1.0485519735441977,2.059639057326994,1.798876526348105,1.7834215727789653,2.3666496864703293
17108.0,2.208299296379419,-1.057568175439826,-1.1792258315147202,-1.7912573149263509,-1.192682094770814,-0.5943575615838002
17109.0,-0.82335897677464,0.8006346437359392,0.25187235436730543,0.3157539817950618,0.8767536468426793,-0.7011305534591867
17110.0,-0.17405893716999107,-0.2012239156425293,-0.4284725647056707,-0.8352256109933592,-0.07757674530912831,-0.6591896767007268
17111.0,-0.7374222068269658,-0.5566388957505917,-0.4886931270165508,0.11570756769934702,0.03967179647401301,-0.23109445313059548
17112.0,1.439642631847445,-1.057568175439826,-1.0924385140849764,-0.8646666909006259,0.03967179647401301,-0.43242482947791766
17113.0,1.7786154466410484,0.4901498374805938,0.6673813435244578,0.41243513515659735,0.8635381656265729,0.45500477979339327
17114.0,-0.9331670717077791,0.8006346437359392,-0.0905914252960219,-0.5359095944469988,0.5703472080455595,-1.335715762677488
17115.0,-0.9236185417135931,0.6551203441547673,0.796808467524861,0.3919808049131861,0.7181415173627237,0.4901058774674067
17116.0,2.131911056425931,-1.057568175439826,-0.6066240964432192,-0.14243064287215934,0.09255092212907612,0.47403544922400875
17117.0,0.4131756574724487,-1.057568175439826,-1.4707978317131825,-1.286124655672843,-1.192682094770814,-1.1383892472726176
17118.0,0.556403607385239,-1.057568175439826,-1.2563517556659065,-0.7540724638409552,-1.1145904545341814,-0.7382635144795442
17119.0,-0.9474898666990581,-0.5566388957505917,-0.2895314428130023,-0.24740488074797506,-0.143159103290622,0.13980959152181277
17120.0,0.15059108263233337,-1.057568175439826,-0.7763731777890587,-0.916869308544028,-0.6667842015304029,0.15730792118343304
17121.0,0.9622161321381445,-1.057568175439826,-0.7596338863154987,-0.9977052697151033,-0.9777160146122458,0.18854104696848328
17122.0,-0.3936751270362694,0.07445736048174284,-0.33385184176221255,-0.18385584567445426,-0.4753737252323317,-0.8661526606386876
17123.0,-0.1883817321612701,-0.2012239156425293,0.05179766605082655,0.215108136547563,-0.09885955416899503,0.23432531493112665
17124.0,-0.07857363722813095,-1.057568175439826,-0.8078064416055049,-0.8697043215419273,-0.2396636998126339,0.09865794282775178
17125.0,-0.7230994118356868,-1.057568175439826,-0.9823319432465782,-0.3606258896987994,-0.16624068800434505,-0.22698170291618938
17126.0,-0.23612438213220016,0.9308016202790399,0.5712624127218348,0.7053095856963358,1.5830639710850705,-0.2648294595573712
17127.0,1.0863470220625626,0.29970536404670484,0.1716817142498734,-0.23573461721189917,-0.34907158776898006,-0.2240583350316052
17128.0,0.6375661123358201,-1.057568175439826,-1.2560339441891537,-1.2140077557532785,-0.8604674728291044,-0.7376705236803203
17129.0,1.5208051367980262,-1.057568175439826,-2.3835293005870875,-2.8917421141099786,-2.179147667316555,-2.841415735600421
17131.0,-0.9379413367048721,0.29970536404670484,0.7148035006123823,0.46094874170615,0.5007855218324396,0.786876119431723
17132.0,1.1961551169957019,-0.5566388957505917,0.21145336463142367,0.44744913837173383,0.3153576561144396,1.0734702649874148
17133.0,-0.8854244217368491,1.254937876118928,1.9926713136251646,1.9923511532537765,-0.5102446079085138,1.997837867768609
17134.0,-0.45096630700138546,-0.2012239156425293,-0.2681451959505496,-0.7979158790770093,-0.2396636998126339,-0.3611083008130355
17135.0,-0.8854244217368491,1.0485519735441977,0.45813131105112787,0.8153448002551564,0.6856880840720535,-0.6153104193564634
17136.0,2.198750766385233,-1.057568175439826,-0.9786835110248245,-0.4216536837493171,-0.8604674728291044,-0.22017424976440855
17137.0,1.0242815771003535,0.4901498374805938,0.1365586753025971,0.21898094646235522,0.8832823034758474,-0.5322659234798601
17138.0,0.35588447750733265,0.6551203441547673,1.1338026785643305,0.9353991903117249,1.393981172694407,1.1178010069007813
17139.0,-0.8854244217368491,2.111282135916225,2.2016818794282678,1.9756203108183572,1.9226270016766507,1.4057221531396393
17140.0,0.21743079259163547,-1.057568175439826,-0.49725077345322893,-0.32655569715734933,-0.7579160438997158,0.6781104400843475
17141.0,1.0338301070945395,0.07445736048174284,-0.15959598407175424,-0.09251773260616844,0.9637351616934668,-0.5425243967980481
17142.0,0.1792366726148914,0.07445736048174284,0.24267658234559963,-0.27138593165366137,0.5007855218324396,0.2057005121706972
17143.0,1.0290558420974465,-0.5566388957505917,-0.022491732401379402,-0.287873506325402,0.5412550843430992,0.6373840786934264
17144.0,-0.9570383966932442,-0.5566388957505917,0.0572059508442313,-0.005508884937980794,0.0024225606841520096,0.7859291584656685
17145.0,1.487385281818375,0.07445736048174284,0.8845794133704479,1.0976868771875143,1.123854907395181,1.401541846141573
17146.0,-0.45574057199847845,1.3464940972778903,1.335673424902216,0.9865948833067658,1.1042290092563862,0.6665372562698803
17147.0,-0.852004566757198,0.9308016202790399,0.9025212027111683,0.6485681774846647,0.6939227470780444,0.35129531134492054
17148.0,-0.7135508818415008,-1.057568175439826,-1.4195276387706752,-1.164679055612675,-1.192682094770814,-1.042726393935817
17149.0,1.1913808519986089,-1.057568175439826,-1.322524191342305,-2.1339618648916043,-1.4849208824917954,-0.8617318231740075
17150.0,0.8380852422137263,0.4901498374805938,0.28773172081417053,-0.1341194375889308,0.3409641798752045,-0.25134912217964567
17151.0,2.5472721111730223,-1.057568175439826,-0.9780053416696941,-1.597016901219535,-1.760606742132222,-0.2189088826605612
17152.0,-0.030830987257200876,0.07445736048174284,0.5712873111424482,0.11117370433744131,-1.192682094770814,0.8176870223264987
17153.0,-0.8472303017601049,-1.057568175439826,-1.0361269461136864,-1.0101095543538685,-0.8604674728291044,-0.3273554907679283
17154.0,-0.6037427869083617,-1.057568175439826,-0.7271961704980882,0.003930975867357463,-0.4753737252323317,0.2490651892181812
17155.0,-0.875875891742663,0.6551203441547673,-0.013203516499901383,0.46361571324129663,0.021258840188633787,-1.0152041856966172
17156.0,1.387125716879422,-1.057568175439826,-0.30750842825771874,-0.14410556755345874,-0.05683280004799887,1.0321425413595071
17157.0,-0.9236185417135931,1.7871458800763362,1.2441770959098275,0.9571125363150137,0.5007855218324396,-0.010365211604067216
17158.0,-0.8090361817833609,0.29970536404670484,0.5581859146065195,0.5622885673641297,0.4582127216583458,0.49517922776850193
17159.0,-0.856778831754291,0.29970536404670484,0.6002488499855303,0.668356205059323,0.8155295016493898,0.5735090383620515
17160.0,-0.813810446780454,1.6569789035332354,1.7348859324732497,1.869963236053397,1.3249048133739036,1.0515783640118825
17161.0,1.1579609970189577,-1.057568175439826,-0.04309279322001497,0.06402751679149034,0.17374026765232672,1.5255043304000437
17162.0,-0.82335897677464,1.0485519735441977,0.4553273847213148,0.4728658217754914,0.5313235436848637,-0.62051490948027
17163.0,-0.856778831754291,0.07445736048174284,-0.1875129171334644,0.056654644203912516,-0.34907158776898006,-0.5943956107418256
17164.0,-0.8042619167862679,0.6551203441547673,0.7160197350459894,0.738984115501056,0.6344625252190986,0.3397113940961675
17165.0,0.3940785974840767,0.4901498374805938,0.4875612399751945,0.3157539817950618,0.4903479020522795,0.12031066616634203
17166.0,-0.7756163268037098,-0.5566388957505917,-1.061425269951841,-1.197150227452304,-1.0432983725937395,-1.2961925534532746
17167.0,0.8524080372050054,-0.2012239156425293,-0.03385816477963532,-0.08328000334684735,0.3409641798752045,0.07485010130224094
17168.0,1.420545571859073,-1.057568175439826,-0.5877403426363705,-0.520865286176672,-0.5466658071727737,0.5092698352716395
17169.0,-0.6849052918589428,-0.2012239156425293,0.17273619936747137,0.2102348185915852,0.3409641798752045,0.4595555386511247
17170.0,0.8237624472224473,-0.5566388957505917,-1.1641723784803033,-0.7626103446465929,-1.2790083980134372,-1.4869150177725925
17171.0,0.4179499224695417,-0.5566388957505917,-0.61621843072699,-0.5061575680105667,-0.409791367250838,-0.4684744224285222
17172.0,-0.5846457269199896,-0.2012239156425293,0.036523892218299554,0.6001194059265371,-0.05683280004799887,0.20588540809988212
17173.0,-0.9379413367048721,0.8006346437359392,1.0194825068622535,0.5478140156353958,-0.12070997099915268,0.7263749253976984
17174.0,0.07897710767593827,-1.057568175439826,-1.9405708614026136,-1.612486028620509,-1.760606742132222,-2.014918588427207
17175.0,-0.7517450018182449,0.07445736048174284,0.3316359584355327,0.37772954056288366,0.0024225606841520096,0.37131984965507264
17176.0,0.00258886772245017,-0.2012239156425293,-0.005327690121975651,0.11003533594598465,-0.09885955416899503,0.12796392400070405
17177.0,1.449191161841631,-1.057568175439826,-1.4508717261721324,-1.6283279417313867,-0.29254282546769667,-1.1012099818447572
17178.0,2.5281750511846504,-1.057568175439826,-0.5314146077238279,-1.035643155251807,-0.2396636998126339,0.6143656074694999
17179.0,-0.11199349220778199,0.4901498374805938,0.3625369905257371,0.16361938188286743,0.4690650931924128,-0.1122591619723559
17180.0,-0.6944538218531288,1.1560496238440017,0.6456450791461976,0.861609886247329,1.2198206403184555,-0.39405517254918127
17181.0,-0.6896795568560358,-0.2012239156425293,-0.7708345557651822,-0.39165269501153327,-0.32031979307342545,-1.2947366351579264
17182.0,1.0577014320800047,-0.5566388957505917,-0.7448774665555995,-1.435207155173084,-1.760606742132222,-0.7078538551736675
17183.0,-0.9236185417135931,0.4901498374805938,0.9348188174574132,0.6425137287199257,0.0024225606841520096,0.95310354793955
17184.0,1.7547441216555835,-0.5566388957505917,-1.0894093106036347,-1.240133349110671,-0.8604674728291044,-1.3481512275790004
17185.0,1.8645522165887225,-0.2012239156425293,-0.9855629618925689,-0.9223250044342675,-0.07757674530912831,-1.6924066952410124
17186.0,-0.7374222068269658,-0.5566388957505917,-1.318056269321291,-0.5832255187891728,-2.5113622892582645,-1.7722691501451253
17187.0,0.12194549264977533,-0.5566388957505917,-0.47613687204020116,-0.08788264232324271,-0.5466658071727737,-0.2077165916254148
17188.0,-0.9092957467223141,1.3464940972778903,1.1617800448270061,1.0920832141233703,0.9518604310556431,0.34282796992696496
17189.0,-0.45574057199847845,0.29970536404670484,0.03431728963263518,0.13791939607295814,0.7101478727648092,-0.4793870434376481
17190.0,-0.6801310268618498,0.6551203441547673,0.4599571439234683,0.9955434005332534,1.0841214462193633,-0.13667333122995368
17191.0,-0.828133241771733,1.511464603952064,1.1162219766241344,0.9925740748808896,1.5077357131385387,0.06706887271683003
17192.0,1.5971933767515143,-1.057568175439826,-1.7789844016657477,-1.552680491898286,-0.5847816131886778,-1.7134213458411578
17193.0,-0.7899391217949889,0.9308016202790399,0.6687644345981332,0.8082926846735596,-0.32031979307342545,-0.08357667272270357
17194.0,0.3463359475131466,-0.2012239156425293,-0.08048215082786393,-0.09718573504834867,0.24760485428798198,-0.011937010683038617
17195.0,2.165330911405582,-1.057568175439826,-0.34335689306114,-0.0014466212494210415,-0.2396636998126339,0.9652544289101406
17196.0,1.0815727570654696,-1.057568175439826,-0.7306584570462812,-0.7540724638409552,0.5607641505877349,0.24260505729238227
17197.0,-0.818584711777547,-1.057568175439826,0.07762003305075545,-0.613341055094861,-0.29254282546769667,1.7507372139267485
17198.0,-0.8472303017601049,-0.2012239156425293,-0.19529638332839902,-0.20375140365985933,0.6075964438354208,-0.22559432949481856
17199.0,1.8168095666177926,-1.057568175439826,-1.3638279485584262,-0.48610436588700323,-1.2790083980134372,-0.938798731684678
17200.0,0.8858278921846564,0.07445736048174284,-0.6700754348814877,-0.18563985648921502,-0.409791367250838,-1.4893256020238745
17201.0,-0.7040023518473147,0.07445736048174284,0.16423779386303147,0.47483116728049146,1.0530034504034316,0.059707575898903034
17202.0,1.0481529020858187,-1.057568175439826,-1.2400537983549422,-1.4233616530429278,-1.2790083980134372,-0.7078538551736675
17203.0,-0.7899391217949889,1.0485519735441977,1.2993985848434118,1.4745074123088597,1.2452944663588967,0.949562790610739
17204.0,-0.12631628719906102,0.9308016202790399,1.2916980275567025,1.1127311854578417,0.7794292983039648,1.0760456037436505
17205.0,-0.7040023518473147,-0.2012239156425293,0.06788740712044229,0.9943572791798269,-0.34907158776898006,0.26428589571359906
17206.0,-0.7087766168444078,-1.057568175439826,-1.0687303442549723,-1.2140077557532785,-1.3755129945354494,-0.3881887725573807
17207.0,2.151008116414303,-1.057568175439826,-0.8117547750224992,-0.4832889115546586,0.21885305959242807,0.09129091690260527
17208.0,0.9287962771584934,-1.057568175439826,-1.5024040545715245,-1.0291661808720358,-0.5466658071727737,-1.197361942484011
17209.0,2.136685321423024,-0.2012239156425293,-0.3028875977856894,0.25923341198068833,-0.12070997099915268,-0.4257212493119074
17210.0,0.9144734821672145,-1.057568175439826,-0.9193971707073598,-0.45847813379913716,0.09255092212907612,-0.10955441096206349
17211.0,-0.832907506768826,1.3464940972778903,1.0207669947218996,0.9723259526459004,1.3324564066676785,0.08047503563748211
17212.0,0.2460763825741935,-0.2012239156425293,-0.09661959979689251,0.2628555014839254,-0.29254282546769667,-0.041972505172291834
17213.0,-0.7708420618066169,1.3464940972778903,1.2037164770183557,0.9555401663193297,0.9151673412720975,0.4208773265338744
17214.0,-0.6753567618647568,0.4901498374805938,0.10953103744288757,-0.3819490858966789,0.5110918473134085,-0.5824632834118325
17215.0,1.2534462969608178,-1.057568175439826,-1.1349425974701275,-1.0101095543538685,-1.0432983725937395,-0.5117313750890957
17216.0,1.6831301466991884,-1.057568175439826,-1.8982461857987707,-2.0375836294397245,-0.9169962351303879,-1.9359467920979367
17217.0,0.1553653476294264,-0.5566388957505917,-1.048528643975431,-1.082861937727266,-0.34907158776898006,-1.2722437655132228
17218.0,-0.9427156017019651,1.7237759069352954,1.0428654821797114,0.9488948345400806,1.4413943536462164,-0.3124255760015039
17219.0,-0.8090361817833609,-0.5566388957505917,-0.8986591245612422,-0.6236941443665998,0.021258840188633787,-0.9937990291683746
17220.0,-0.8472303017601049,1.9048962333414947,1.1402765058213975,1.1156991705523087,1.8480029018364958,-0.33690965148286584
17221.0,-0.9283928067106861,0.29970536404670484,0.05139406690011935,0.2500899046174339,0.8155295016493898,-0.44765560587989073
17222.0,-0.6514854368792917,0.4901498374805938,0.39611394264883737,0.37086957311559515,0.6518959929570478,-0.04981161733142379
17223.0,0.5182094874084949,-0.2012239156425293,-0.34967012904728567,-0.7498447477801015,0.3153576561144396,-0.512709489230669
17224.0,1.430094101853259,-1.057568175439826,-1.571463976705266,-1.3153475814112587,-1.2790083980134372,-1.3262178882757358
17225.0,1.8168095666177926,-1.057568175439826,-1.3846463435434864,-1.6958135609136948,-1.6112230199551474,-0.9776428817037089
17226.0,0.5134352224114018,-0.2012239156425293,-0.01079005362935689,0.3677975694797809,0.15813328011056985,0.11779453578253286
17227.0,-0.87110162674557,1.254937876118928,0.520607423821795,0.8133934554511455,0.2616110427421876,-0.7420181531425633
17228.0,-0.8854244217368491,1.3464940972778903,0.811856174297479,1.0346486880343289,1.2618473944394515,-0.30788946693384633
17229.0,-0.5034832219694085,-0.5566388957505917,-0.7505551363605564,-0.6342128900791293,-0.05683280004799887,-0.7184146786405811
17230.0,0.2985932975422166,1.7237759069352954,1.6747569290643944,1.341185491196466,0.9812306749482648,0.8631805106933235
17231.0,-0.9045214817252211,2.111282135916225,1.4707267499395231,1.3286327531462148,2.0304330473391197,0.044763299224905705
17232.0,-0.9474898666990581,-0.5566388957505917,-0.5569829127177485,-0.5767164796572039,-0.26567674408401915,-0.3582238542336867
17233.0,-0.7947133867920819,-0.2012239156425293,-0.34605941646455646,-0.32214354917445553,0.233355067772715,-0.5059963718048276
17234.0,-0.08812216722231696,-1.057568175439826,-1.2894835125691244,-1.4233616530429278,-0.8604674728291044,-0.8000826382144058
17235.0,-0.842456036763012,0.8006346437359392,0.38856933950742606,0.36161015832966653,0.17374026765232672,-0.4473248764418915
17236.0,-0.8997472167281281,1.254937876118928,0.5395664192941797,0.32895206785782466,0.8701725506387965,-0.7068464813491053
17237.0,-0.9092957467223141,0.07445736048174284,0.0641330647200832,-0.10662236954301114,0.47977559959369576,-0.12654944581959945
17238.0,-0.9474898666990581,2.4058255130307287,1.4973305032733077,1.3055634534469363,1.9910182142168888,-0.2350180295605433
17239.0,0.5325322823997739,0.07445736048174284,0.19273572912697282,0.03657957041497845,-0.6667842015304029,0.11274430577109837
17240.0,1.8836492765770947,-1.057568175439826,-1.3876391636622738,-0.985530707305215,-1.3755129945354494,-0.9832270563606685
17241.0,0.8762793621904703,1.254937876118928,0.790324121865125,0.3724002084561763,0.8225625239939895,-0.2412078437418583
17242.0,-0.44619204200429247,0.29970536404670484,0.829258812542055,0.7203393017482459,0.03967179647401301,1.000113429359845
17243.0,-0.9570383966932442,3.334863892996757,2.2246635943346478,1.8330639815582606,1.7434457385582365,0.0921365777721952
17244.0,-0.7087766168444078,0.29970536404670484,0.5001291318039365,0.7020768056851705,0.772014387314677,0.3870809100659455
17245.0,0.016911662713729188,-0.5566388957505917,-0.6407520617507645,-0.30264733214723183,-0.44192654764477163,-0.5141302196519986
17246.0,1.6497102917195372,-0.5566388957505917,-2.243651470884981,-1.6958135609136948,-1.4849208824917954,-3.4753726918177366
17247.0,-0.8901986867339421,-1.057568175439826,-0.8430502039128952,-1.0038781562122157,0.189055518651088,0.03289811882182956
17248.0,-0.38890086203917634,-0.5566388957505917,-0.42755627795004847,-0.37238662520105137,0.5703472080455595,-0.11725875066651952
17249.0,1.0863470220625626,-1.057568175439826,-1.8506503787960251,-1.1888808406597104,-0.34907158776898006,-1.8471398178418403
17250.0,-0.9427156017019651,-0.5566388957505917,-0.6211109772038389,-0.701125605014462,0.21885305959242807,-0.47757952089150574
17251.0,0.7712455322544243,-0.2012239156425293,-0.09250847854052176,-0.1680139325635762,0.3534734621303434,-0.03432092473229641
17252.0,-0.4032236570304554,-0.5566388957505917,-0.6858959950886564,-0.609925943093793,0.579819476229692,-0.5981296832512379
17253.0,-0.875875891742663,-1.057568175439826,-1.16585171369161,-1.5819034176367013,-0.6667842015304029,-0.5694033689351407
17254.0,-0.9379413367048721,-0.2012239156425293,-0.47343210363507554,-0.1341194375889308,0.9088888272366124,-0.742733505609288
17255.0,-0.7660677968095239,0.07445736048174284,-0.10817879061982925,0.11796282748160518,1.0992481910462715,-0.44696696240298844
17256.0,-0.45096630700138546,0.29970536404670484,-0.42986354609481375,-0.3199485301676268,-0.5847816131886778,-1.3404103736257
17257.0,1.1197668770422138,-0.5566388957505917,-1.1211572290484049,-0.6271817259242423,-0.8604674728291044,-1.4070861251248854
17258.0,0.9335705421555864,-0.5566388957505917,-0.5577887472796446,-0.6236941443665998,0.07530097820695623,-0.359723842467247
17259.0,-0.2552214421205722,0.4901498374805938,0.3359443974649652,0.360832621181903,1.1755210911968286,-0.16171013128180045
17260.0,1.0004102521148885,-1.057568175439826,-1.4422882984244192,-1.9803816905039315,-1.4849208824917954,-1.0851945322700445
17261.0,1.473062486827096,-1.057568175439826,-1.0104963932813982,-1.0690212668978847,0.021258840188633787,-0.27953254188053506
17262.0,-0.7135508818415008,1.1560496238440017,0.7222171842082803,0.17403810361927446,-0.9777160146122458,-0.25178558439642795
17263.0,0.031234457705008208,-1.057568175439826,-1.900025717031768,-1.6958135609136948,-0.4753737252323317,-1.9392671430773325
17264.0,1.0624756970770977,-1.057568175439826,-0.8738516835836239,-0.5298504955021914,0.413306027586857,-0.02457304060215647
17265.0,-0.2981898270944092,-0.5566388957505917,-0.36005235182892575,-0.14746827351346078,0.7493583243307705,0.008454702725008506
17266.0,-0.9522641316961511,0.29970536404670484,-0.42586993536945206,-0.4557783042066653,0.6604755694904836,-1.3330178508913093
17267.0,-0.35548100705952534,-0.5566388957505917,-0.7540646083346574,-0.7373223199867728,-0.09885955416899503,-0.7249423874267303
17268.0,-0.44619204200429247,1.1560496238440017,0.46299129168664155,0.6908707233015603,-0.3788691287103198,-0.7331355227358984
17269.0,0.8810536271875634,-1.057568175439826,-0.44015701325309664,-0.287873506325402,0.7794292983039648,0.7846392377152899
17270.0,1.2773176219462827,-0.5566388957505917,-0.29600571255770725,-0.09718573504834867,0.057680039452894044,0.12774945782087488
17271.0,2.5520463761701153,-1.057568175439826,-1.068520592530784,-0.9560456050601144,0.07530097820695623,-0.3877974058143171
17272.0,-0.7612935318124309,0.07445736048174284,0.6168091457381816,0.8502528832515139,0.413306027586857,0.9025020585132907
17273.0,1.0624756970770977,-1.057568175439826,-1.3324526516696429,-0.8497813550146158,-0.9777160146122458,-0.8802569113323343
17274.0,-0.7947133867920819,-0.5566388957505917,-0.33044461538174136,-0.384361593491431,0.47977559959369576,0.06360046322783396
17275.0,0.8667308321962843,-1.057568175439826,-1.4837723630655795,-1.2581456424754653,-0.4753737252323317,-1.162597868669262
17276.0,0.9574418671410515,-1.057568175439826,-0.4247716582277692,-0.6271817259242423,0.1422232254034017,0.8133461115702985
17277.0,0.12671975764686835,-0.5566388957505917,0.11373578370430273,-0.08175292349225614,0.37793325082309986,0.8913029345665875
17278.0,0.1887852026090774,-0.5566388957505917,-0.8660067133636218,-0.5997857793564824,-0.7110837506520298,-0.9331023987999852
17279.0,-0.6849052918589428,-1.057568175439826,-1.1285296572352366,-1.5111462029625293,-1.2790083980134372,-0.4997657450428821
17280.0,1.1293154070363998,-1.057568175439826,-1.4546931795805076,-1.2313089537736739,-1.4849208824917954,-1.1083402678054275
17281.0,0.8237624472224473,0.4901498374805938,-0.09352282423735088,-0.3287729255046244,-2.179147667316555,-0.9592786761580474
17282.0,-0.3411582120682463,0.29970536404670484,0.6682985219028658,1.0284784350598901,1.123854907395181,0.7002497488477819
17283.0,0.8476337722079124,-1.057568175439826,-1.1261395033998705,-0.6557691682088246,-0.8075883471740417,-0.49530605954761936
17284.0,-0.6753567618647568,0.8006346437359392,0.80367741789981,0.949848290228311,1.5549051148346527,0.3245843615699626
17285.0,2.036425756484071,-0.5566388957505917,-0.5740282460641579,-0.8448935437864052,-0.016856965827270066,-0.3899513399287268
17286.0,-0.856778831754291,-0.2012239156425293,-0.6077267328033121,-0.18385584567445426,0.6075964438354208,-0.9921421794326165
17287.0,-0.837681771765919,1.9048962333414947,1.0308691031397008,0.9126080994959043,1.537533254079878,-0.5400637455940743
17288.0,-0.9188442767165,1.1560496238440017,0.71633364261679,0.8203913550418498,1.3904871713553972,-0.26271933682159937
17289.0,-0.8090361817833609,0.9308016202790399,0.5802301989588048,0.6119069807294589,1.2740462610544514,-0.2481625324248683
17290.0,-0.9427156017019651,0.8006346437359392,0.3532952354692821,0.5576912928125736,1.1979702234882976,-0.5128407540360053
17291.0,0.5086609574143088,-1.057568175439826,-0.35902424975782166,-1.2490778079274656,-2.5113622892582645,0.9360213802354322
17292.0,1.2916404169375617,-0.5566388957505917,-0.8646636653670406,-0.8596673696082351,-0.8604674728291044,-0.9306056258078821
17293.0,-0.9236185417135931,1.6569789035332354,1.0164343173548274,0.998499374856119,1.0206567996063762,-0.2853480845294503
17294.0,2.232170621364884,-0.5566388957505917,-0.4760144023905027,-0.324345921692527,-0.7110837506520298,-0.20748856721251235
17295.0,-0.82335897677464,-0.2012239156425293,-0.3639831043474233,-0.33322994313103943,0.189055518651088,-0.5393193017915511
17296.0,2.5234007861875574,-1.057568175439826,-0.708351329531183,-0.5328730644211497,-0.214451185231064,0.28422696946726145
17297.0,-0.880650156739756,-1.057568175439826,-1.4009579090282458,-1.3153475814112587,0.12599809971663617,-1.0080779319172304
17298.0,-0.47961189698394346,0.29970536404670484,0.0347907045891313,0.36702732032101754,0.30224790327738865,-0.47850740335037034
17299.0,-0.9045214817252211,0.4901498374805938,0.06348377440980882,0.41673661777742566,0.6689662368954782,-0.6679644153772928
17300.0,0.9049249521730284,-0.5566388957505917,-0.5995706948886859,-0.027608699751634977,-0.09885955416899503,-0.43749155332583023
17301.0,-0.861553096751384,-0.5566388957505917,-0.8074419516791279,-0.5328730644211497,0.7569801660124958,-0.824213011165883
17302.0,-0.8901986867339421,0.29970536404670484,0.1595371424798642,0.10889499293360552,0.38989466139460405,-0.24663957180603888
17303.0,0.7616970022602382,-1.057568175439826,-0.9241834382975407,-0.7979158790770093,0.189055518651088,-0.11848490231058632
17304.0,1.5876448467573283,-1.057568175439826,-1.500168054892932,-1.240133349110671,-1.6112230199551474,-1.1931898866161073
17305.0,2.136685321423024,-1.057568175439826,0.612399175895485,0.4761381410346254,-1.192682094770814,2.748558672623088
17306.0,-0.9092957467223141,1.9048962333414947,1.7042436374123326,2.194547484962874,-0.7110837506520298,0.712113773631208
17307.0,0.9240220121614005,1.1560496238440017,1.062594676422931,1.3259498181948912,-0.5102446079085138,0.38128560232901837
17308.0,0.9144734821672145,-0.5566388957505917,1.14898752030262,1.5489135220961314,-1.6112230199551474,2.821976367845513
17309.0,-0.5082574869665015,-0.2012239156425293,-0.7469064321533956,-0.6485049221221219,-0.18999139653830796,-1.2503709168621242
17310.0,0.8858278921846564,-0.5566388957505917,0.08612529246479053,-0.12591199538376613,-2.5113622892582645,0.8398349097155475
17311.0,-0.5894199919170826,0.4901498374805938,0.9803331421638269,1.1380192101176618,0.8767536468426793,1.0379040742188044
17312.0,-0.2981898270944092,-0.2012239156425293,-0.24669925189917447,-0.17676782464759178,-1.0432983725937395,-0.32121873092320835
17313.0,-0.813810446780454,-1.057568175439826,0.6745783626088988,0.6941589424274466,-0.44192654764477163,2.864576149402179
17314.0,-0.842456036763012,1.6569789035332354,1.2088592590690597,1.3252325157977054,1.2659338970370226,0.07235128390116047
17315.0,-0.9522641316961511,2.7612404931387906,1.6907108981634895,1.5412079337977103,1.8005811962388483,-0.2696079087770385
17316.0,1.0433786370887257,-1.057568175439826,-1.421983106959256,-1.5671295918148718,-0.143159103290622,-1.047307946680523
17317.0,-0.7421964718240589,-0.2012239156425293,0.7536768456365474,0.5617156631171545,-1.2790083980134372,1.542225754616202
17318.0,2.4995294612020924,-1.057568175439826,-1.2549453721804522,-1.378005216237291,-0.7110837506520298,-0.735639403872916
17319.0,2.232170621364884,-1.057568175439826,-2.4462662249923284,-2.289365639843338,-1.9434376418968569,-2.9584738712097502
17320.0,-0.4843861619810365,0.4901498374805938,0.7094485682765447,0.5820320206017086,0.579819476229692,0.533331302027983
17321.0,-0.9236185417135931,0.4901498374805938,0.43400586544740266,0.31741830567587953,1.4180306749127174,0.020672102894093575
17322.0,0.8333109772166333,0.29970536404670484,0.010596750352514376,0.16989040795676677,0.8155295016493898,-0.5234584303226704
17323.0,-0.8901986867339421,1.254937876118928,0.38306993101697334,0.7053095856963358,1.123854907395181,-0.9969989599941511
17324.0,-0.875875891742663,1.254937876118928,0.6242613011523556,0.7319435386306761,0.7867777069538352,-0.5496628335906988
17325.0,0.3749815374957047,-0.2012239156425293,-0.2863983469337439,-0.030424154083979627,-0.05683280004799887,-0.39505627357437334
17326.0,0.9860874571236096,-0.5566388957505917,-0.7650864026172465,-0.8352256109933592,0.5412550843430992,-0.7454425577740695
17327.0,0.9956359871177956,-0.5566388957505917,-1.2778787028588547,-1.378005216237291,-1.9434376418968569,-1.6978029991554047
17328.0,2.251267681353256,-1.057568175439826,-1.5449089414065078,-1.133736517118207,-1.4849208824917954,-1.2766699872177603
17329.0,-0.8949729517310351,0.29970536404670484,0.06729894338603655,-0.08175292349225614,0.521270140592798,-0.41809898183745087
17330.0,-0.852004566757198,0.07445736048174284,-0.5467237162499056,-0.9060918937029208,-1.3755129945354494,-1.2609287896151318
17331.0,-0.3698038020508043,-1.057568175439826,-1.1782069535898114,-2.2070824407035254,-2.5113622892582645,-0.5924564809772195
17332.0,1.5589992567747701,0.29970536404670484,-0.05810282708562923,0.3207343660828916,0.5412550843430992,-0.6510620659069776
17333.0,-0.5512258719403386,-1.057568175439826,-0.43661282195284135,-0.1715015141212187,-0.32031979307342545,0.7912521922039552
17334.0,0.48001536743175083,-0.2012239156425293,-0.25694719188837817,0.09854190366186613,-0.5847816131886778,-0.34028042008059983
17335.0,0.8715050971933773,-0.5566388957505917,-0.4325815783185779,-0.551306260279225,-0.16624068800434505,-0.12661651946648858
17336.0,1.2916404169375617,-1.057568175439826,-1.7260467918389193,-1.5111462029625293,-2.5113622892582645,-1.6146473308780498
17337.0,-0.24089864712929315,0.07445736048174284,0.5585697853307654,0.6171958876289693,1.8736402447307148,0.7939934826205198
17338.0,-0.880650156739756,1.6569789035332354,1.8442059977510594,1.6250243307082584,2.1496034244185838,1.2552579282667604
17339.0,-0.5130317519635945,-0.2012239156425293,-0.7883369002548966,-0.6818454084952281,-1.1145904545341814,-1.327182188530796
17340.0,-0.818584711777547,1.7237759069352954,2.203556685440765,1.9514302007566326,1.654586691189554,1.848582992963054
17341.0,-0.21225305714673512,0.29970536404670484,0.2409652460909698,0.3506400514035264,1.2659338970370226,-0.0952101482201936
17342.0,0.8524080372050054,0.07445736048174284,0.21533646402163492,0.044179742713283024,-0.2396636998126339,0.15480969223710442
17343.0,0.7330514122776802,0.4901498374805938,0.2340161966320218,-0.046128447855481106,0.30224790327738865,-0.35119315873184576
17344.0,-0.7421964718240589,-0.5566388957505917,-0.4921603073232353,-0.5832255187891728,0.3409641798752045,-0.2375496667954235
17345.0,-0.8901986867339421,1.0485519735441977,0.3993393615304391,0.9301842292475528,1.152439506483106,-0.7244139663794417
17346.0,-0.9427156017019651,2.15790818322247,1.2225058855500581,1.2837606320622241,2.041580730490132,-0.4687568556945244
17347.0,-0.5512258719403386,-1.057568175439826,-0.9871215299044933,-0.5328730644211497,-2.5113622892582645,-0.23591838717079752
17348.0,-0.8901986867339421,0.9308016202790399,0.7086970885034563,1.1406378930659344,1.6646710286093884,-0.009318082228193362
17349.0,-0.10721922721068898,0.29970536404670484,-0.11674700539110705,0.30228549368196617,0.4582127216583458,-0.7599429980528475
17350.0,-0.9236185417135931,0.6551203441547673,0.5262236860430558,0.5798054051563072,0.8767536468426793,-0.013438270786638241
17351.0,-0.7899391217949889,1.254937876118928,0.5611609665623445,-0.15766084329183738,0.057680039452894044,-0.6667790733014176
17352.0,2.361075776286395,-1.057568175439826,-2.293327389977181,-2.2469375267293743,-1.6112230199551474,-2.6731118605779303
17353.0,-0.3459324770653393,0.07445736048174284,0.9118866767999969,0.9805608108226196,-1.3755129945354494,1.4524453007370888
17354.0,-0.7183251468385938,0.07445736048174284,0.8875728066117464,1.0822902113552881,0.5703472080455595,1.407121739331881
17355.0,0.8810536271875634,-1.057568175439826,-0.8605710533193782,-0.4398081039294526,-0.32031979307342545,0.00020671762136834527
17356.0,0.5277580174026809,0.29970536404670484,0.028914830479009952,0.42101013823347627,0.4472146763622555,-0.4894250411985186
17357.0,-0.8472303017601049,-0.5566388957505917,-0.6165907338311201,-0.7626103446465929,-0.016856965827270066,-0.46916728945025954
17358.0,0.4847896324288438,0.29970536404670484,-0.03891833553118927,-0.08175292349225614,0.8897593496354799,-0.6154341009773616
17359.0,-0.9092957467223141,-0.5566388957505917,-0.83197984834461,-0.472146143411032,-0.12070997099915268,-0.8698400847278902
17360.0,-0.880650156739756,0.4901498374805938,0.1993718467202889,0.16256837033718813,1.2198206403184555,-0.41557301713816747
17361.0,-0.7278736768327798,0.29970536404670484,-0.02999998164769385,-0.16281700762011428,0.15813328011056985,-0.5988701135967428
17362.0,0.1792366726148914,0.6551203441547673,0.08538360598235564,0.07852974269960337,0.6939227470780444,-0.8324017014846629
17363.0,0.9240220121614005,-0.2012239156425293,0.008939907111204296,0.015872107873571014,-0.16624068800434505,0.1545269902764856
17364.0,-0.9570383966932442,2.2461917041447332,1.8492331041286352,1.7930897591362556,2.0352292097504976,0.5977383871354826
17365.0,-0.8997472167281281,1.511464603952064,1.5762827886829471,1.8399064571845616,1.821537378794869,0.9234238797401619
17366.0,1.1006698170538416,-0.5566388957505917,0.12169282829543544,0.022413530817857196,0.8501060275513096,0.9061358095696551
17367.0,0.1744624076177984,-1.057568175439826,-1.2100590646322174,-0.7756287419706503,-0.18999139653830796,-0.6518879684017757
17368.0,-0.852004566757198,1.4317308999682739,0.7959767407326541,1.024804968135085,1.2452944663588967,-0.4361337214416181
17369.0,1.2152521769840738,-1.057568175439826,0.053285351823913245,0.5651456234984895,-2.5113622892582645,1.705332176270431
17370.0,-0.6132913169025477,0.07445736048174284,-0.5098804003053972,0.06768317541506381,-0.2396636998126339,-1.1926544213635084
17371.0,-0.880650156739756,0.4901498374805938,-0.2344934319362418,-0.3606258896987994,0.9458578981845076,-1.2205030712594114
17372.0,-0.7660677968095239,2.2461917041447332,1.1223491689666254,0.8809362695220676,1.8559770968700648,-0.7532507887667094
17373.0,-0.7708420618066169,0.6551203441547673,0.17938090763303405,0.27271455933405336,0.3534734621303434,-0.6579731234190186
17374.0,0.08375137267303129,-0.2012239156425293,-0.16005904751644617,-0.7498447477801015,-0.16624068800434505,-0.16003108285135956
17375.0,-0.01173392726882885,0.07445736048174284,-0.22885247594567312,-0.009596406386841285,0.4903479020522795,-0.6711909098812492
17376.0,-0.6228398468967337,0.07445736048174284,-0.4980079971625625,-0.45308951689286464,-0.016856965827270066,-1.1706486295718816
17377.0,-0.8472303017601049,3.484294023485048,2.127471331877172,1.7816300299979149,2.0223765215383853,-0.25203494734221066
17378.0,0.8237624472224473,-1.057568175439826,-3.1091766599959114,-3.613978162138445,-2.5113622892582645,-4.195370010654653
17379.0,-0.9092957467223141,-1.057568175439826,-0.6067342838679208,0.16151567582594573,0.42476554407078576,0.4738298552356925
17380.0,1.1102183470480278,-0.2012239156425293,-0.2459212499312746,-0.43196617100258916,-1.6112230199551474,-0.3197715732243975
17381.0,-0.9188442767165,2.612211415605459,2.6470761362319353,2.94235660187319,0.1422232254034017,1.675859125709466
17382.0,-0.6514854368792917,0.8006346437359392,-0.005359466745559099,-0.04180811961136482,-0.7579160438997158,-1.177983004745996
17383.0,-0.9427156017019651,-0.5566388957505917,-0.7842562239896443,-0.7291046182118397,0.15813328011056985,-0.7810953920762419
17384.0,-0.87110162674557,-0.2012239156425293,-0.41759592603816004,-0.9114585160096889,-0.8075883471740417,-0.6389755259797508
17385.0,-0.8901986867339421,-1.057568175439826,-0.9070388451725236,-0.5931115333827922,0.0024225606841520096,-0.08649554156297255
17386.0,-0.9236185417135931,0.6551203441547673,0.8100070414256828,0.9126080994959043,-0.214451185231064,0.5146796450081601
17387.0,-0.866327361748477,-0.5566388957505917,-0.14090154173114966,0.045437939426142,0.42476554407078576,0.41672031505982665
17388.0,-0.5894199919170826,1.1560496238440017,0.7740814626623285,1.0884922156724386,-0.016856965827270066,-0.15538776835545998
17389.0,-0.9570383966932442,3.1849293968689216,2.9716304099506083,2.367344002745354,0.32826094754877355,1.6477745272864148
17390.0,1.0481529020858187,-1.057568175439826,-1.2922949070158214,-1.4978647899991167,-0.9777160146122458,-0.8053282984936218
17391.0,-0.17883320216708407,-0.5566388957505917,-0.41583426265533907,-0.009596406386841285,-2.179147667316555,-0.09543031451689686
17392.0,0.5038866924172158,-0.2012239156425293,-0.31474654695933496,-0.05193340903266642,0.36579462773390486,-0.44777382453499975
17393.0,1.0004102521148885,-0.5566388957505917,-0.6226491114021226,-0.46938971345332225,0.057680039452894044,-0.48044197712290704
17394.0,0.08375137267303129,-1.057568175439826,-1.0700251697640446,-0.4611890967410044,-1.760606742132222,-0.39060473192211403
17395.0,1.46351395683291,-1.057568175439826,-1.5955341232873446,-1.3054615668176395,-1.9434376418968569,-1.371129342087871
17396.0,-0.7756163268037098,1.4317308999682739,1.5957509711046067,1.0231025737910973,-0.29254282546769667,1.051905279827581
17397.0,-0.856778831754291,-0.2012239156425293,0.19803875331971096,0.22951501511081854,0.9275818525974744,0.5066864876393248
17398.0,-0.4127721870246414,-0.2012239156425293,-0.2366723620832252,-0.29627499551606934,-0.26567674408401915,-0.3025673921347883
17400.0,-0.36025527205661834,0.8006346437359392,1.166505280032954,0.9856932956247025,1.7109463251854902,1.0002383289781638
17401.0,1.6210647017369793,-1.057568175439826,-1.4791116261665411,-1.7323456023823347,-1.0432983725937395,-1.1539015996516266
17402.0,-0.9379413367048721,2.0123938836412982,1.1684083642362975,0.7162742470671974,0.7416649150137341,-0.40587949747059754
17403.0,-0.7899391217949889,-0.5566388957505917,-0.6194265675791499,-0.6236941443665998,0.057680039452894044,-0.4744448288565772
17404.0,-0.9427156017019651,2.0123938836412982,2.84232841116047,3.0522263953428466,0.8897593496354799,2.711694369779933
17405.0,-0.9570383966932442,-0.2012239156425293,0.09052463221105411,0.2619518483082405,0.4903479020522795,0.3064407580595175
17406.0,0.6280175823416341,1.3464940972778903,1.0953848613534793,0.8752689276842582,1.0582725494136873,0.2192821652956178
17407.0,1.0051845171119815,-1.057568175439826,-0.3562984605273824,-0.08788264232324271,-0.4753737252323317,0.9411073134144031
17408.0,-0.18360746716417709,-0.2012239156425293,-0.7565722251041074,-0.7169675181253394,-1.3755129945354494,-1.2682936182896256
17409.0,-0.07857363722813095,1.0485519735441977,1.5411611950443995,1.3975404622960474,0.1422232254034017,1.4000387862441612
17410.0,-0.8854244217368491,0.29970536404670484,0.20780890150636,0.15409923444239462,0.24760485428798198,-0.15687686745351087
17411.0,-0.9045214817252211,0.29970536404670484,0.32248302687638525,0.1455195683712627,0.4016839593570631,0.05644001373684977
17412.0,-0.9474898666990581,1.5863629060023545,1.1010630746010464,1.0882349636316684,1.089194787954205,-0.047219464575889374
17413.0,0.9717646621323305,-0.5566388957505917,-0.34697957479795616,-0.3134071072233412,-1.1145904545341814,0.03280284837591747
17414.0,-0.7517450018182449,0.4901498374805938,0.649722074409862,1.6770411526830684,-1.4849208824917954,0.4221272600202899
17415.0,-0.5798714619228966,-1.057568175439826,-0.4171868346765311,-0.9503040176316452,-0.8604674728291044,0.8274983084184994
17416.0,-0.818584711777547,1.9598138796697315,2.113267926459861,1.8990055988337111,1.6596443743626552,1.4118975514499876
17417.0,1.6592588217137234,-1.057568175439826,-1.2245520942127814,-1.2140077557532785,-0.7579160438997158,-0.6789298904933526
17418.0,-0.7612935318124309,-0.2012239156425293,-0.2186102444937072,0.044179742713283024,-0.03660110367654417,-0.2689674725920007
17419.0,-0.9092957467223141,1.7237759069352954,1.3684548754417831,1.168092022015649,1.2780725201262169,0.29295236874735825
17420.0,-0.7230994118356868,0.4901498374805938,0.03427970363622193,-0.05779008546708409,0.021258840188633787,-0.7221767795879432
17421.0,0.8810536271875634,-0.2012239156425293,0.10972731170061148,0.3313974801572631,0.07530097820695623,0.34220185563707356
17422.0,-0.8854244217368491,1.1560496238440017,0.9859831202507778,1.3024130798661222,1.0261373690197537,0.23871544914867798
17423.0,-0.7421964718240589,-0.2012239156425293,0.14892842252122282,0.31741830567587953,-0.05683280004799887,0.41521151931450634
17425.0,-0.87110162674557,-0.5566388957505917,-0.12913788403262014,-0.11780575726598869,0.0024225606841520096,0.4386405456458177
17426.0,-0.9236185417135931,1.3464940972778903,1.5668654648398164,1.5538741523259725,1.4413943536462164,1.0971538956091165
17427.0,-0.6180655818996407,-1.057568175439826,-1.5718867964770737,-1.7323456023823347,-2.179147667316555,-1.3270068095474716
17428.0,-0.9570383966932442,2.8161581394670288,2.54259735278856,2.3477908517421766,1.8755795168131912,1.255045670659007
17429.0,-0.3507067420624323,0.29970536404670484,0.2874729289139632,0.6374254093410381,0.521270140592798,-0.008696634041157602
17430.0,-0.8042619167862679,0.07445736048174284,-0.2712799845426054,-0.04468518145406716,-0.26567674408401915,-0.749986481296087
17431.0,0.5325322823997739,-1.057568175439826,-0.5822169227755285,-0.3354698348440594,-0.016856965827270066,0.5195757474155206
17432.0,-0.875875891742663,0.9308016202790399,0.46096165672458395,0.47744252158516237,1.3172829716921783,-0.469756508454778
17433.0,-0.5416773419461526,-0.5566388957505917,-0.3345302053879233,-0.30693013284356935,0.5313235436848637,0.05599062639557866
17434.0,-0.9522641316961511,0.6551203441547673,0.6883002611938608,0.8180669887484648,0.7020754717798163,0.28811868094671667
17435.0,1.0004102521148885,-1.057568175439826,-0.7228430896215047,-0.5997857793564824,-0.8075883471740417,0.2571874160630617
17436.0,-0.9522641316961511,0.29970536404670484,-0.38113105359920135,-0.659431615462883,-1.2790083980134372,-1.2501804767158333
17437.0,1.5685477867689561,-1.057568175439826,-0.6445171520467659,-0.35597988038449385,0.17374026765232672,0.40333242252094503
17438.0,0.2508506475712865,0.29970536404670484,0.32116876268352135,0.08329358660197225,0.12599809971663617,0.053994648392021526
17439.0,2.170105176402675,-1.057568175439826,-0.7350593531110698,-0.18030228252576944,-1.2790083980134372,0.23439361413927223
17440.0,-0.21225305714673512,0.07445736048174284,-0.7398189557108867,-0.35829878078459476,-1.760606742132222,-1.6183208928009607
17441.0,2.5329493161817433,-1.057568175439826,-0.8099728981968322,-0.45041168189989716,-0.5466658071727737,0.09461564442272932
17442.0,-0.7851648567978959,1.511464603952064,1.166042694674785,1.2227254019052467,1.2154969254175574,0.15973650665821162
17443.0,0.0885256376701243,-1.057568175439826,-0.3808896872354335,0.022413530817857196,-2.5113622892582645,0.8952235985514166
17444.0,-0.2552214421205722,-0.2012239156425293,0.8417520637445276,0.9655389534634958,0.9275818525974744,1.7064427103793174
17446.0,-0.11676775720487499,-0.5566388957505917,-1.4425825758950015,-0.5897996493919544,-1.4849208824917954,-2.002880714689309
17447.0,-0.7708420618066169,-0.5566388957505917,-0.3711819541949381,-0.06221708927918149,-0.18999139653830796,-0.012273632790578979
17448.0,1.410997041864887,2.84272784343108,1.9878134672916459,2.0791675452567606,2.1199599096215733,0.1927409557879627
17449.0,-0.9522641316961511,1.3464940972778903,1.2035322807244047,1.0697078639901367,1.5747174601405618,0.42053448738889315
17450.0,-0.9236185417135931,2.9676263957135216,4.014685719386663,3.3887963725008863,1.0039916405726501,3.8325700050161817
17451.0,-0.9570383966932442,0.6551203441547673,0.4578064167929249,0.5935996078759818,0.5510676815341373,-0.14067237086412904
17453.0,-0.875875891742663,-0.5566388957505917,-0.4476072583721226,-0.5238467315670368,-0.6247574474094066,-0.15459552072359076
17454.0,-0.04515378224847989,1.0485519735441977,0.3816351928973352,0.2628555014839254,0.6856880840720535,-0.7572589069958053
17455.0,0.012137397716636182,-1.057568175439826,-1.381665953523303,-1.3054615668176395,-1.2790083980134372,-0.9720818998344386
17456.0,0.7807940622486103,-0.5566388957505917,0.05061558036082682,0.0276002053098174,0.2753818218937108,0.7736449903651966
17457.0,-0.35548100705952534,1.4317308999682739,1.351695883882403,1.1235489065828317,-0.26567674408401915,0.5973701587498761
17458.0,-0.8901986867339421,-0.5566388957505917,-0.38716469955206717,-0.35829878078459476,0.5313235436848637,-0.04203967084261889
17459.0,-0.7565192668153379,-0.5566388957505917,-0.23238649938781394,0.06402751679149034,0.5984416885683977,0.24626556310103506
17460.0,-0.5130317519635945,1.5863629060023545,0.6199202971195171,0.4412826854098622,0.643225625568364,-0.9404421544729205
17461.0,-0.852004566757198,-0.2012239156425293,-0.15152576422547806,0.30058236427914886,0.7338985812987724,-0.14415255310661187
17462.0,-0.6753567618647568,-0.5566388957505917,-0.2126149386296853,-0.5003653932570907,-0.409791367250838,0.28310127806664687
17463.0,-0.8854244217368491,0.6551203441547673,0.7354957416394532,0.7297278048789838,1.393981172694407,0.37596390267421287
17464.0,-0.20747879214964213,-0.2012239156425293,-0.0015088710872412287,0.1455195683712627,-0.143159103290622,0.1350735952055764
17465.0,1.0720242270712836,0.6551203441547673,0.7376230824491417,0.728394771137077,0.7260579274719773,0.3799238624631436
17466.0,-0.914070011719407,-0.5566388957505917,-0.12526852121981422,-0.3047852448665163,-0.016856965827270066,0.4458507642269539
17467.0,0.9240220121614005,-1.057568175439826,-1.5593093363937918,-2.0681662404235324,-1.760606742132222,-1.3035390663960913
17468.0,-0.914070011719407,-0.2012239156425293,-1.1025192631608327,-0.6377568748440309,-1.2790083980134372,-1.908592810168047
17469.0,-0.8854244217368491,1.6569789035332354,1.230021823457284,1.0205406877881296,1.1091797317045071,0.11171109983475008
17470.0,-0.7469707368211519,1.1560496238440017,0.7608490049500632,1.1322692529215825,0.7867777069538352,-0.17998488612353414
17471.0,1.305963211928841,-1.057568175439826,-0.7440986201788549,-0.7583275439502549,-0.6247574474094066,0.21752763353437443
17472.0,-0.049928047245572905,0.07445736048174284,0.010410254910930204,0.0809159797362273,1.1935293341757096,-0.2264757231588278
17473.0,0.9908617221207026,-0.5566388957505917,-0.2894252119171392,-0.38678298695373253,-0.18999139653830796,0.1400074776979416
17474.0,1.9027463365654667,-1.057568175439826,0.10127974764728806,-0.5832255187891728,-1.4849208824917954,1.7948828603060534
17475.0,-0.5846457269199896,-1.057568175439826,-1.1040969211260714,-0.659431615462883,-0.8604674728291044,-0.45417775098854346
17476.0,0.9287962771584934,-0.5566388957505917,-0.4430021000338819,-0.5090729057452075,-0.29254282546769667,-0.14602047895750028
17477.0,1.9648117815276758,-0.5566388957505917,0.1649900562909255,-0.5061575680105667,0.03967179647401301,0.9868496062770832
17478.0,0.9860874571236096,-0.5566388957505917,0.24129769976231652,0.03785238316843076,-0.03660110367654417,1.1291109275845177
17479.0,2.060297081469536,-1.057568175439826,-0.6075796166935336,-0.3965587445103137,-0.6667842015304029,0.47225258498418293
17480.0,-0.5894199919170826,-0.5566388957505917,-0.02146729255090417,0.11570756769934702,0.1422232254034017,0.6392933737954908
17481.0,-0.9427156017019651,0.07445736048174284,0.2315363501356028,0.5110979646132758,0.4016839593570631,0.18496355622589802
17482.0,1.3632543918939568,-0.5566388957505917,-0.11375634425218102,-0.4639112852343134,0.1422232254034017,0.4673029967152547
17483.0,-0.6514854368792917,0.07445736048174284,-0.30767790090404334,-0.39902556759911106,-0.4753737252323317,-0.8175662785208516
17484.0,1.7881639766352344,-0.5566388957505917,-1.0503325468820626,-0.2376653310278139,-0.8604674728291044,-1.2755937016366383
17486.0,0.28427050255093755,-1.057568175439826,-0.5937213134845589,-0.613341055094861,-0.44192654764477163,0.4981101983710427
17487.0,2.5138522561933714,-1.057568175439826,-1.2404978550534929,-1.678281653088581,-1.2790083980134372,-0.7086824015158727
17488.0,2.0984912014462798,-1.057568175439826,-0.7118087082872462,-0.8352256109933592,-0.6667842015304029,0.2777759947802357
17489.0,-0.6801310268618498,-0.5566388957505917,-0.6311682921649895,-0.08481063868742843,-0.32031979307342545,-0.49629581786122945
17490.0,-0.9570383966932442,0.9308016202790399,0.7939479668317466,0.7519853483603718,0.643225625568364,0.1492583094354225
17491.0,-0.9570383966932442,1.6569789035332354,1.310857578617511,1.2688782138316503,0.7416649150137341,0.26208868085488335
17492.0,0.22220505758872847,-0.2012239156425293,0.1511483494388892,-0.05193340903266642,-0.214451185231064,0.4193462134046725
17493.0,0.8762793621904703,-1.057568175439826,-1.5711118171055403,-1.3459301923950664,-1.2790083980134372,-1.325560808787514
17494.0,1.434868366850352,-1.057568175439826,-2.004618441600887,-1.9029502298560697,-1.9434376418968569,-2.1344222204489363
17495.0,-0.9236185417135931,-0.2012239156425293,-0.0855989396078543,-0.18563985648921502,-0.07757674530912831,-0.02146070953014883
17496.0,0.7521484722660522,0.07445736048174284,0.3161717770005979,0.2141363587182859,0.20408973995326918,0.34252633763323914
17497.0,0.9001506871759354,-0.5566388957505917,-0.8250003377466812,-1.378005216237291,-1.3755129945354494,-0.8568625567854444
17498.0,-0.5989685219112687,-1.057568175439826,-0.8634281761781334,-0.13909354138263974,-0.7110837506520298,-0.005124265339994816
17499.0,0.42272418746663476,-0.5566388957505917,0.2789334710323474,0.5263943173531241,0.36579462773390486,1.199280231541029
17500.0,-0.880650156739756,-0.2012239156425293,0.16103185136622566,-2.1695060660815124,-1.9434376418968569,0.43775486774713857
17501.0,0.0932999026672173,-0.5566388957505917,-0.821647371318883,-0.7291046182118397,-0.6667842015304029,-0.8506279791932594
17502.0,-0.9188442767165,0.07445736048174284,-0.19853338138317364,-0.1697554106198197,-0.409791367250838,-0.6148698964083747
17503.0,-0.9474898666990581,-0.5566388957505917,-0.34849016818481243,-0.0014466212494210415,-0.12070997099915268,0.029989316223895016
17504.0,0.021685927710822197,1.7237759069352954,1.6824860896140594,1.5827554044457433,1.4281253661235325,0.8775760959067089
17505.0,-0.1883817321612701,0.29970536404670484,0.7066941952433902,0.61455675288513,0.5510676815341373,0.7717699748084209
17506.0,-0.5989685219112687,-1.057568175439826,-0.788715478792803,-0.8209851787762878,-0.8604674728291044,0.13427895126939657
17507.0,0.28904476754803055,-0.5566388957505917,-0.2911031355105658,-0.200088956405801,0.5110918473134085,0.13688185888926405
17508.0,0.37975580249279767,0.8006346437359392,1.1596368367175647,1.1696851864002002,1.2618473944394515,0.9874422583141801
17509.0,-0.6849052918589428,0.8006346437359392,1.363447153838058,1.2975654693796834,0.4690650931924128,1.3672179201634622
17510.0,-0.842456036763012,-0.5566388957505917,-0.4077719349919421,-0.09407005347335706,-0.32031979307342545,-0.0804164489100043
17511.0,-0.9474898666990581,3.164840440150358,3.7620139877015104,3.603224137556047,2.237591679696241,3.143704439185484
17512.0,-0.82335897677464,1.7237759069352954,1.2868763363126883,1.5844510034227879,0.7181415173627237,0.1411844181591869
17513.0,-0.6180655818996407,-0.2012239156425293,0.17401810147106755,-0.06667410690559651,-0.6667842015304029,0.4619432636310345
17514.0,-0.3507067420624323,-0.5566388957505917,-0.397490386286955,-0.3536691307934737,0.43606699321124226,-0.061269421816778816
17515.0,-0.813810446780454,0.9308016202790399,0.406481330998016,0.05169305399781207,0.6256046868143018,-0.5709229705982849
17516.0,-0.8901986867339421,0.4901498374805938,0.02969450900000927,0.045437939426142,1.0315815224206653,-0.7306873771100353
17517.0,0.5134352224114018,-1.057568175439826,-1.270476665012722,-1.022752397493591,-1.0432983725937395,-0.7646185768206443
17518.0,1.0720242270712836,-0.5566388957505917,-0.7270224080171955,-0.3941011432115922,0.42476554407078576,-0.6746406466032396
17519.0,-0.880650156739756,1.511464603952064,1.1895464798760769,1.2425544664781343,0.986980467473245,0.2034608960155638
17520.0,-0.7040023518473147,-1.057568175439826,-0.3642319488838642,-0.18922246798122297,-0.26567674408401915,0.9263045578650652
17521.0,-0.818584711777547,0.29970536404670484,0.24425482095799236,0.33058335301693326,0.3534734621303434,-0.08909145051883739
17522.0,-0.9522641316961511,0.29970536404670484,0.11733373744205113,0.4941680784252873,0.2753818218937108,-0.3251006953357384
17523.0,-0.9092957467223141,0.07445736048174284,-0.237374531948218,0.38226340392478936,-0.409791367250838,-0.6870196404353973
17524.0,0.7616970022602382,-0.2012239156425293,-0.3743501518443665,-0.19463326051556207,-0.09885955416899503,-0.5585918825127819
17525.0,0.7569227372631452,-0.2012239156425293,0.17593358576687365,-0.23960173178512437,-0.6247574474094066,0.46551113923126924
17526.0,-0.9379413367048721,1.254937876118928,1.05163325921548,0.7126396416416252,0.37793325082309986,0.24472123669421617
17527.0,-0.7040023518473147,0.07445736048174284,0.02351717729253404,0.0012476758898576639,0.057680039452894044,-0.20209856242178967
17528.0,-0.9570383966932442,0.8006346437359392,0.9926851217294486,0.9714045683580061,1.1935293341757096,0.6764693091617413
17529.0,1.9504889865363968,-0.5566388957505917,0.22272229084647252,0.31741830567587953,0.5007855218324396,1.0944794115398253
17530.0,-0.9570383966932442,1.254937876118928,0.8046107712038236,0.8364357995122381,1.7434457385582365,-0.2146566270602011
17531.0,-0.05470231224266591,-0.2012239156425293,0.23792093248931778,-0.020622368520814997,0.20408973995326918,0.5809804172113087
17532.0,0.8810536271875634,-1.057568175439826,-1.8791734830213596,-1.8121291499106194,-1.760606742132222,-1.90035985427272
17533.0,1.1149926120451208,-1.057568175439826,-2.3218188426553237,-1.9535450018021403,-2.5113622892582645,-2.7262728397448694
17534.0,-0.7040023518473147,0.29970536404670484,0.43556321913541096,0.373164191786549,0.47977559959369576,0.2668854927608953
17535.0,0.3749815374957047,-1.057568175439826,-1.2235969786235916,-0.8352256109933592,-0.9169962351303879,-0.6771477812933578
17536.0,-0.11676775720487499,-0.2012239156425293,-0.6539681818429051,-0.5799629434487835,-0.7579160438997158,-1.077967704465822
17537.0,-0.818584711777547,-0.5566388957505917,-0.0170610254478127,0.2370715072933765,0.4582127216583458,0.6475055691137416
17538.0,-0.837681771765919,-1.057568175439826,-1.5888628145891133,-0.8448935437864052,-1.192682094770814,-1.3586816334108416
17539.0,1.9886831065131407,0.07445736048174284,0.1850939571687097,0.24547001503700291,0.9275818525974744,0.09852188414226526
17540.0,-0.842456036763012,0.4901498374805938,0.40113152882915065,0.1235673591392446,-0.016856965827270066,-0.04047893982927585
17541.0,1.473062486827096,-1.057568175439826,-1.4487310681651817,-1.5671295918148718,-0.2396636998126339,-1.0972158199114714
17542.0,0.3272388875247746,-0.2012239156425293,-0.7026187957786317,-0.26935375822155644,0.24760485428798198,-1.1682322083399714
17543.0,1.6640330867108164,-1.057568175439826,-1.447603845707178,-1.3459301923950664,-0.9169962351303879,-1.095112583888957
17544.0,0.9001506871759354,-0.2012239156425293,0.027664062722360692,-0.1129895629648933,0.521270140592798,0.18938890087616903
17545.0,-0.7565192668153379,0.4901498374805938,0.31463230235126,0.22090882931553535,1.2820790908109065,-0.20133708469440859
17547.0,0.8333109772166333,-0.5566388957505917,-0.15933010397494668,-0.5120012294368813,-0.5102446079085138,0.3823817649334803
17548.0,0.1553653476294264,0.07445736048174284,-0.15598058827047084,0.009264940883848482,-0.5102446079085138,-0.5358061782441199
17549.0,-0.8472303017601049,-0.5566388957505917,-1.2943987335817824,-0.551306260279225,-1.6112230199551474,-1.728425012419289
17550.0,-0.021282457263014865,0.9308016202790399,0.7273521200197075,0.45085011637480515,1.4479491251839223,0.025377402146687444
17551.0,0.7521484722660522,-1.057568175439826,-0.8173487515606827,-0.807046686715895,-0.05683280004799887,0.08085335608160658
17552.0,-0.6753567618647568,1.254937876118928,0.8033454377809842,0.911262331202405,0.5007855218324396,-0.217008287386966
17553.0,-0.3411582120682463,0.07445736048174284,1.0177662719771599,1.0159614262127212,-2.179147667316555,1.6498317309142907
17554.0,-0.9570383966932442,0.29970536404670484,0.548136183662129,0.8446863167004507,0.2616110427421876,0.4764659173792268
17555.0,-0.866327361748477,0.29970536404670484,0.10041647051741628,0.2736035487620163,1.3436548781077107,-0.3565471342683998
17556.0,0.021685927710822197,-0.5566388957505917,-0.792345758398615,-0.6377568748440309,-0.9169962351303879,-0.7961397171643527
17557.0,-0.8949729517310351,0.07445736048174284,-0.32765076100198876,-0.29627499551606934,-0.32031979307342545,-0.8546424906226913
17558.0,0.9144734821672145,-1.057568175439826,-0.8985487888928398,-1.435207155173084,-0.32031979307342545,-0.07065430980448598
17559.0,1.487385281818375,-1.057568175439826,-1.2097611040019192,-0.38678298695373253,-0.9777160146122458,-0.6513320164452786
17560.0,-0.5082574869665015,0.9308016202790399,0.5270182174554893,0.7825874643830275,-0.09885955416899503,-0.3470465182214603
17561.0,-0.87110162674557,0.07445736048174284,-0.18420281765610802,-0.1610937888567785,1.0992481910462715,-0.5882457049171351
17562.0,-0.8949729517310351,0.6551203441547673,0.15112279858960898,0.3394837762263826,0.10944517163608153,-0.7104240195118646
17563.0,1.7977125066294204,-0.5566388957505917,-0.6018654874802686,-0.4216536837493171,-0.34907158776898006,-0.44176246873749
17564.0,-0.8472303017601049,-0.2012239156425293,-0.4974242333251147,-0.788910154934063,-0.07757674530912831,-0.7873067082999412
17565.0,1.8406808916032575,-1.057568175439826,-1.380963302706385,-1.2957220170974781,-0.26567674408401915,-0.970770853821384
17566.0,-0.9236185417135931,-0.5566388957505917,-0.031662721977248696,0.013237204218814665,0.8012797151341228,0.6202918267081017
17567.0,-0.9283928067106861,0.9308016202790399,1.199086945425182,1.1735383016850547,0.9025618299872694,0.9035141498858916
17568.0,2.060297081469536,-1.057568175439826,-0.6353418671646409,-0.3747642320667963,0.30224790327738865,0.420452192929969
17569.0,0.623243317344541,-1.057568175439826,-0.6957456023424283,-0.7332006288566868,-0.29254282546769667,0.30774745499798317
17570.0,0.8619565671991913,-1.057568175439826,-1.5775483296069972,-3.613978162138445,-2.5113622892582645,-1.3375704213145783
17571.0,-0.7230994118356868,0.29970536404670484,0.41907953373033163,0.46627190910449795,1.569105506198596,0.23620363895624
17572.0,-0.6228398468967337,1.0485519735441977,-0.2379565369061527,-0.2612873063223159,-0.8604674728291044,-1.9027637711639207
17573.0,-0.82335897677464,-0.2012239156425293,-0.6236826371613429,-0.3005163494651244,-0.44192654764477163,-1.0217600997206244
17574.0,0.19833373260326345,-1.057568175439826,-1.1368623300274723,-1.205524959583125,-1.2790083980134372,-0.5153133217044538
17575.0,2.222622091370698,-1.057568175439826,-1.1926045968122625,-1.2490778079274656,-1.6112230199551474,-0.6193204257556096
17576.0,-0.9236185417135931,2.7037676367644212,1.6210947324270795,1.4725026827777346,1.8658369279164961,-0.3354429674713364
17577.0,2.1175882614346517,-0.5566388957505917,-0.6862241982110723,-0.6557691682088246,-0.5847816131886778,-0.5987403178580781
17578.0,0.07897710767593827,0.6551203441547673,0.10150567252610243,0.05417852985744867,0.24760485428798198,-0.8024933437097771
17579.0,-0.9379413367048721,0.07445736048174284,-0.134719658810621,-0.1715015141212187,0.6075964438354208,-0.49629581786122945
17580.0,0.2460763825741935,0.29970536404670484,-0.37185684015496623,-0.5120012294368813,0.5007855218324396,-1.233003703581587
17581.0,-0.9570383966932442,2.7612404931387906,2.139845005206085,1.9529511780677031,1.8048155316182937,0.5656962958257509
17582.0,0.1649138776236124,0.29970536404670484,0.3332534169874522,0.14009985439624004,0.6344625252190986,0.07648024334989245
17583.0,1.7117757366817463,-1.057568175439826,-1.3590437849147883,-1.4233616530429278,-1.3755129945354494,-0.9298721659997431
17584.0,-0.9283928067106861,0.4901498374805938,1.265784807375625,1.064660054160934,0.5703472080455595,1.5699009380455347
17585.0,-0.4414177770071994,0.6551203441547673,0.5882332393030064,1.076815042203246,1.5830639710850705,0.1019127474610796
17586.0,1.9934573715102337,-1.057568175439826,-1.2106979686085007,-1.286124655672843,-1.2790083980134372,-0.6530800719198571
17587.0,2.036425756484071,-1.057568175439826,-1.1720834988462383,-1.2957220170974781,0.0024225606841520096,-0.5810309894892929
17588.0,-0.4843861619810365,0.6551203441547673,0.8416324968091335,0.683292454002868,-0.143159103290622,0.5735653859273443
17589.0,-0.6753567618647568,1.7237759069352954,1.9531089470654686,1.8941149905489634,2.1647132621734366,1.3817673666101333
17590.0,-0.9522641316961511,-0.2012239156425293,0.34362034040496403,0.3434899286712979,1.0942369089268609,0.7779115437756268
17591.0,-0.6132913169025477,0.8006346437359392,0.677798986541284,0.49034593055540676,0.643225625568364,0.09035577390552911
17592.0,2.5663691711613947,-1.057568175439826,-1.2970852826289005,-1.6612051713861486,-0.9169962351303879,-0.8142664548258218
17593.0,-0.9427156017019651,1.1560496238440017,1.5681567041076765,1.6036423980723866,1.626197196775095,1.3229030363782917
17594.0,-0.5560001369374316,0.07445736048174284,0.7248409370470238,0.6780312521140787,0.413306027586857,1.1038131215036369
17595.0,-0.9045214817252211,-0.5566388957505917,-0.6123208658895654,-0.4974883314143884,0.38989466139460405,-0.46122088395501026
17596.0,-0.852004566757198,1.3464940972778903,1.1457522377898375,1.7518406633754098,1.5227699344407197,0.313001160906745
17597.0,0.059880047687566246,0.29970536404670484,0.9635500019561113,0.9946540102080195,0.772014387314677,1.250365739241189
17598.0,0.8571823022020983,-1.057568175439826,-0.5704574146447613,-0.8850530556485808,-1.1145904545341814,0.5415173091117673
17599.0,1.3202860069201199,-1.057568175439826,-2.039597841489351,-2.436061902306955,-1.9434376418968569,-2.199688781959477
17600.0,-0.875875891742663,-1.057568175439826,-1.2355400469531586,-0.7979158790770093,-0.9169962351303879,-0.699431840089156
17601.0,0.1792366726148914,-0.5566388957505917,-0.5650649417715837,-0.3287729255046244,0.4016839593570631,-0.37326763869863394
17602.0,-0.9522641316961511,1.4317308999682739,1.4995544109227184,1.6362989610491165,1.928095378408947,0.8727126398068578
17603.0,-0.5894199919170826,0.07445736048174284,0.4851830650780119,0.1771317920663914,0.7338985812987724,0.657282223392258
17604.0,0.07420284267884526,0.4901498374805938,0.025810437651049803,0.15196479236674354,0.986980467473245,-0.7378963939710143
17605.0,1.8550036865945365,-1.057568175439826,-1.2396100162740338,-1.2581456424754653,-0.9169962351303879,-0.7070258212287388
17606.0,2.5568206411672088,-1.057568175439826,-1.67397912026078,-1.597016901219535,-1.4849208824917954,-1.5174964963697084
17607.0,0.8333109772166333,-1.057568175439826,-0.7175511261310734,-0.38921333198338165,-0.5102446079085138,0.2670614636956993
17608.0,-0.8042619167862679,0.07445736048174284,-0.4456383836821207,0.05293696653884966,0.9398110657771308,-1.0735522949255276
17609.0,-0.7660677968095239,1.1560496238440017,0.524023255633634,0.6550648465193744,1.641804184316852,-0.6198843938980079
17610.0,1.6162904367398863,0.29970536404670484,0.36476018005530253,0.3978901263359389,0.8084355865789369,0.13510890177009843
17611.0,-0.9283928067106861,2.2461917041447332,1.5895754343193433,1.57310453913637,2.31477721857169,0.11456695254227497
17612.0,-0.7087766168444078,1.7237759069352954,1.2772383972020802,1.2992475366047136,1.3172829716921783,0.12325750336213484
17613.0,-0.852004566757198,1.4317308999682739,1.1541827636900157,1.0715578563959405,1.309589562375142,0.22975795741540528
17614.0,-0.6896795568560358,-1.057568175439826,-0.613006045159243,-0.47769391964063307,0.6773698189974897,0.4621276449232024
17615.0,-0.3411582120682463,0.4901498374805938,-0.16531154375502896,-0.16627705551152036,0.09255092212907612,-1.0923501920564664
17616.0,-0.131090552196154,0.07445736048174284,-0.15291004927903568,-0.3445065074655823,-2.5113622892582645,-0.5301003177065785
17617.0,1.7070014716846533,-1.057568175439826,-0.6151026789637515,-0.4398081039294526,-0.6667842015304029,0.4582156258604579
17618.0,-0.9331670717077791,1.1560496238440017,1.0629084860352997,0.8576024017401527,1.2740462610544514,0.3818696667042104
17619.0,0.5277580174026809,-1.057568175439826,-1.0341584157374832,-0.8954883157324756,0.42476554407078576,-0.32368249439596336
17620.0,-0.6753567618647568,-1.057568175439826,-1.7232559449494174,-1.3671387278127125,-1.760606742132222,-1.6094400094042398
17621.0,-0.861553096751384,0.4901498374805938,0.8969330599309605,0.5407513774469132,0.30224790327738865,0.882522368470075
17622.0,1.8931978065712807,-0.5566388957505917,0.15610711605141192,-0.16454475521589296,-0.6247574474094066,0.9702898579297136
17623.0,-0.8042619167862679,0.6551203441547673,0.6858636734054433,0.3248560572129775,0.9151673412720975,0.2835838331302415
17624.0,-0.8901986867339421,0.07445736048174284,0.39115703838801885,0.44403047449611055,0.6256046868143018,0.48215680544630185
17625.0,-0.875875891742663,0.8006346437359392,1.350987026597305,1.2962542129048993,1.88902740253301,1.3439960519306073
17626.0,1.9170691315567456,-1.057568175439826,-0.9129521657021668,-0.5767164796572039,-0.6667842015304029,-0.0975289526366363
17627.0,1.3250602719172129,-1.057568175439826,-0.8026720873490981,0.215108136547563,-1.1145904545341814,0.10823791415262253
17628.0,-0.5750971969258036,-1.057568175439826,-1.7745764948056837,-1.1888808406597104,-1.6112230199551474,-1.7051968215459319
17629.0,-0.9331670717077791,1.0485519735441977,0.7125722644330165,0.8948944919980382,0.9088888272366124,-0.14263836375652
17630.0,-0.15018761218452603,-0.5566388957505917,-0.42319137980008925,-0.7373223199867728,-0.44192654764477163,-0.10913063161170591
17631.0,-0.9522641316961511,0.6551203441547673,0.06727022549018563,0.1269072862983992,0.36579462773390486,-0.8659995155518811
17633.0,-0.813810446780454,0.6551203441547673,0.5856858688112808,0.4022875178608397,0.5607641505877349,0.09717350806773158
17634.0,-0.7899391217949889,0.9308016202790399,0.6836834161311094,0.35614798676153486,1.3018232286601803,-0.055835025501004686
17635.0,1.0624756970770977,-0.2012239156425293,0.23721873976722885,0.30058236427914886,0.2889249744088639,0.579672290531947
17636.0,-0.87110162674557,-1.057568175439826,-0.8292199583576887,-0.644902679784246,-0.5847816131886778,0.05870338063629694
17637.0,-0.813810446780454,-0.5566388957505917,-0.36390453978679654,-0.3629612654471078,-0.143159103290622,0.0012801262721864922
17638.0,2.127136791428838,-0.5566388957505917,-0.05458024002174293,-0.07870936443663688,-2.179147667316555,0.5775808543304461
17639.0,0.35588447750733265,0.4901498374805938,-0.27984673325028286,0.11003533594598465,0.2753818218937108,-1.3044656099831977
17640.0,-0.5464516069432456,0.4901498374805938,0.8955354235323144,0.8176787941214196,0.10944517163608153,0.879918681520139
17642.0,-0.38890086203917634,0.29970536404670484,0.4995200891678442,0.727504577931593,0.5984416885683977,0.3859470070869984
17643.0,0.8189881822253543,-0.5566388957505917,-0.5203550186419668,-0.5032551015661108,-0.26567674408401915,-0.2900401714558114
17644.0,-0.9570383966932442,1.8474233769671247,1.3569264420633025,1.2894689826757109,1.0841214462193633,0.1308743071561705
17646.0,0.08375137267303129,1.254937876118928,1.0442284406973208,0.6485681774846647,0.8767536468426793,0.23094356588295611
17647.0,-0.6514854368792917,-0.2012239156425293,-0.722174063132518,-1.164679055612675,-0.9777160146122458,-1.2045044136087566
17648.0,-0.6705824968676638,0.29970536404670484,0.6390733204166519,0.4412826854098622,0.8084355865789369,0.6458159218276552
17649.0,-0.30296409209150227,-0.2012239156425293,0.39583239013717997,0.25923341198068833,0.5984416885683977,0.8752040124122656
17650.0,-0.861553096751384,-1.057568175439826,-1.216344988298549,-0.7712605692098072,-1.2790083980134372,-0.6636166036821798
17651.0,-0.9045214817252211,1.5863629060023545,1.3171559802476427,1.3970580793111167,1.2577404080340233,0.3547456826517564
17652.0,-0.842456036763012,1.254937876118928,1.2034689062679707,1.076553178992534,0.8364500102281615,0.5273138220431207
17653.0,-0.7851648567978959,0.07445736048174284,0.203570117661704,0.6974307963708649,0.03967179647401301,0.13290929132271934
17654.0,0.36065874250442564,-1.057568175439826,-1.4625792556632315,-1.612486028620509,-0.5102446079085138,-1.123054558827317
17655.0,-0.9092957467223141,0.9308016202790399,0.8505644670216377,0.6281659945551095,0.4690650931924128,0.25460209200936457
17656.0,-0.6132913169025477,0.29970536404670484,0.4380770971143407,0.6927517190964001,0.37793325082309986,0.2715648402794256
17657.0,1.0911212870596556,-1.057568175439826,-1.4131711666939029,-1.3671387278127125,-1.3755129945354494,-1.0308661254031508
17658.0,-0.837681771765919,-0.5566388957505917,-0.30322440677763846,0.15409923444239462,-0.7110837506520298,0.11430283851750925
17659.0,-0.880650156739756,1.4317308999682739,0.9844308056514341,0.8405740011018757,1.0315815224206653,-0.08595628965975294
17660.0,-0.28864129710022324,-0.5566388957505917,-0.6997487028385638,-0.4140241097389037,0.4690650931924128,-0.6239024852681924
17662.0,2.198750766385233,-0.5566388957505917,-0.5653422734086422,-0.6377568748440309,-0.8604674728291044,-0.37378385300720757
17663.0,-0.837681771765919,1.6569789035332354,1.2475018862913911,1.0185411845858148,1.0477002469551036,0.1442246756838062
17664.0,-0.87110162674557,0.07445736048174284,0.1786005550201059,0.5092382530992614,0.38989466139460405,0.08643704386187982
17665.0,1.391899981876515,-1.057568175439826,-0.3432042239728489,0.22856431706834754,-0.6247574474094066,0.965539287611933
17666.0,-0.9427156017019651,0.29970536404670484,0.5823347921242988,0.7609356060329487,-0.26567674408401915,0.540148292376298
17667.0,-0.6467111718821987,0.9308016202790399,1.05371732254558,0.9895912767429668,0.9754402475100741,0.6327713576050567
17668.0,-0.9570383966932442,-0.5566388957505917,-0.6882788756404732,-1.082861937727266,-0.8604674728291044,-0.6025631065970222
17669.0,-0.7565192668153379,1.0485519735441977,1.3703379611623507,1.2962542129048993,0.5703472080455595,1.0817220231631295
17670.0,0.12671975764686835,-1.057568175439826,-1.0636437104456518,-0.9735775128852286,-1.0432983725937395,-0.3786978407673506
17671.0,-0.8854244217368491,0.29970536404670484,0.5686718184993946,0.46361571324129663,0.20408973995326918,0.5147052859552567
17672.0,-0.7230994118356868,0.6551203441547673,1.3265427218351162,1.1387344314920689,1.1755210911968286,1.4769986146255811
17673.0,-0.9522641316961511,1.3464940972778903,1.093141845017184,1.253450974199131,1.2452944663588967,0.21510899370932568
17674.0,-0.6085170519054547,-0.5566388957505917,-0.35871220644142837,0.21121237651416408,-0.6247574474094066,0.010950696881008486
17675.0,-0.9570383966932442,3.3523882097556723,2.671187783368697,2.3016683396340367,1.7109463251854902,0.9039746720201202
17676.0,-0.9427156017019651,1.0485519735441977,0.7105596676250377,0.8450588911404592,0.5703472080455595,-0.14637985477902185
17677.0,-0.9522641316961511,3.036921769263064,2.6201564830118174,2.4705981075739936,1.713310950412157,1.155795663591509
17678.0,0.2985932975422166,-0.5566388957505917,-0.2980215491362263,-0.18385584567445426,-0.34907158776898006,0.1239944365161845
17679.0,-0.7087766168444078,0.6551203441547673,0.9825523554546886,0.8416980952745278,0.413306027586857,0.8360154967894771
17680.0,-0.8472303017601049,-0.2012239156425293,-0.4319910772329571,-0.7498447477801015,-0.5847816131886778,-0.6657285456759405
17681.0,1.8884235415741877,0.29970536404670484,-0.15603938910646717,-0.05193340903266642,-0.9777160146122458,-0.832869286908055
17682.0,-0.914070011719407,1.1560496238440017,1.074228149899783,1.0139479251538845,0.5703472080455595,0.40293831795393925
17683.0,0.8810536271875634,-0.2012239156425293,-0.07476247711799067,0.3098954413396573,-0.016856965827270066,-0.0012909862547795718
17684.0,-0.7517450018182449,-1.057568175439826,-0.9552312811268276,-0.793397596124442,-0.8075883471740417,-0.17641574018226594
17685.0,-0.880650156739756,1.254937876118928,1.2851855987192033,1.2904155740297514,0.8767536468426793,0.6794605949723278
17686.0,-0.9283928067106861,0.9308016202790399,1.586062576170811,1.3107196177752125,1.5491553223096726,1.6246339292489298
17687.0,1.0481529020858187,-1.057568175439826,-0.5318777647371591,-0.551306260279225,-0.3788691287103198,0.6135014226694173
17688.0,0.9192477471643075,-1.057568175439826,-0.7839975419956078,-0.9503040176316452,-0.6247574474094066,0.14308194712292296
17689.0,0.8906021571817494,-0.5566388957505917,-0.7543352799674474,-0.3177608157300655,-0.7110837506520298,-0.7254458395275208
17690.0,-0.818584711777547,1.8474233769671247,1.4603952733471908,1.1805069547416485,1.4043746575895693,0.3233674956932312
17691.0,0.7473742072689592,0.07445736048174284,-0.25424501650631176,-0.28578980384625685,-0.09885955416899503,-0.718352066428627
17692.0,-0.35548100705952534,1.254937876118928,0.8504246642442772,1.0301669828592521,0.6166500395156311,-0.12949938818056872
17693.0,-0.30773835708859526,-1.057568175439826,-1.082034236008438,-0.4889319297376028,-0.7579160438997158,-0.41301193339564074
17694.0,-0.28386703210313025,-0.2012239156425293,0.44713264202900993,0.7354732522472812,0.20408973995326918,0.9708061523914262
17695.0,-0.3316096820740603,0.29970536404670484,0.4679993314527144,0.861609886247329,0.07530097820695623,0.32726522649623285
17696.0,-0.780390591800803,2.202838357075187,1.5305958393800703,1.637527447501871,1.2284002168518913,0.05340962518682619
17697.0,0.1649138776236124,-1.057568175439826,-0.7066183122737143,-1.082861937727266,-0.6247574474094066,0.2874605320153345
17698.0,0.28427050255093755,-1.057568175439826,-1.2658140891317877,-1.082861937727266,-1.2790083980134372,-0.7559188765255882
17699.0,1.315511741923027,-0.5566388957505917,-0.5166196477892178,-0.5575673321928842,-0.7110837506520298,-0.2830862415275933
17700.0,-0.880650156739756,1.4317308999682739,1.4305392022589178,1.2894689826757109,1.4768134745980201,0.7441785769212433
17701.0,0.2460763825741935,-1.057568175439826,-0.5566745347147398,-0.9795269433700604,-0.44192654764477163,0.5672341934383567
17702.0,-0.818584711777547,0.4901498374805938,0.8898764275925102,0.975998630252692,0.8501060275513096,0.869376497890471
17703.0,-0.7947133867920819,0.07445736048174284,0.13331149780287016,0.4008249864861125,0.32826094754877355,0.0021577300918577827
17704.0,-0.15496187718161905,-0.5566388957505917,-0.019066409817354617,-0.22997626581046446,-0.34907158776898006,0.6437680201172524
17705.0,-0.9474898666990581,1.1560496238440017,0.5948687737055649,0.6450431954103398,0.4582127216583458,-0.4883598131482426
17706.0,-0.9427156017019651,2.3678088637493606,2.2270948362790297,1.8240525422191731,1.8480029018364958,1.165458506944866
17707.0,-0.07857363722813095,0.8006346437359392,-0.28671574488059703,0.07493406783723336,-1.192682094770814,-1.6980198827464312
17708.0,-0.06425084223685192,0.07445736048174284,-0.01988472743199246,-0.1508482685260959,0.24760485428798198,-0.2828148641298581
17709.0,-0.15018761218452603,0.29970536404670484,-0.21759508380133427,-0.3287729255046244,-0.09885955416899503,-0.9470719903916058
17710.0,1.0624756970770977,-1.057568175439826,-0.8096073064752667,-0.7373223199867728,-0.5847816131886778,0.09529778633080603
17711.0,-0.9092957467223141,-0.5566388957505917,-0.6152699311733318,-0.44774471036475055,-0.5102446079085138,-0.4667092326742152
17712.0,-0.7469707368211519,-1.057568175439826,-0.39624288237115823,-0.5359095944469988,-0.29254282546769667,0.8665767304546435
17713.0,0.8619565671991913,0.07445736048174284,0.1979250567969414,0.4649451526868721,0.21885305959242807,0.12240259799231627
17714.0,0.570726402376518,0.29970536404670484,0.31479504320086643,0.1455195683712627,0.4016839593570631,0.042135664199961564
17715.0,-0.0021853972746428366,-0.5566388957505917,-0.4433822986377446,0.11003533594598465,-2.5113622892582645,-0.1467284325664767
17716.0,-0.852004566757198,2.0628271562006084,2.0553462515553518,1.902743002770115,1.6844748222213555,1.1876258019657973
17717.0,1.0481529020858187,-1.057568175439826,-0.6306364302936721,-0.22806796960317863,-0.3788691287103198,0.4292318657074409
17718.0,0.14581681763524038,-0.5566388957505917,-0.5212022390496565,-0.37715046910341965,-0.5102446079085138,-0.291617382674942
17719.0,-0.780390591800803,1.511464603952064,1.2773953082850489,1.0651932314665582,0.7867777069538352,0.3669231868424106
17720.0,-0.837681771765919,1.0485519735441977,0.7718095518105212,0.7764145778859152,0.5313235436848637,-0.032497369197128326
17721.0,2.184427971393954,-1.057568175439826,-0.7769550089477583,-0.9915898062500224,-1.0432983725937395,0.1562223073870529
17722.0,-0.5034832219694085,0.29970536404670484,0.9709510330039072,1.0506434534012832,1.0992481910462715,1.2641592554423338
17723.0,-0.35548100705952534,0.6551203441547673,0.9414511503254955,0.41171547708604483,-1.4849208824917954,0.7594586260229038
17724.0,-0.6228398468967337,-0.2012239156425293,0.09162894087418211,-0.3177608157300655,-0.07757674530912831,0.3084972593941321
17725.0,-0.8854244217368491,1.1560496238440017,0.9542218748891679,0.9787397360243448,0.8155295016493898,0.17962153856108448
17726.0,0.9240220121614005,0.6551203441547673,0.13148874039407746,-0.06073810646911588,0.17374026765232672,-0.7468610684098546
17727.0,-0.8901986867339421,-1.057568175439826,0.1102955274723565,0.18429428014936225,0.36579462773390486,1.8117050170724531
17728.0,-0.9427156017019651,0.29970536404670484,1.1042079215936729,0.9738587292362738,1.2494641551154662,1.5125400630379546
17729.0,1.8836492765770947,-1.057568175439826,-0.5220667826888625,-0.4450885145015486,-0.4753737252323317,0.631807313147119
17730.0,-0.9474898666990581,1.8474233769671247,1.539344310818907,1.568039455196177,1.1663663359298055,0.470295560256318
17731.0,-0.5846457269199896,0.4901498374805938,0.45261737928554724,0.24454212838783287,0.5412550843430992,0.0552959638289903
17732.0,0.8189881822253543,0.8006346437359392,0.6227234149831274,0.5092382530992614,0.6166500395156311,-0.012088890668155763
17733.0,-0.7756163268037098,-0.5566388957505917,-0.19532743888636847,-0.03325171793457919,-0.18999139653830796,0.3153102530763138
17734.0,-0.7040023518473147,0.4901498374805938,0.33095513942976296,0.27537792927725413,0.47977559959369576,-0.1709873468029611
17735.0,-0.9522641316961511,2.15790818322247,2.0918749467689213,2.0287847509393937,1.8132191137203046,1.1486750866451167
17736.0,-0.9188442767165,-0.2012239156425293,-0.6296497314417778,-0.46938971345332225,-0.44192654764477163,-1.0328355554543702
17737.0,-0.9188442767165,-0.5566388957505917,-1.2071274109182253,-0.985530707305215,-1.2790083980134372,-1.5666059117639737
17738.0,-0.87110162674557,1.3464940972778903,1.0948037574256062,1.143009495860898,1.1477441235911,0.21820100757282507
17739.0,-0.9045214817252211,1.7237759069352954,1.5353450065038112,1.0293232510876524,0.233355067772715,0.6035765675959155
17740.0,0.8953764221788424,0.4901498374805938,-0.541506040240259,-0.5149426552915989,-1.6112230199551474,-1.7879509169942112
17741.0,0.9813131921265165,-0.5566388957505917,-1.5697751845503516,-0.9503040176316452,-1.4849208824917954,-2.2380928729525307
17742.0,-0.4223207170188274,1.1560496238440017,0.5998695557658059,0.19238555252627512,0.17374026765232672,-0.4790734546396895
17743.0,1.1770580570073297,-1.057568175439826,-0.986372994785899,-1.0622086921321432,-1.9434376418968569,-0.2345217276078459
17744.0,-0.9427156017019651,0.6551203441547673,0.7670139138207196,1.353846680183153,0.8568496217702717,0.4346365109293574
17745.0,1.3202860069201199,-0.5566388957505917,-0.29732908514582146,-0.712971107144618,-0.34907158776898006,0.12528432930067407
17746.0,0.18401093761198442,0.07445736048174284,-0.003851628977101929,0.22665878651161467,-0.214451185231064,-0.25299932216826043
17747.0,-0.4223207170188274,-1.057568175439826,-1.8164461078782437,-2.383441219414615,-2.5113622892582645,-1.7833195362218919
17748.0,1.5542249917776771,-1.057568175439826,-0.6671924757075809,-0.967681441239905,-0.7110837506520298,0.3610235089547042
17749.0,-0.11199349220778199,-0.2012239156425293,0.08688018543758252,-0.05779008546708409,0.17374026765232672,0.299653922186779
17750.0,-0.9379413367048721,0.9308016202790399,0.45322980542334296,1.3401339192604944,0.7101478727648092,-0.48411627511925964
17751.0,1.0481529020858187,-1.057568175439826,-1.252547276256918,-0.784453137307648,-0.2396636998126339,-0.7311648995760847
17752.0,0.7521484722660522,-1.057568175439826,-1.7302535196769238,-0.609925943093793,-2.5113622892582645,-1.6224964838673142
17753.0,1.2534462969608178,0.07445736048174284,-0.6209423582085686,-0.8954883157324756,0.32826094754877355,-1.3983874455447565
17754.0,-0.9570383966932442,1.3464940972778903,1.1392956084120647,1.44062123868584,1.2023871725805064,0.30098625151174546
17756.0,0.8333109772166333,-0.2012239156425293,-0.158444547792683,-0.1308241545900461,0.20408973995326918,-0.15702689981180656
17757.0,-0.9570383966932442,3.0810494464218268,1.6503141238988348,1.531184893632634,1.7502452968544266,-0.6964177052293399
17758.0,-0.87110162674557,1.254937876118928,1.2175253633178211,1.2362164808190252,1.837924766502632,0.5534826137937352
17759.0,-0.880650156739756,0.29970536404670484,0.23511939396145662,0.44881164161964987,0.8084355865789369,-0.10608337334443974
17760.0,-0.856778831754291,0.4901498374805938,-0.1413046853383585,0.056654644203912516,0.2616110427421876,-1.0478594998344415
17761.0,-0.8042619167862679,-1.057568175439826,-0.1743229422017967,-0.1324697313736682,-0.6247574474094066,1.2806476256576182
17762.0,1.2152521769840738,-1.057568175439826,-1.3922891228463157,-0.8697043215419273,-0.7579160438997158,-0.9919032157022949
17763.0,0.2938190325451236,0.07445736048174284,-1.6833863218634277,-1.612486028620509,-1.0432983725937395,-3.3458862588932976
17764.0,-0.7183251468385938,0.29970536404670484,0.36553288167756687,0.21316314228325903,0.8897593496354799,0.13654685288157326
17765.0,-0.2027045271525491,0.07445736048174284,-0.3947514684506335,-0.5997857793564824,0.42476554407078576,-0.979163530187748
17766.0,0.8571823022020983,-0.5566388957505917,-0.794871667024026,-0.7498447477801015,-0.5466658071727737,-0.8008371029880659
17767.0,-0.8901986867339421,-0.5566388957505917,-0.5651169332899879,-0.5897996493919544,-0.143159103290622,-0.37336441372280144
17768.0,-0.9236185417135931,0.6551203441547673,0.9230250765105801,1.0304479863180287,0.9398110657771308,0.725139926040344
17769.0,-0.8997472167281281,1.6569789035332354,1.469566007858166,1.2275308815517498,1.674632757063893,0.557466131317215
17770.0,-0.01173392726882885,0.29970536404670484,0.16434441233168604,-0.18922246798122297,-0.18999139653830796,-0.2377012436525275
17771.0,-0.6896795568560358,0.07445736048174284,-0.6109894163814223,-0.17500769620178155,0.32826094754877355,-1.3799599998645016
17772.0,-0.9092957467223141,-0.2012239156425293,-0.6620162885671116,-0.9560456050601144,0.6518959929570478,-1.092902214676645
17773.0,1.492159546815468,-0.5566388957505917,-0.3277628045891738,-0.42678970660539517,0.10944517163608153,0.06859565606899133
17774.0,-0.49870895697231554,0.9308016202790399,0.9188955277797168,0.7747586385171644,1.5577649504513331,0.3817721549426203
17775.0,0.2556249125683795,-1.057568175439826,-1.983044535197196,-1.2490778079274656,-1.9434376418968569,-2.0941683940880234
17776.0,0.8858278921846564,-0.5566388957505917,-0.724550853604898,-0.37954539919033564,0.4582127216583458,-0.6700429699726601
17777.0,-0.842456036763012,-0.2012239156425293,-0.24308314720042415,0.018496492922869624,0.9812306749482648,-0.31449239104261567
17778.0,2.198750766385233,-1.057568175439826,-1.0919688716172122,-0.5389602151498709,-1.1145904545341814,-0.4315485437466578
17779.0,-0.861553096751384,-0.2012239156425293,-0.24003584000632844,-0.13577329401288032,0.4472146763622555,-0.30882399417311723
17780.0,2.222622091370698,-0.2012239156425293,-0.690731632595569,-0.745644046063802,0.47977559959369576,-1.1461804122950987
17781.0,-0.2027045271525491,-0.5566388957505917,-1.1278079783898551,-1.7323456023823347,-0.9777160146122458,-1.4194304676154823
17782.0,0.8667308321962843,-0.5566388957505917,-0.20909230202618512,0.06524832973619131,-0.29254282546769667,0.28966433956667087
17783.0,-0.6180655818996407,-0.2012239156425293,-0.6305604821958121,-0.06966232833151947,0.6256046868143018,-1.0345259470681978
17784.0,1.6640330867108164,-1.057568175439826,-1.4915451377535833,-1.2490778079274656,-0.6247574474094066,-1.1771007554797785
17785.0,-0.7087766168444078,-0.2012239156425293,-0.5820749441230479,-0.5003653932570907,0.10944517163608153,-0.9445194025664524
17786.0,-0.5560001369374316,-0.5566388957505917,-0.8776725989494778,-0.5997857793564824,0.24760485428798198,-0.9547889634502634
17787.0,-0.23135011713510714,0.07445736048174284,0.4967828474432973,0.4000924988540104,0.6518959929570478,0.6788898244573758
17788.0,-0.6085170519054547,-0.5566388957505917,0.14825533103470115,-0.548197944409192,-1.9434376418968569,0.9556525596918891
17789.0,0.37975580249279767,-0.5566388957505917,-0.5932164850208643,-0.5865043663930697,-0.34907158776898006,-0.42566534055576527
17790.0,-0.832907506768826,1.8474233769671247,0.8014484061813341,0.6870925084090701,1.2154969254175574,-0.900662331282376
17791.0,-0.818584711777547,-1.057568175439826,-1.5354667577834893,-1.5385421495302896,-1.1145904545341814,-1.2590522218990134
17792.0,1.2677690919520967,-0.5566388957505917,-0.6470965155271241,-0.7756287419706503,0.057680039452894044,-0.52593624032361
17793.0,-0.842456036763012,-1.057568175439826,-0.7931311734739422,-0.5032551015661108,0.12599809971663617,0.1260398960129516
17794.0,2.3181073913125583,-0.5566388957505917,-1.3019078518680007,-1.5385421495302896,-1.3755129945354494,-1.742342595887238
17795.0,-0.10244496221359597,-0.5566388957505917,-0.6984744624420447,-0.30693013284356935,0.021258840188633787,-0.6215318357374053
17796.0,-0.7708420618066169,0.6551203441547673,0.2204872577131684,-0.2223760935121599,1.0261373690197537,-0.5816554104857826
17797.0,-0.856778831754291,0.8006346437359392,0.5552348512351429,0.5263943173531241,1.3510363881442073,-0.13758791833757109
17798.0,1.8168095666177926,-1.057568175439826,-1.166612705945398,-0.8256977981095772,0.021258840188633787,-0.5708232717321942
17799.0,-0.856778831754291,1.8474233769671247,1.3824509841886785,1.3272032172052657,1.9774470207676875,0.17835247530304155
17800.0,-0.7851648567978959,0.9308016202790399,0.19138419959055783,0.26735522871450024,0.15813328011056985,-0.96994230747918
17801.0,1.1913808519986089,-0.2012239156425293,-0.11895865347659021,0.3418903960530085,0.36579462773390486,-0.08354780482020158
17802.0,-0.5703229319287106,1.0485519735441977,1.21494665688403,1.1259828507988232,1.5491553223096726,0.7922575335562504
17803.0,0.9096992171701214,-1.057568175439826,-1.1406786192505847,-1.0487917451858157,-0.34907158776898006,-0.522433972033404
17804.0,0.8333109772166333,-0.2012239156425293,-0.6177274527599981,-0.6031484853164844,0.5412550843430992,-1.0107062710275116
17805.0,-0.6085170519054547,-0.5566388957505917,0.014038202248017582,0.5501514672776301,-1.1145904545341814,0.7054684526594867
17806.0,-0.9092957467223141,-1.057568175439826,-0.3652413085305896,0.2628555014839254,0.021258840188633787,0.9244212370053785
17807.0,0.9240220121614005,-0.2012239156425293,-0.5233410273653698,-0.4064820662334041,0.5984416885683977,-0.8354482682497876
17808.0,1.6592588217137234,0.07445736048174284,-0.8890411690889471,-0.8024654306724417,-0.29254282546769667,-1.893916866339198
17809.0,-0.8854244217368491,1.8474233769671247,1.7261694837807924,1.1929112393804142,0.2753818218937108,0.8181362392716844
17810.0,2.232170621364884,-0.5566388957505917,-0.6378116827763325,-0.9278263552140557,0.15813328011056985,-0.5086585465640286
17811.0,-0.9427156017019651,2.868738143438595,1.6847228251970365,1.5653054310666805,2.074141653721573,-0.3992665207067817
17812.0,-0.8997472167281281,0.6551203441547673,0.0023133128289824505,-0.06073810646911588,1.0942369089268609,-0.9864430705688648
17813.0,-0.8949729517310351,0.29970536404670484,0.44802011741574743,0.2850523291483125,1.588581446967784,0.2900732190338314
17814.0,0.8285367122195403,-0.5566388957505917,0.4095447392805241,0.7094427940272491,0.7940607955516648,1.442816326405661
17815.0,0.9144734821672145,-1.057568175439826,-0.30739950268778016,0.1498233976987674,-0.9169962351303879,1.032345780907159
17816.0,-0.7851648567978959,0.4901498374805938,-1.6057327294534443,-1.180714181827603,-0.016856965827270066,-3.721977733166315
17817.0,-0.9427156017019651,0.4901498374805938,-0.10228952941618134,-0.21113808341519072,0.8155295016493898,-0.9755337308843487
17818.0,2.5615949061643017,-1.057568175439826,-1.4200979285582669,-1.133736517118207,0.0024225606841520096,-1.0437904731830128
17819.0,-0.6180655818996407,1.254937876118928,1.3560273373758018,0.7850404805940495,0.36579462773390486,0.811387878855071
17820.0,0.8237624472224473,-1.057568175439826,-1.1565055585515336,-0.967681441239905,-0.05683280004799887,-0.5519647790427501
17821.0,0.9765389271294235,-1.057568175439826,-0.7158171562299523,-0.7209883721386089,-1.4849208824917954,0.2702968037406915
17822.0,1.0433786370887257,0.29970536404670484,0.621567004537044,0.6813841577955827,1.042362494706519,0.6132111783844043
17823.0,1.0481529020858187,-0.5566388957505917,-0.5049707648093253,-0.43196617100258916,0.5984416885683977,-0.26139964928609366
17824.0,-0.7183251468385938,-1.057568175439826,-0.79776592497116,-0.11619643557664044,-0.9169962351303879,0.11739211204170652
17825.0,1.8979720715683737,0.07445736048174284,-0.1852840718061157,0.03785238316843076,-0.44192654764477163,-0.59025460378803
17826.0,0.8237624472224473,-1.057568175439826,-1.3728517565242664,-1.1490257546338611,-0.18999139653830796,-0.9556358678145077
17827.0,-0.9379413367048721,0.4901498374805938,0.6890100058701222,0.7735139409251433,1.414637949268572,0.4952747819758296
17828.0,-0.852004566757198,0.07445736048174284,0.4977883722270818,0.20630998555004854,0.20408973995326918,0.680762902205157
17829.0,0.4656925724404718,0.29970536404670484,1.1869223692361697,1.195976082142623,0.8568496217702717,1.6667359973519087
17830.0,-0.9522641316961511,-0.2012239156425293,-0.5904283053321014,-1.089893101882153,-0.6667842015304029,-0.9600284274681335
17831.0,-0.8042619167862679,-1.057568175439826,-2.309891771379668,-2.383441219414615,-2.179147667316555,-2.7040186291656334
17832.0,-0.7230994118356868,-1.057568175439826,-1.2638840793053108,-0.5575673321928842,0.30224790327738865,-0.7523177539946881
17833.0,2.4899809312079064,-1.057568175439826,-0.7076533924342204,-0.8024654306724417,-0.32031979307342545,0.28552922035248657
17834.0,1.0195073121032605,-0.5566388957505917,-0.19794091556142074,0.17815979474936042,0.20408973995326918,0.3104409164169128
17835.0,-0.9474898666990581,-0.2012239156425293,-0.6997068885681232,-0.22806796960317863,0.057680039452894044,-1.1628305441145037
17836.0,-0.7374222068269658,-1.057568175439826,-1.5084440245586168,-1.1187947925387802,-0.4753737252323317,-1.2086316633466148
17837.0,-0.7612935318124309,0.8006346437359392,0.3785198197202391,0.03017827756200417,0.7794292983039648,-0.46599170822551994
17838.0,-0.832907506768826,1.3464940972778903,1.3046083839292988,1.2936238275308372,0.9812306749482648,0.6086955090819746
17839.0,-0.7612935318124309,-1.057568175439826,-0.7519253871007232,-0.41910064138804515,0.1422232254034017,0.20292400493115043
17840.0,1.1579609970189577,-1.057568175439826,-1.1753617676401094,-0.8747808531910688,0.03967179647401301,-0.5871477705823224
17841.0,-0.9522641316961511,4.703847886198189,3.1012779429033848,2.83798184320133,3.1950341367574895,0.23077855362603128
17842.0,1.9122948665596526,-1.057568175439826,-0.5351781282003807,-1.1114493800118481,-0.6667842015304029,0.6073434160807869
17843.0,0.4847896324288438,-0.5566388957505917,-0.7468841046249024,-0.4345697687890191,0.2616110427421876,-0.7115863580140713
17844.0,-0.45096630700138546,-1.057568175439826,-2.0462567633358626,-1.4595583680152389,-1.6112230199551474,-2.212113378541322
17845.0,1.6879044116962814,0.07445736048174284,-0.3024187342590729,-0.5997857793564824,0.0024225606841520096,-0.8078026613241421
17846.0,-0.5560001369374316,-1.057568175439826,0.5771675331030107,-3.613978162138445,-2.5113622892582645,2.6828214619000774
17847.0,1.501708076809654,-0.5566388957505917,-1.3926184965984072,-1.8336854280403143,-1.192682094770814,-1.910387828202909
17848.0,-0.5750971969258036,2.328585137071624,0.9788330476921576,0.6950954206225566,0.7416649150137341,-1.1108336741112097
17849.0,0.07897710767593827,0.8006346437359392,0.11266500160593888,-0.5090729057452075,-0.44192654764477163,-0.959328646519369
17850.0,0.8142139172282613,4.324899935200053,2.892043991290999,2.4747015345101704,0.7020754717798163,0.25327310339741005
17851.0,1.0529271670829117,0.4901498374805938,0.3836753624084109,0.4266652920889016,1.2023871725805064,-0.07294640483175431
17852.0,-0.9045214817252211,0.29970536404670484,-0.23183077697239007,-0.17676782464759178,0.5412550843430992,-0.9734750317074984
17853.0,0.9813131921265165,-0.2012239156425293,0.4036923718236887,0.16361938188286743,0.5607641505877349,0.8898511741955746
17854.0,-0.07857363722813095,0.4901498374805938,0.11585243776245968,0.14443919412351353,0.8012797151341228,-0.570723580289281
17855.0,0.8189881822253543,-1.057568175439826,-1.0523801887392927,-0.5931115333827922,-0.7110837506520298,-0.3576817188608156
17856.0,-0.9522641316961511,0.07445736048174284,0.31877576542349984,0.35927478258135875,-0.9777160146122458,0.34737473918729084
17857.0,-0.9427156017019651,2.0628271562006084,2.4419052945038557,2.43790535458916,-0.5466658071727737,1.9080869246008714
17858.0,-0.9331670717077791,2.328585137071624,1.8812152340571993,1.5782530119232343,1.1477441235911,0.5651178878199408
17859.0,0.49433816242302986,-1.057568175439826,-1.3284245995440926,-1.022752397493591,-0.4753737252323317,-0.8727411416891112
17860.0,0.7998911222369822,0.07445736048174284,-0.16970320131835595,0.23424799150655642,0.8961855949101813,-0.561305141094137
17861.0,-0.9474898666990581,1.7237759069352954,1.2352636031638822,1.4664515512024987,1.6721536566177941,0.045191822306212895
17862.0,0.5850491973677969,0.07445736048174284,0.23113649267654413,-0.06667410690559651,0.6166500395156311,0.1842192567940755
17863.0,-0.6801310268618498,1.254937876118928,1.2726515716869742,1.485706647877817,1.0530034504034316,0.6561213603785886
17864.0,-0.8997472167281281,0.29970536404670484,-0.0260806559041598,0.48198757976049,0.643225625568364,-0.5915904834747282
17865.0,-0.813810446780454,2.84272784343108,2.4142243826455725,2.155286871622418,1.8132191137203046,0.9865087982543735
17866.0,-0.2790927671060372,-0.2012239156425293,0.1591077054313158,0.06157906859143142,-0.5847816131886778,0.4341709878732212
17867.0,-0.818584711777547,1.511464603952064,0.397266247786488,0.1771317920663914,0.8433064692551185,-1.266951541839566
17868.0,0.8810536271875634,-1.057568175439826,-0.9927920230095387,-1.1413366894165116,-0.6667842015304029,-0.2464987169710694
17869.0,-0.45096630700138546,0.6551203441547673,-0.07947725061053662,0.005268529903126444,0.43606699321124226,-1.1379976134240861
17870.0,-0.9522641316961511,1.3464940972778903,0.7946752346355799,0.8203913550418498,1.3249048133739036,-0.3398092274902033
17871.0,0.016911662713729188,0.29970536404670484,0.11615430789323478,0.20433874694626142,0.3409641798752045,-0.32729315257641084
17872.0,0.8619565671991913,-1.057568175439826,-0.9658763323121567,-0.6668182952182143,-0.8075883471740417,-0.19627788447820815
17873.0,-0.5798714619228966,1.7237759069352954,1.384561179852008,1.4086967374731902,0.3534734621303434,0.3229222063057408
17874.0,-0.07857363722813095,0.4901498374805938,-0.20442219221421337,-0.5178973010822051,-0.09885955416899503,-1.1648099196118817
17875.0,2.3228816563096513,-1.057568175439826,-1.21197748562261,-1.0487917451858157,-0.409791367250838,-0.6554674678206281
17876.0,0.9478933371468654,-0.2012239156425293,0.9510734845958936,0.9136156208912671,-1.9434376418968569,1.9102922781667395
17877.0,-0.15018761218452603,-1.057568175439826,-0.9606242841876137,-1.0487917451858157,-0.9777160146122458,-0.18647831321426953
17878.0,-0.7517450018182449,-0.2012239156425293,0.29872559436923674,0.4813402064124605,0.5412550843430992,0.6942618861678633
17879.0,-0.131090552196154,-1.057568175439826,-1.1648116619096291,-1.552680491898286,-1.4849208824917954,-0.5674627809370832
17880.0,0.7807940622486103,-0.2012239156425293,-0.06960914953540351,-0.029014919714122,0.021258840188633787,0.008301075402033453
17881.0,0.4895638974259368,-1.057568175439826,-1.3727983421357672,-1.771027793214282,-1.2790083980134372,-0.9555362041986756
17882.0,0.8476337722079124,-0.5566388957505917,-0.8143500603177715,-0.8646666909006259,0.09255092212907612,-0.8370588569496293
17883.0,-0.9474898666990581,0.6551203441547673,0.0600036830525843,-0.015086271958306217,1.0582725494136873,-0.8794765309671306
17884.0,-0.9427156017019651,1.8474233769671247,0.7802485213658005,1.1365864287692677,1.610287142067927,-0.9399458374774212
17885.0,-0.9045214817252211,-1.057568175439826,-1.2594464142503519,-0.9735775128852286,0.1422232254034017,-0.7440377051603408
17886.0,-0.8090361817833609,0.4901498374805938,0.3929469302924486,0.2482458428702906,0.9637351616934668,-0.05570213376960171
17887.0,-0.3459324770653393,-1.057568175439826,-1.5011254874591904,-1.8121291499106194,-1.1145904545341814,-1.1949763189642082
17888.0,-0.861553096751384,2.111282135916225,0.492786280429449,0.7541274407795563,1.0039916405726501,-1.7668218103463627
17889.0,0.050331517693380234,0.6551203441547673,-0.14127588185422102,-0.12428273164575991,0.6773698189974897,-1.2524248961802542
17890.0,0.5802749323707039,-0.5566388957505917,-0.3135615589322067,-0.12591199538376613,0.5984416885683977,0.09504770798135286
17891.0,-0.1883817321612701,-1.057568175439826,-1.0700601974946036,-0.14075997467494245,-0.16624068800434505,-0.3906700886617494
17892.0,-0.6944538218531288,-0.2012239156425293,-0.9413669814702332,-0.9795269433700604,-0.34907158776898006,-1.61063156640283
17893.0,0.11239696265558932,-1.057568175439826,-1.5280677686520605,-0.7756287419706503,-0.8075883471740417,-1.2452467655217734
17894.0,-0.6180655818996407,1.7237759069352954,0.6670670569437099,0.43017521810831033,1.3249048133739036,-1.0096105026449897
17895.0,-0.7517450018182449,-1.057568175439826,-1.610626456802331,-0.8798968913203039,-0.8075883471740417,-1.399289479678405
17896.0,-0.852004566757198,-1.057568175439826,-0.9064529731013693,-0.3445065074655823,-2.179147667316555,-0.0854023880014127
17897.0,-0.13586481719324703,0.9308016202790399,0.6003513275319913,0.3762112775744356,1.309589562375142,-0.2107638081969047
17898.0,-0.5560001369374316,0.07445736048174284,-0.7958988684139658,-0.4345697687890191,0.10944517163608153,-1.7219616537431592
17899.0,-0.2027045271525491,-1.057568175439826,-1.2676570323006655,-0.6894897688346715,-0.29254282546769667,-0.7593575451155448
17900.0,-0.05470231224266591,-0.5566388957505917,-1.4957168494699196,-1.240133349110671,-1.760606742132222,-2.1011846416521065
17901.0,-0.82335897677464,-0.2012239156425293,-0.8960432247251412,-1.6612051713861486,-0.5102446079085138,-1.5267273906924705
17902.0,1.6497102917195372,-1.057568175439826,-1.027426295876686,0.05044678332732367,-0.44192654764477163,-0.3111213207797187
17903.0,0.9192477471643075,-1.057568175439826,-0.6227617873578589,-0.807046686715895,0.03967179647401301,0.4439248241110324
17904.0,-0.861553096751384,-1.057568175439826,-1.1546902585463994,-1.378005216237291,-0.18999139653830796,-0.5485776886460321
17905.0,-0.6228398468967337,1.3464940972778903,0.6268336030171475,0.6440325763307606,0.9088888272366124,-0.6514480752605217
17906.0,0.21743079259163547,-1.057568175439826,-1.80173071317037,-1.9029502298560697,-0.9777160146122458,-1.7558627125795265
17907.0,2.0984912014462798,-1.057568175439826,-0.8138596648897072,0.5017463477239796,-0.9169962351303879,0.08736349320668434
17908.0,0.8237624472224473,0.29970536404670484,0.16384254017403965,0.20925580488600776,1.1709564996008697,-0.23863440221610902
17909.0,2.5568206411672088,-1.057568175439826,-1.509477186766362,-1.713825854278489,-1.2790083980134372,-1.2105593963836927
17910.0,2.5043037261991854,-1.057568175439826,-0.8916043054000428,-0.9114585160096889,-0.409791367250838,-0.057696895998451896
17911.0,-0.9188442767165,-1.057568175439826,-0.6512272464101703,-0.5120012294368813,-0.05683280004799887,0.39081234533531284
17912.0,0.5182094874084949,0.4901498374805938,-0.6351507631416853,-0.5359095944469988,0.10944517163608153,-1.9605246154920768
17913.0,-0.6801310268618498,1.4317308999682739,0.9521767839557442,0.830369711888218,1.3583519909614636,-0.14591548475053595
17914.0,-0.9427156017019651,-1.057568175439826,-0.727152725933101,-0.04180811961136482,0.43606699321124226,0.24914625056806355
17915.0,1.6688073517079094,-1.057568175439826,-0.9971140459430786,-0.6377568748440309,-0.34907158776898006,-0.2545629941325218
17916.0,2.041200021481164,-0.5566388957505917,-2.159770308353096,-1.1041851339251454,-0.8075883471740417,-3.3224770085282747
17917.0,-0.7469707368211519,-0.2012239156425293,-0.7149410623317983,-0.6377568748440309,0.4903479020522795,-1.191088918504754
17918.0,1.430094101853259,-0.2012239156425293,-0.5945875608269818,-0.21299779492920515,-0.16624068800434505,-0.9677502535488383
17919.0,-0.5416773419461526,-0.5566388957505917,0.505715997300796,0.7171797672954877,-0.09885955416899503,1.6221539264783262
17920.0,-0.9427156017019651,3.036921769263064,2.33560923720606,2.119562161583847,2.3068057943236853,0.6258543492109641
17921.0,-0.6562597018763847,1.0485519735441977,0.6944801138448504,0.46627190910449795,1.3799148688968128,-0.17627094454275996
17922.0,1.6306132317311652,-1.057568175439826,-1.1980267341032251,-1.4978647899991167,-1.2790083980134372,-0.6294373590977372
17923.0,0.3845300674898907,-0.2012239156425293,-0.4326392142048751,-0.816306101501823,-2.179147667316555,-0.6669330414957373
17924.0,-0.9045214817252211,0.8006346437359392,0.9153523158940128,0.5963240526447003,-0.34907158776898006,0.5324705826971463
17925.0,0.8189881822253543,-1.057568175439826,-0.941425539192079,-1.2490778079274656,-2.5113622892582645,-0.15065619862191784
17926.0,-0.3268354170769673,0.29970536404670484,0.09335492255995484,0.10546204736866442,-0.34907158776898006,-0.3696725686565253
17927.0,2.4852066662108134,-1.057568175439826,-0.8083900108450056,-0.985530707305215,-1.1145904545341814,0.09756908602097461
17928.0,-0.7469707368211519,-0.2012239156425293,-0.7018005925741306,-0.5149426552915989,-0.34907158776898006,-1.1667144327990842
17929.0,-0.9092957467223141,1.254937876118928,0.8756027159965725,-0.07567983104854278,-1.4849208824917954,-0.08269071174360368
17930.0,-0.7899391217949889,1.3464940972778903,1.1103525333726934,1.3484997702054349,-0.05683280004799887,0.24713073252631848
17931.0,-0.3220611520798743,1.4317308999682739,0.9464956608998449,0.9003958427778269,1.5227699344407197,-0.15647546980215943
17932.0,-0.82335897677464,-0.2012239156425293,0.27366474143066416,0.31658667042038385,0.5607641505877349,0.6475707830961325
17933.0,2.055522816472443,-1.057568175439826,-1.480103379769277,-1.3355771031233274,-0.9777160146122458,-1.1557520701491955
17934.0,-0.7135508818415008,-0.2012239156425293,0.1027504061647626,0.1667623723242485,-0.12070997099915268,0.3292085726000991
17935.0,-0.30296409209150227,0.6551203441547673,-0.20161793636604944,-0.45308951689286464,0.2889249744088639,-1.3640794671528338
17936.0,-0.9379413367048721,-1.057568175439826,-0.6245670129577823,-0.41910064138804515,0.38989466139460405,0.4405565311147692
17937.0,-0.9188442767165,0.6551203441547673,1.1147024018291798,0.841323610740448,-0.6247574474094066,1.082211599286814
17938.0,1.0433786370887257,-1.057568175439826,-1.3166225113978556,-1.447270018053046,-0.29254282546769667,-0.8507201317688341
17939.0,-0.19793026215545612,-1.057568175439826,-1.5836847120105377,-1.6283279417313867,-0.9777160146122458,-1.3490200339685956
17940.0,-0.7278736768327798,1.5863629060023545,2.515645355772324,3.393336326940957,-1.0432983725937395,2.5881020020960297
17941.0,-0.3363839470711533,0.07445736048174284,0.32644646165505464,0.5395668589610481,-1.6112230199551474,0.36165712830725827
17942.0,-0.9236185417135931,-1.057568175439826,-1.7583981309413899,-1.6612051713861486,-2.179147667316555,-1.675010306521211
17944.0,1.0577014320800047,-1.057568175439826,-1.7817177434425404,-1.1490257546338611,-0.44192654764477163,-1.7185213709923388
17945.0,2.365850041283488,-0.2012239156425293,-0.6628101988701437,-0.45308951689286464,0.36579462773390486,-1.0943753886349448
17946.0,0.15059108263233337,-0.5566388957505917,-1.2909593125824872,-1.2226014412855573,-0.6667842015304029,-1.7220499824595072
17947.0,-0.7851648567978959,-1.057568175439826,-1.1722046495151364,-0.6972240648877613,-1.192682094770814,-0.581257039324593
17948.0,-0.2599957071176652,-1.057568175439826,-0.6663737470723358,-0.7979158790770093,-2.5113622892582645,0.36255113958882185
17949.0,-0.9570383966932442,3.9904251787200717,3.486881245384485,3.1690848201381776,0.2616110427421876,1.7256493083367954
17950.0,-0.6180655818996407,0.6551203441547673,0.17863744117754035,0.19838931646142918,0.9337192750953127,-0.6593532353263327
17951.0,-0.7708420618066169,0.07445736048174284,0.2785003421559195,0.3090542287081792,-0.44192654764477163,0.27238961547517765
17952.0,0.8428595072108194,0.07445736048174284,-0.10200769332054467,-0.013709501650298647,0.5703472080455595,-0.4354963537463984
17953.0,1.6162904367398863,-1.057568175439826,-1.246654065449354,-1.0487917451858157,-0.5847816131886778,-0.7201690103700692
17954.0,-0.9379413367048721,1.7871458800763362,1.0266424324810648,1.2323014891346904,1.9791557639779342,-0.4146043760149271
17955.0,-0.01173392726882885,0.4901498374805938,0.031507955731880345,0.21994559459112442,-0.7579160438997158,-0.7273214655950432
17956.0,0.22697932258582149,-1.057568175439826,-3.008492582254855,-3.613978162138445,-2.5113622892582645,-4.007507909704605
17957.0,-0.6467111718821987,-1.057568175439826,-1.4990208194735857,-0.3467852188694181,-0.2396636998126339,-1.1910493092676515
17958.0,-0.4032236570304554,-0.5566388957505917,0.04938002004728825,-0.3536691307934737,-0.143159103290622,0.7713419717146862
17959.0,1.8645522165887225,-1.057568175439826,-1.3343233003685688,-1.4978647899991167,-2.179147667316555,-0.8837472744821415
17960.0,-0.14541334718743304,-0.2012239156425293,-1.363616984099474,-1.3671387278127125,-0.09885955416899503,-2.3898356086079073
17961.0,-0.861553096751384,3.7878087485338248,0.8236406703727828,0.7345925989584549,1.9910182142168888,-2.9778567320823903
17962.0,-0.28386703210313025,0.07445736048174284,-0.22193289888343207,0.1719675268468072,1.009584440939199,-0.6583379733546926
17963.0,1.2868661519404687,0.07445736048174284,-0.24796809187772234,-0.23380955703164844,0.6856880840720535,-0.7066947509800898
17964.0,-0.8090361817833609,-0.5566388957505917,-0.4830596633907292,-0.33099765717701596,0.5607641505877349,-0.22060589838553624
17965.0,-0.780390591800803,2.2880751597655706,1.464796658636383,1.4431754480217582,2.1468259910052505,-0.16422647349207778
17966.0,-0.780390591800803,1.0485519735441977,0.5523373413189026,1.3694636029087526,0.5412550843430992,-0.440391579773597
17967.0,0.8142139172282613,-0.5566388957505917,-1.0046208769038614,-0.967681441239905,0.2753818218937108,-1.1906928788525892
17968.0,0.8237624472224473,0.07445736048174284,-0.3092413566455512,-0.21299779492920515,0.7493583243307705,-0.8204687571047063
17969.0,-0.16928467217289805,1.8474233769671247,0.6823745124288194,0.4813402064124605,0.8012797151341228,-1.1211979459795969
17970.0,0.04555725269628723,-1.057568175439826,-0.34359868556433154,0.03402652805370651,-0.34907158776898006,0.9648032786521985
17971.0,1.6544845567166302,-1.057568175439826,-1.234349967674659,-1.3459301923950664,-0.5466658071727737,-0.6972113222220604
17972.0,0.19355946760617043,-1.057568175439826,-1.3630371514296231,-1.6958135609136948,-0.26567674408401915,-0.9373232172500691
17973.0,-0.7135508818415008,-1.057568175439826,-0.7106614728679,-0.6668182952182143,-0.8075883471740417,0.27991657212869137
17974.0,-0.842456036763012,0.4901498374805938,0.46513892989775996,0.5859105426586317,1.537533254079878,0.07859186169947072
17975.0,-0.8901986867339421,2.0628271562006084,1.4322942637988856,0.9838864023704965,1.4247742691316794,0.027761720818690626
17976.0,0.8142139172282613,-1.057568175439826,-0.7437873181651904,-1.082861937727266,0.233355067772715,0.2181084786057014
17977.0,-0.82335897677464,-0.5566388957505917,0.3645277327688142,0.9102511939892814,0.6518959929570478,1.3588748206699781
17978.0,0.7807940622486103,0.07445736048174284,0.17475400505663066,0.643020401255063,0.3153576561144396,0.0792783798256479
17979.0,-0.7899391217949889,0.07445736048174284,-0.15485450243723406,-0.15766084329183738,0.8225625239939895,-0.5337136292533463
17980.0,-0.16928467217289805,0.07445736048174284,0.07741477621085398,0.3014344805122542,-0.016856965827270066,-0.1018414717579701
17981.0,1.0004102521148885,-1.057568175439826,-0.9560974195566136,-0.4115004690897406,-0.7110837506520298,-0.1780318307179676
17982.0,2.2894618013300003,-1.057568175439826,-1.3474530632760902,-0.9333741314436567,-0.9169962351303879,-0.9082455357775039
17983.0,0.9240220121614005,-1.057568175439826,-1.1925630464459056,-0.985530707305215,-0.4753737252323317,-0.6192428987096836
17984.0,-0.2695442371118512,0.29970536404670484,0.1699166398636601,0.430874960145422,1.3018232286601803,-0.2273403414939919
17985.0,-0.856778831754291,-1.057568175439826,-0.2612465556163189,-0.685656477613488,-0.5847816131886778,1.1184605847213225
17986.0,-0.6944538218531288,-1.057568175439826,-2.6777734750435913,-2.493263841242748,-2.5113622892582645,-3.390433316591486
17987.0,-0.07857363722813095,0.29970536404670484,0.04314040469331483,0.45961118767038106,0.9696086067184702,-0.4629926452508055
17988.0,-0.9045214817252211,1.4317308999682739,-0.4434700653910547,-0.6306879080048051,0.8155295016493898,-2.7200361937568363
17989.0,0.8476337722079124,-1.057568175439826,-1.0580070728761608,-0.3177608157300655,-0.3788691287103198,-0.3681806805583459
17990.0,0.1696881426207054,0.4901498374805938,0.37215431960480233,0.30652411301893606,-0.03660110367654417,-0.09437349708440028
17991.0,0.11239696265558932,-0.2012239156425293,-0.7932264337424954,-1.082861937727266,-0.09885955416899503,-1.3362454030508009
17992.0,0.8953764221788424,-1.057568175439826,-0.9161109000675163,-0.8646666909006259,0.12599809971663617,-0.10342269956794185
17993.0,1.9839088415160477,-1.057568175439826,-0.9964498544488436,-0.985530707305215,0.2889249744088639,-0.253323707719619
17994.0,-0.37935233204499036,1.1560496238440017,0.6562322254604902,0.984489252098023,1.3692043624955306,-0.3743883112997632
17995.0,0.3845300674898907,-0.2012239156425293,-0.4348328152111264,-0.40398715780521155,-0.32031979307342545,-0.671009590767579
17996.0,0.8524080372050054,-0.2012239156425293,-0.4540956290117317,0.12245026867198418,0.32826094754877355,-0.7068050986341158
17997.0,-0.6085170519054547,0.8006346437359392,0.5518039460633021,1.0116392043199698,0.9337192750953127,-0.14396680976910403
17998.0,0.8524080372050054,-0.2012239156425293,-0.2523483215472714,0.09271894635591586,0.24760485428798198,-0.33172639234295664
17999.0,-0.7851648567978959,-0.2012239156425293,-0.3886810713366419,-0.3490718562419169,0.8832823034758474,-0.5852316983957789
18000.0,1.7308727966701185,-1.057568175439826,-1.4231280543133715,-0.9795269433700604,-1.4849208824917954,-1.049444254826232
18001.0,-0.9045214817252211,0.4901498374805938,0.011800034167516656,0.3837677697569936,0.8501060275513096,-0.7638986363553543
18002.0,0.8333109772166333,0.07445736048174284,-0.9405769195618585,-1.2581456424754653,0.17374026765232672,-1.9889539959552134
18003.0,0.8333109772166333,-1.057568175439826,-0.6765237833645151,-0.324345921692527,-0.4753737252323317,0.34361262234409845
18004.0,0.7664712672573312,-1.057568175439826,-1.2522762979912687,-1.2226014412855573,-0.214451185231064,-0.730659292856146
18005.0,-0.9427156017019651,-0.5566388957505917,-0.9949340069946212,-1.133736517118207,0.17374026765232672,-1.1726982081224924
18006.0,-0.852004566757198,0.07445736048174284,0.046156092654659676,-0.13743132157976862,0.24760485428798198,-0.15998982128823735
18007.0,0.9144734821672145,-1.057568175439826,-1.0313318578918649,-0.44774471036475055,0.07530097820695623,-0.31840854138126395
18008.0,-0.6276141118938267,2.0123938836412982,2.2087002707908847,1.8241365505998115,0.4903479020522795,1.5303083517508225
18009.0,0.16013961262651938,0.8006346437359392,0.6153388199286084,0.19037205146743835,1.0039916405726501,-0.025822904735166376
18010.0,0.26517344256256553,-1.057568175439826,-1.1798378533871778,-1.3671387278127125,-0.8604674728291044,-0.5954995069376919
18011.0,0.8189881822253543,-0.5566388957505917,-0.5690444982152134,-0.8902499805920427,0.32826094754877355,-0.38067498395388155
18012.0,2.4899809312079064,-1.057568175439826,-1.4763296453323695,-1.3355771031233274,-0.9169962351303879,-1.1487108209700725
18013.0,-0.22180158714092113,-0.5566388957505917,-1.1305847160488562,-0.3513664749128713,-0.2396636998126339,-1.42458414521182
18014.0,-0.828133241771733,-1.057568175439826,-1.2331178925096609,-1.3054615668176395,-0.29254282546769667,-0.6949124460321212
18015.0,-0.9427156017019651,-1.057568175439826,-1.4477224173535084,-0.7414700156492805,0.07530097820695623,-1.0953338216366972
18016.0,-0.8090361817833609,0.6551203441547673,0.5489108692562741,0.5957800661992636,0.8155295016493898,0.028761227145767704
18017.0,-0.5750971969258036,0.07445736048174284,-0.19967812118384137,-0.12918268661664967,-2.5113622892582645,-0.6169965648663065
18018.0,-0.44619204200429247,0.07445736048174284,-0.7987492777773352,-0.6306879080048051,0.021258840188633787,-1.727227379938138
18019.0,-0.7135508818415008,-1.057568175439826,-2.252150245616227,-2.7026177385323984,-1.6112230199551474,-2.5962811935615724
18020.0,1.6353874967282582,-1.057568175439826,-1.118529083373457,-1.2957220170974781,-0.9777160146122458,-0.4811061033345688
18021.0,1.473062486827096,-0.5566388957505917,-1.0273932885584516,-0.6972240648877613,-0.214451185231064,-1.2329914428153512
18022.0,-0.7899391217949889,0.29970536404670484,0.3625322327387451,0.6500731172837307,1.6129603649036908,0.13096284907170783
18024.0,-0.23135011713510714,-0.5566388957505917,-0.6066240964432192,-0.6377568748440309,-0.5466658071727737,-0.45061876489234043
18025.0,0.8524080372050054,0.4901498374805938,0.18562989443241285,0.5061269951303473,0.5510676815341373,-0.4411062576338466
18026.0,1.430094101853259,-0.5566388957505917,0.5914774137214748,0.055417752810252185,-0.9777160146122458,1.7820906038241733
18027.0,-0.4891604269781295,-1.057568175439826,-1.4762679458695431,-1.197150227452304,-0.5466658071727737,-1.1485956985895123
18028.0,1.8215838316148856,-1.057568175439826,-1.1126692994530123,-0.8497813550146158,-1.760606742132222,-0.47017258392309635
18029.0,2.1032654664433728,-1.057568175439826,-0.5300764414212349,-0.4293728438455572,-0.6667842015304029,0.6168624345613883
18030.0,-0.9427156017019651,-0.5566388957505917,-0.9818671290651801,-1.2957220170974781,-1.2790083980134372,-1.14842303357589
18031.0,0.8476337722079124,-1.057568175439826,-0.5017109487021352,-0.32214354917445553,0.12599809971663617,0.6697883904448815
18032.0,0.6327918473387271,-1.057568175439826,-1.7959280216975004,-1.597016901219535,-1.6112230199551474,-1.7450357195165143
18033.0,-0.6514854368792917,-1.057568175439826,-1.6228574302759147,-0.43196617100258916,-0.214451185231064,-1.422110728330264
18034.0,-0.856778831754291,-0.2012239156425293,-0.1338449363425554,0.4392142801950146,1.1890642437119816,-0.11125087092455678
18035.0,-0.7899391217949889,0.29970536404670484,0.2341812154257475,0.5548015845035537,0.17374026765232672,-0.10782834983365468
18036.0,-0.8090361817833609,1.1560496238440017,0.3804992540507617,0.27537792927725413,1.3473539456653725,-0.8861193916050804
18037.0,-0.22657585213801415,1.511464603952064,-1.2106127485381004,-1.678281653088581,-0.2396636998126339,-4.171898229872522
18038.0,1.6926786766933744,-1.057568175439826,-1.330637229642318,-1.180714181827603,-0.409791367250838,-0.876869593259646
18039.0,0.8237624472224473,0.07445736048174284,-0.36238731317486705,0.08566262549647,0.9578193087560118,-0.919112168562704
18040.0,-0.87110162674557,-0.5566388957505917,-0.6690931273292338,-0.7800261334955506,-0.6667842015304029,-0.5668662423456702
18041.0,-0.9045214817252211,2.612211415605459,1.5616055679703071,1.7799251571316663,1.9531427197065485,-0.3446710765525972
18042.0,-0.7040023518473147,-0.5566388957505917,-0.8403492159287176,-1.2766653905793108,-0.9169962351303879,-0.8854012967385329
18043.0,-0.842456036763012,-0.2012239156425293,-0.38755702420966254,-0.39902556759911106,0.7493583243307705,-0.5831422735724031
18044.0,-0.9427156017019651,1.7237759069352954,0.9679674415260918,0.7801252608239332,0.9025618299872694,-0.45153422384982617
18045.0,-0.7469707368211519,-1.057568175439826,-1.1655315371767798,-0.8256977981095772,0.021258840188633787,-0.5688059653128363
18046.0,2.141459586420117,-1.057568175439826,-1.1217216575942905,-1.5671295918148718,-0.3788691287103198,-0.4870629906003716
18047.0,0.8571823022020983,-0.5566388957505917,-0.7342910846477823,-0.8646666909006259,0.4582127216583458,-0.6881618293263957
18048.0,0.0073631327195431764,-0.2012239156425293,-0.5972288424326041,-0.4216536837493171,0.233355067772715,-0.9726537834250761
18049.0,1.1245411420393068,-0.5566388957505917,-0.4270127857495039,-0.12591199538376613,0.5412550843430992,-0.1162466890314276
18050.0,0.7521484722660522,-0.5566388957505917,-0.5668347700594697,-0.437183718880154,-0.5102446079085138,-0.37656191988671694
18051.0,2.065071346466629,0.6551203441547673,0.66009255438996,0.8055296346304388,-0.016856965827270066,0.23562240450323524
18052.0,1.7356470616672115,-1.057568175439826,1.780364016638586,2.3631392944976453,-0.7579160438997158,4.9278141590972355
18053.0,-0.6228398468967337,-0.2012239156425293,-0.3331364862929544,-0.11459104385869878,-0.29254282546769667,-0.48196879400380227
18054.0,0.9144734821672145,-1.057568175439826,-1.1729319833707057,-1.0622086921321432,-1.0432983725937395,-0.5826141403604763
18055.0,-0.9283928067106861,1.4317308999682739,1.7301954442701075,1.301669616307327,1.6494975936338885,1.3024063719909629
18056.0,0.4131756574724487,-0.5566388957505917,-0.35409942766934754,-0.24740488074797506,-0.32031979307342545,0.019541970026887442
18057.0,0.9144734821672145,-0.2012239156425293,0.1921387152172736,0.4522055964051142,0.8568496217702717,0.49569626326705396
18058.0,-0.914070011719407,-0.2012239156425293,-0.11521771106656423,-0.13909354138263974,-0.9777160146122458,-0.07658575298079275
18059.0,-0.852004566757198,-0.2012239156425293,-0.7787033383050198,-0.40398715780521155,-0.7110837506520298,-1.3093242859017844
18060.0,0.9860874571236096,-0.5566388957505917,0.19032654313238698,0.40447523229840104,0.4582127216583458,1.0340833482521634
18061.0,-0.856778831754291,2.2461917041447332,1.3634672026081083,1.2682915046612488,-0.26567674408401915,-0.30571905734546834
18062.0,-0.13586481719324703,0.4901498374805938,0.419853036986557,0.3506400514035264,0.07530097820695623,-0.005655264556884239
18063.0,0.9049249521730284,-0.5566388957505917,-1.1332192182781922,-1.5111462029625293,-2.179147667316555,-1.42947373377281
18064.0,-0.3268354170769673,1.1560496238440017,1.1442123547780005,1.1211059175886626,0.189055518651088,0.5332135912673384
18065.0,-0.9331670717077791,2.2880751597655706,1.3373864077511037,1.009322347008153,1.236890884256886,-0.4009209050674737
18066.0,-0.6037427869083617,-0.2012239156425293,0.32999991066634093,0.06157906859143142,-0.09885955416899503,0.7525326504269526
18067.0,-0.7708420618066169,-1.057568175439826,-0.5946959153070489,-0.6202249670189166,-0.12070997099915268,0.4962917306443621
18068.0,0.4179499224695417,-1.057568175439826,-1.5655705107904303,-2.7904022884519986,-2.5113622892582645,-1.3152215230760071
18069.0,-0.837681771765919,1.1560496238440017,1.1415003433635826,1.2298167961039606,2.1660731663401407,0.5281646496780292
18070.0,2.232170621364884,-1.057568175439826,-0.761089917457527,-1.133736517118207,-1.192682094770814,0.1858243009295156
18071.0,0.2699477075596585,0.4901498374805938,0.18071843519839295,0.22856431706834754,0.17374026765232672,-0.4502314976713822
18072.0,-0.07379937223103794,-1.057568175439826,-0.9316542696301776,-0.3445065074655823,-0.6667842015304029,-0.1324244059687732
18073.0,-0.4175464520217344,1.254937876118928,1.0370215495739004,1.2159805390796916,-0.4753737252323317,0.217534549838874
18074.0,0.8237624472224473,-0.5566388957505917,0.08215605515445917,-0.1964467998223347,-0.09885955416899503,0.8324361106937854
18075.0,-0.852004566757198,1.8474233769671247,1.3271210716829422,1.2528503276687235,1.1800603940669612,0.07544010354899663
18076.0,0.8524080372050054,-1.057568175439826,-1.281914367547803,-0.712971107144618,-1.2790083980134372,-0.7859596952625113
18077.0,-0.9236185417135931,1.7237759069352954,1.0766083713982393,1.1983741890630912,0.9812306749482648,-0.24973363555842032
18078.0,0.07420284267884526,0.07445736048174284,-0.16161792324786445,-0.18030228252576944,0.3534734621303434,-0.546281554077031
18079.0,-0.7469707368211519,0.29970536404670484,1.0982884629648046,1.8960756019042888,0.7569801660124958,1.5015056526147978
18080.0,-0.87110162674557,-0.5566388957505917,0.21764579750361476,0.1812341927848856,-2.179147667316555,1.0850150523065225
18081.0,-0.7899391217949889,-0.2012239156425293,-0.697181647327404,-0.5997857793564824,-0.8604674728291044,-1.1581460525746345
18082.0,-0.837681771765919,-1.057568175439826,-0.20717430050902666,0.1455195683712627,0.3153576561144396,1.2193516856329083
18083.0,0.9383448071526794,-1.057568175439826,-0.48256516417305,-0.39165269501153327,-0.12070997099915268,0.7055116883750784
18084.0,-0.8854244217368491,-0.2012239156425293,-0.09588020088047096,0.28766627923944743,-1.3755129945354494,-0.040596350913688906
18085.0,0.613694787350355,0.07445736048174284,0.2791793291158924,0.02630736795746641,0.0024225606841520096,0.2736536827812013
18086.0,0.3463359475131466,-1.057568175439826,-1.5680903574755576,-0.9977052697151033,-1.3755129945354494,-1.319923196895352
18087.0,-0.4939346919752225,1.6569789035332354,1.9994693391253093,1.8199229252159803,0.03967179647401301,1.544607021436171
18088.0,-0.6705824968676638,-1.057568175439826,-1.2165597665474237,-0.9915898062500224,-0.143159103290622,-0.6640173492019998
18089.0,1.1722837920102367,-1.057568175439826,-0.5389113603665657,-1.0690212668978847,-1.192682094770814,0.6003777383509126
18090.0,1.0529271670829117,-1.057568175439826,-0.7435428184300885,-0.30264733214723183,0.09255092212907612,0.21856468017151504
18091.0,1.8693264815858155,-1.057568175439826,-0.6618179481562415,0.06646687981964193,-0.409791367250838,0.3710516093262965
18092.0,-0.9522641316961511,1.7237759069352954,1.996166037952017,1.8627155296281404,0.0024225606841520096,1.4620100726293683
18093.0,-0.5178060169606875,0.8006346437359392,1.1395357220120805,1.281846780399628,0.021258840188633787,0.9499944916105009
18094.0,-0.5703229319287106,1.3464940972778903,1.3988683860614326,1.4094864163450784,0.21885305959242807,0.7842190924464647
18095.0,0.5325322823997739,0.29970536404670484,0.6666031549792939,0.790324155751867,-0.09885955416899503,0.6970919121128211
18096.0,-0.9045214817252211,0.4901498374805938,0.43083772496726863,0.6974307963708649,1.5940620163811614,0.014778530158587933
18097.0,-0.9236185417135931,1.1560496238440017,1.167224954064028,1.1286498223339696,0.579819476229692,0.5760577552795486
18098.0,0.9287962771584934,-1.057568175439826,-0.38938619178834677,-0.5359095944469988,0.5703472080455595,0.8793703352365653
18099.0,-0.35548100705952534,-1.057568175439826,-1.2068306648372746,-0.7756287419706503,-0.6247574474094066,-0.6458642357342882
18100.0,1.6640330867108164,-1.057568175439826,-0.5012985647717061,-0.06667410690559651,-0.26567674408401915,0.6705578399279238
18101.0,-0.9092957467223141,0.29970536404670484,-0.2719247142256246,-0.4450885145015486,0.6075964438354208,-1.0478203498617276
18102.0,-0.9570383966932442,4.243052554709411,4.634938671281005,3.89142583244824,1.7941883778075651,3.5908720320641683
18103.0,1.6592588217137234,-1.057568175439826,-1.5374796499924104,-1.9803816905039315,-1.1145904545341814,-1.2628079911113652
18104.0,-0.7851648567978959,-1.057568175439826,-0.13342696743282562,-0.19463326051556207,-0.07757674530912831,1.3569536703954765
18105.0,-0.780390591800803,-1.057568175439826,-1.4876482264231534,-1.5385421495302896,-0.6667842015304029,-1.1698296758197608
18106.0,0.613694787350355,0.4901498374805938,0.33032841399606544,0.025011983140705223,0.8897593496354799,-0.17215268812106455
18107.0,1.1484124670247717,-1.057568175439826,-1.2172044872657872,-1.3153475814112587,-0.07757674530912831,-0.6652203059295697
18108.0,0.2508506475712865,-0.2012239156425293,-0.049146998093293696,-0.4089864790976022,0.021258840188633787,0.04638959553564468
18109.0,-0.9522641316961511,2.612211415605459,1.6874243191027445,1.5059148720010844,1.2780725201262169,-0.11090052094185465
18110.0,-0.866327361748477,-0.5566388957505917,-0.6020479285871826,-0.6933455428308375,0.2616110427421876,-0.44210201451221
18111.0,1.8502294215974435,-1.057568175439826,-0.5777051190078463,-0.48610436588700323,-0.34907158776898006,0.5279941284931225
18112.0,-0.9045214817252211,0.07445736048174284,-0.11586610460162416,-0.06221708927918149,0.2753818218937108,-0.4612553316657876
18113.0,0.7998911222369822,-1.057568175439826,-1.7692668127224338,-1.2490778079274656,-2.5113622892582645,-1.6952897135511453
18114.0,0.42272418746663476,-1.057568175439826,-1.0153160712832272,-1.4233616530429278,-0.32031979307342545,-0.28852537228272607
18115.0,2.370624306280581,-1.057568175439826,-3.1884620305534987,-3.158297950335421,-1.9434376418968569,-4.343305181952128
18116.0,-0.6371626418880127,1.3464940972778903,0.6120732976685103,0.6276477386498308,1.626197196775095,-0.6788363642643632
18117.0,-0.837681771765919,-1.057568175439826,-0.7575686656494265,0.14227310457968242,0.38989466139460405,0.19239445360395555
18118.0,-0.9092957467223141,2.2880751597655706,1.3794689467621561,1.2331276376339892,1.9171218830558483,-0.32276313964635606
18119.0,0.7951168572398892,-1.057568175439826,-1.156150029634095,-0.8954883157324756,-0.29254282546769667,-0.5513014128891633
18120.0,0.059880047687566246,-1.057568175439826,-1.5024040545715245,-1.7912573149263509,-0.7110837506520298,-1.197361942484011
18121.0,-0.2504471771234792,-0.5566388957505917,-0.23676009575108595,-0.06966232833151947,-0.32031979307342545,0.2381174725585852
18122.0,-0.9236185417135931,0.4901498374805938,0.4870574368138647,0.605503609501791,1.4112311166165263,0.1193732530923008
18123.0,-0.8472303017601049,-0.2012239156425293,-0.22227676021470003,0.15409923444239462,0.189055518651088,-0.2757882864701373
18124.0,1.2916404169375617,-1.057568175439826,-1.558963090017009,-1.5247014787009079,-0.5847816131886778,-1.3028930201368605
18125.0,-0.818584711777547,0.07445736048174284,0.15708336774972836,0.3256773035181528,1.1042290092563862,0.0463935251939062
18126.0,-0.6705824968676638,-1.057568175439826,-1.0804332138966741,-0.8400418052944546,0.17374026765232672,-0.4100246549268745
18127.0,-0.87110162674557,0.07445736048174284,-0.3521260433570475,-0.437183718880154,0.233355067772715,-0.9000693825366415
18128.0,1.6019676417486073,-1.057568175439826,-0.5893698383964714,-0.5328730644211497,0.0024225606841520096,0.5062294290440625
18129.0,0.19833373260326345,-1.057568175439826,-1.493501558090415,-1.5111462029625293,-0.9169962351303879,-1.180751156248844
18130.0,-0.8901986867339421,-0.2012239156425293,0.10971377726828443,0.34508557892504627,0.2616110427421876,0.34217664986059976
18131.0,2.055522816472443,-1.057568175439826,-1.0060932623479457,0.08210585803716575,-1.760606742132222,-0.27131692878186925
18132.0,1.4444168968445381,-1.057568175439826,-1.0152187107780974,-0.5451042559620746,0.2889249744088639,-0.2883437114933181
18133.0,0.050331517693380234,-1.057568175439826,0.017486314896044762,0.6693301423956768,-2.5113622892582645,1.6385362891734256
18134.0,1.8931978065712807,-0.5566388957505917,-0.5117764644871922,-0.8747808531910688,-0.34907158776898006,-0.2740698381201714
18135.0,-0.82335897677464,1.0485519735441977,0.22811896280843794,0.2859248011832039,-0.4753737252323317,-1.0418544795349256
18136.0,-0.6610339668734777,0.29970536404670484,0.4192773837996745,0.373164191786549,0.4903479020522795,0.23657189639503567
18137.0,1.6688073517079094,-0.5566388957505917,-1.30827485654579,-1.378005216237291,-0.3788691287103198,-1.7541425942808584
18138.0,0.4465955124520998,-1.057568175439826,-1.2764762354379298,-1.6612051713861486,-1.2790083980134372,-0.7758129178740135
18139.0,-0.875875891742663,0.4901498374805938,1.5981988988242255,1.5991630032796131,-0.143159103290622,2.1896710914568676
18140.0,1.301188946931748,-1.057568175439826,-0.37798625260049495,-0.13743132157976862,0.12599809971663617,0.9006409926690196
18141.0,0.9574418671410515,-0.5566388957505917,-0.021272326857204767,-0.07719285261812606,-0.07757674530912831,0.6396567405677847
18142.0,-0.21225305714673512,-0.5566388957505917,0.08221231068929175,0.6322973990824343,-1.192682094770814,0.8325409727251092
18143.0,-0.4032236570304554,-0.5566388957505917,0.06846822107522428,0.1031634171184404,0.2753818218937108,0.8069218115611895
18144.0,-0.9236185417135931,1.7871458800763362,1.2071779279482853,0.9732460473822359,0.15813328011056985,-0.07915377861421048
18145.0,-0.8997472167281281,1.1560496238440017,1.3052609541564482,1.543271604573898,1.4479491251839223,0.8331080386755442
18146.0,-0.28864129710022324,-0.5566388957505917,-1.2413867936644865,-0.7583275439502549,-1.1145904545341814,-1.6301444835765784
18147.0,-0.7421964718240589,-0.5566388957505917,-1.1615413378278021,-0.5734859690690123,-1.3755129945354494,-1.4820329928149014
18148.0,2.127136791428838,-1.057568175439826,-1.4916081649023625,-1.3355771031233274,-1.192682094770814,-1.1772183551325954
18149.0,-0.7183251468385938,0.6551203441547673,0.38441874323109193,0.38000038075448084,0.20408973995326918,-0.27710287467969147
18150.0,-0.8090361817833609,-0.2012239156425293,-0.3387908905814216,-0.2513414648567622,-0.29254282546769667,-0.49248220350506167
18151.0,-0.31728688708278124,0.4901498374805938,0.5208020715608436,0.4629499839876468,0.6939227470780444,0.18216497133171905
18152.0,2.1223625264317447,-1.057568175439826,-0.5418583002700333,-1.2226014412855573,-1.1145904545341814,0.5948791696192927
18153.0,2.184427971393954,-1.057568175439826,-0.9351868056522363,-0.5832255187891728,-0.7110837506520298,-0.1390156133739045
18154.0,-0.9474898666990581,0.29970536404670484,0.01833230948752358,0.1646687158355823,-0.16624068800434505,-0.5090868902135179
18155.0,-0.6037427869083617,-0.2012239156425293,-0.6407713195998624,-0.3965587445103137,-0.6247574474094066,-1.0534769133813928
18156.0,-0.8997472167281281,-0.5566388957505917,-0.21266796306587532,-0.35597988038449385,0.7020754717798163,0.28300248804156913
18157.0,1.7642926516497695,-1.057568175439826,-1.0357261293455162,-0.793397596124442,-0.409791367250838,-0.3266076239566721
18158.0,-0.9188442767165,-0.5566388957505917,-0.4983869088682549,-0.20928361792087674,-0.44192654764477163,-0.24914221407117926
18159.0,0.47524110243465784,-1.057568175439826,-0.3863942032254813,-0.8209851787762878,-0.4753737252323317,0.884952958329007
18160.0,-0.6896795568560358,-0.2012239156425293,0.07112964228237689,0.04165610206411991,0.233355067772715,0.27032339964376423
18161.0,-0.8901986867339421,0.4901498374805938,0.49106208282288194,0.44881164161964987,0.24760485428798198,0.12682464127450216
18162.0,2.5329493161817433,-1.057568175439826,-0.6409831900567992,-0.2513414648567622,0.057680039452894044,0.4099262905784168
18163.0,1.8263580966119786,-1.057568175439826,-0.15835605225043084,-0.049024521181340666,-0.18999139653830796,1.310439560581194
18164.0,-0.7851648567978959,-1.057568175439826,-0.5887247602780064,-0.6377568748440309,-0.44192654764477163,0.5074330526291485
18165.0,-0.11676775720487499,-1.057568175439826,-0.7881003900513915,-0.42678970660539517,-1.1145904545341814,0.1354266189624896
18166.0,2.017328696495699,-1.057568175439826,-1.1769862065951717,-1.1041851339251454,-1.1145904545341814,-0.5901787415343331
18167.0,-0.852004566757198,-0.2012239156425293,0.3018027249107311,-0.15937507524567543,-0.44192654764477163,0.6999950804170688
18168.0,-0.121542022201968,1.5863629060023545,0.9534747033338008,0.9259163997451353,1.3018232286601803,-0.321516108775791
18169.0,-0.6705824968676638,-1.057568175439826,-1.0743112230149339,-1.356448938107596,-1.192682094770814,-0.39860189479593683
18170.0,-0.8042619167862679,0.9308016202790399,0.8264527470695934,0.5831425066458262,0.2753818218937108,0.2097356691655525
18171.0,-0.6801310268618498,0.9308016202790399,0.7072329671754206,0.46627190910449795,0.47977559959369576,-0.012040998723008416
18172.0,-0.8901986867339421,2.991159366603595,2.1202355399683612,1.788050773642547,1.1617503120453048,0.2754271829215584
18173.0,-0.5464516069432456,0.29970536404670484,0.7796874042665848,0.8322713839744506,-0.16624068800434505,0.9077526064675828
18174.0,-0.9283928067106861,-0.5566388957505917,-1.2318879291297706,-1.180714181827603,-2.5113622892582645,-1.612529413419768
18175.0,2.265590476344535,-1.057568175439826,-1.1745509250657493,-1.267340303990541,-1.3755129945354494,-0.58563485421087
18176.0,0.7473742072689592,-1.057568175439826,-0.46302946155920827,-0.35597988038449385,-0.26567674408401915,0.7419625177307422
18177.0,-0.813810446780454,0.9308016202790399,0.6390571390014461,0.6124377902712554,0.36579462773390486,-0.13881102649723487
18178.0,-0.3459324770653393,1.1560496238440017,1.3658137524136427,1.3579565612329627,1.2820790908109065,0.9458981298016934
18179.0,-0.9188442767165,0.8006346437359392,0.7389646095506871,0.8623359024247059,0.7101478727648092,0.20415580829231664
18180.0,-0.9379413367048721,0.4901498374805938,0.5070514866567415,0.8288444035895727,0.7645317593062706,0.15657703804120718
18181.0,-0.8472303017601049,0.29970536404670484,0.19206631613176145,0.03017827756200417,0.9696086067184702,-0.18615289285353134
18182.0,1.2486720319637248,-1.057568175439826,-0.8154055466933636,-0.701125605014462,-1.1145904545341814,0.08447909867309926
18183.0,0.12194549264977533,-0.5566388957505917,-0.2604299589303723,-0.17853267827610633,-0.12070997099915268,0.19402140844506244
18184.0,-0.8901986867339421,-1.057568175439826,-2.070697366002038,-1.3671387278127125,-2.5113622892582645,-2.2577160504668834
18185.0,0.22697932258582149,-1.057568175439826,-0.7838799900906913,-0.6413200682922386,-0.7110837506520298,0.14330128217890947
18186.0,2.4899809312079064,-1.057568175439826,-0.7266750092318532,-0.23960173178512437,-1.0432983725937395,0.2500376016651668
18187.0,2.055522816472443,-1.057568175439826,-0.1622503315250541,-0.29627499551606934,0.10944517163608153,1.3031733919611816
18188.0,-0.8901986867339421,0.4901498374805938,0.9203752828863755,0.8896948267544897,0.6604755694904836,0.9261945665123673
18189.0,-0.5894199919170826,-0.2012239156425293,0.31150765139690584,0.3545789941747795,0.5110918473134085,0.7180771669246632
18190.0,-0.04515378224847989,0.29970536404670484,-0.14204437069847267,0.003930975867357463,-0.16624068800434505,-0.8068970936358463
18191.0,0.28904476754803055,-0.5566388957505917,-0.3874081861580196,-0.2513414648567622,-0.8075883471740417,-0.042493127266321186
18192.0,-0.6180655818996407,-1.057568175439826,0.037572275264241735,-0.2376653310278139,0.057680039452894044,1.6760138208649156
18193.0,-0.17405893716999107,-0.2012239156425293,0.20344541705076652,0.4217196985633415,0.36579462773390486,0.5167578170176917
18194.0,-0.5703229319287106,0.4901498374805938,1.0911038456988857,0.8487730681487876,-0.4753737252323317,1.2443183071915582
18195.0,0.8858278921846564,-1.057568175439826,-1.5693536067832323,-1.3671387278127125,-1.6112230199551474,-1.3222802395806295
18196.0,-0.5082574869665015,0.07445736048174284,0.3383104406510774,0.4967038870922526,1.305715597369307,0.3837477918184365
18197.0,1.7881639766352344,-1.057568175439826,-0.9835729216828939,-0.7050504380559981,-1.192682094770814,-0.22929719133809803
18198.0,-0.9427156017019651,1.6569789035332354,1.281309620472272,1.3951250000007192,0.5313235436848637,0.20711520879127834
18199.0,2.3037845963212793,-1.057568175439826,-0.6944784442392886,-1.0421845781960928,-0.5847816131886778,0.3101117909370175
18200.0,-0.45574057199847845,-1.057568175439826,-1.287299193936404,-1.0101095543538685,-0.29254282546769667,-0.7960070117926931
18201.0,2.4899809312079064,-1.057568175439826,-0.5077173010965309,-0.613341055094861,-0.34907158776898006,0.6585813952061754
18202.0,-0.006959662271735843,-0.2012239156425293,0.30805628723585626,0.11570756769934702,0.21885305959242807,0.7116465922676078
18203.0,-0.21225305714673512,0.07445736048174284,-0.43912390472878565,-0.967681441239905,-0.03660110367654417,-1.0614709821535238
18204.0,-0.6228398468967337,-0.2012239156425293,0.5564995229126759,0.5864627540155856,1.0790164946748164,1.1746462950671832
18205.0,-0.7899391217949889,-0.5566388957505917,-0.40388522693424067,-0.609925943093793,-0.26567674408401915,-0.07317840832896058
18206.0,1.6783558817020954,-1.057568175439826,-0.7598157287243167,-0.44774471036475055,-0.6247574474094066,0.1882017550195594
18207.0,1.420545571859073,-1.057568175439826,-0.3673037626419844,-0.26530816033558524,-0.2396636998126339,0.9205729923655839
18208.0,1.7404213266643045,-1.057568175439826,-0.663346585292496,-1.164679055612675,-0.7110837506520298,0.36819939087775905
18209.0,-0.82335897677464,-1.057568175439826,-1.3427252607706384,-1.3890543432466802,-1.2790083980134372,-0.8994241319222157
18210.0,-0.9522641316961511,0.6551203441547673,0.7987126071295484,0.7381081559020375,0.8225625239939895,0.4936510401395533
18211.0,-0.837681771765919,0.29970536404670484,-0.29765135594494163,-0.200088956405801,-0.09885955416899503,-1.095510838159079
18212.0,0.594597727361983,-0.5566388957505917,-0.40803644017835805,-0.7373223199867728,-0.03660110367654417,-0.08090902219892356
18213.0,0.1696881426207054,-1.057568175439826,-0.9762205067123509,-0.48610436588700323,-0.8075883471740417,-0.21557863568945693
18214.0,1.5733220517660491,0.07445736048174284,0.48195151604027753,0.4649451526868721,-0.07757674530912831,0.6512627294784603
18215.0,-0.5369030769490596,0.29970536404670484,0.6442712784213723,0.5530616428214524,0.189055518651088,0.6554971673821657
18216.0,-0.813810446780454,-1.057568175439826,-0.45495726676252085,-0.5832255187891728,-0.3788691287103198,0.7570240796758577
18217.0,-0.82335897677464,0.07445736048174284,0.02783095777077089,0.27449133766371536,-0.18999139653830796,-0.19407518417315112
18218.0,0.04555725269628723,0.07445736048174284,0.15077777305112808,0.49034593055540676,-0.409791367250838,0.034659400430784
18219.0,-0.9474898666990581,1.6569789035332354,0.935973050628793,0.7751730145673161,0.5891834875500419,-0.43480280847612485
18220.0,0.12194549264977533,0.4901498374805938,0.536772780116571,0.6703026389957996,-0.7110837506520298,0.21188587767894082
18221.0,-0.856778831754291,0.4901498374805938,0.32226163371757693,0.4722093987735749,0.42476554407078576,-0.18715184792372866
18222.0,-0.5178060169606875,-1.057568175439826,-0.5150016186889135,-0.2454453932114384,-0.6247574474094066,0.6449898995338228
18223.0,-0.9379413367048721,2.15790818322247,1.9615070445186538,1.7165933272082934,1.2326565488774406,0.9058237085917402
18224.0,0.2985932975422166,-1.057568175439826,-1.2476403896857975,-1.2766653905793108,-1.1145904545341814,-0.7220093504460118
18225.0,-0.9474898666990581,2.15790818322247,1.9091042958447118,1.7768632532704083,1.4985809578715155,0.808228442434189
18226.0,-0.7517450018182449,2.15790818322247,1.8435750504835704,1.8289907597639805,1.5940620163811614,0.6862056435734676
18227.0,0.07897710767593827,-0.5566388957505917,-0.6085179990454278,-2.0083607037013094,-1.4849208824917954,-0.45414348488542355
18228.0,-0.6896795568560358,-0.5566388957505917,-0.10983096848388202,-0.46938971345332225,-0.4753737252323317,0.47461779414477456
18229.0,-0.9045214817252211,2.2461917041447332,1.7307519789762302,1.2093797921172333,0.4472146763622555,0.3772102125277093
18230.0,-0.9188442767165,0.9308016202790399,1.1130057443518069,0.9262456797829731,0.0024225606841520096,0.7431805475299167
18231.0,-0.04515378224847989,2.2461917041447332,1.449010059618116,1.1751183378353767,1.33620626251436,-0.14677317847494686
18232.0,-0.5703229319287106,0.07445736048174284,-0.3061782483039306,-0.3134071072233412,-0.2396636998126339,-0.8147822174030948
18233.0,0.594597727361983,-1.057568175439826,-0.5198666922522758,-3.011601687871804,-2.5113622892582645,0.6359123675009988
18234.0,1.6735816167050024,-1.057568175439826,-1.1605075101069624,-1.180714181827603,-0.26567674408401915,-0.5594318487519918
18235.0,-0.6180655818996407,-0.2012239156425293,0.48842408048230734,0.7718506697487263,0.7020754717798163,1.0477619381065368
18236.0,-0.818584711777547,1.254937876118928,0.4879728164787593,0.23424799150655642,0.521270140592798,-0.8025473170463107
18237.0,-0.9474898666990581,0.29970536404670484,0.0590456888626218,0.1604612929506896,-0.03660110367654417,-0.4334366415462281
18238.0,1.496933811812561,-1.057568175439826,-0.8668506953508931,-0.9503040176316452,-0.8604674728291044,-0.011510197026135415
18239.0,0.08375137267303129,0.4901498374805938,0.45398832112860205,0.360832621181903,0.5703472080455595,0.05784649477853817
18240.0,-0.7421964718240589,-1.057568175439826,-0.5487875726299759,-0.8850530556485808,-1.4849208824917954,0.5819501376134397
18241.0,-0.914070011719407,1.9048962333414947,0.8531170990847653,0.7257205671168316,0.7101478727648092,-0.8697688628710349
18242.0,-0.6180655818996407,0.8006346437359392,0.9880655724973506,0.9344245310052509,0.8012797151341228,0.6678665356199525
18243.0,1.0147330471061675,-1.057568175439826,-0.40607585222473286,-0.5178973010822051,-0.3788691287103198,0.8482298138744288
18244.0,1.0958955520567486,-0.5566388957505917,-0.33619113229913133,0.37010291695663966,-0.6247574474094066,0.05289699869847885
18245.0,-0.9283928067106861,1.8474233769671247,1.3913597573695504,1.5424984869836593,1.6893518727661445,0.19492488768141544
18246.0,-0.8472303017601049,-0.2012239156425293,-0.12946835787142766,-0.5389602151498709,-1.9434376418968569,-0.10310630458093756
18247.0,1.0195073121032605,-0.2012239156425293,-0.056855577272994715,-0.2454453932114384,-0.32031979307342545,0.03204044067033208
18248.0,-0.37457806704789737,-0.5566388957505917,-0.08800169508668865,0.0314635322857433,-0.05683280004799887,0.5152967907279372
18249.0,-0.880650156739756,-1.057568175439826,-1.611445332519756,-0.8747808531910688,-1.2790083980134372,-1.4008173847468517
18250.0,0.5182094874084949,-1.057568175439826,-0.6851580864381125,-0.5865043663930697,-0.5466658071727737,0.327502246681552
18251.0,-0.5464516069432456,0.9308016202790399,2.4133148531691417,2.8907061870758937,0.5891834875500419,3.16728573577658
18252.0,-0.7183251468385938,0.6551203441547673,0.37500287311837943,0.4259610525123972,0.8832823034758474,-0.29460356924038017
18253.0,2.1080397314404657,-1.057568175439826,-0.7525327278969063,-0.8747808531910688,-1.3755129945354494,0.20179079379664447
18254.0,1.8120353016206996,-1.057568175439826,-0.874865048532379,-0.6236941443665998,-0.7579160438997158,-0.02646383478305867
18255.0,-0.5369030769490596,-0.5566388957505917,-0.7864705907452813,-0.5799629434487835,-0.7579160438997158,-0.7852135649304269
18256.0,0.8906021571817494,-1.057568175439826,-1.5052891870787832,-0.6521270116253584,-1.1145904545341814,-1.2027451874468031
18257.0,-0.7756163268037098,1.254937876118928,1.1629069608105351,1.0388227184488499,1.3399390346760849,0.45180653690301364
18258.0,1.2534462969608178,0.4901498374805938,0.5864802821675136,0.9212890774001828,-0.26567674408401915,0.3044005388393302
18259.0,-0.842456036763012,0.6551203441547673,1.0521175343580391,0.6312669794642691,0.15813328011056985,0.9656071021807423
18260.0,-0.13586481719324703,2.0123938836412982,1.7162387504486891,1.561057628796166,1.3134452968899748,0.6129133508113516
18261.0,-0.7565192668153379,-0.5566388957505917,-0.7383612804772871,-0.788910154934063,-0.6247574474094066,-0.6957330202113109
18262.0,-0.29341556209731623,-0.2012239156425293,-0.32506617145110644,0.08210585803716575,-0.03660110367654417,-0.4669629075999918
18263.0,-0.837681771765919,-0.2012239156425293,0.20688749856229888,0.7243793747132631,0.2753818218937108,0.5231696620817208
18264.0,1.420545571859073,-1.057568175439826,-0.2938648771527967,-0.4611890967410044,-0.12070997099915268,1.0575994580090484
18265.0,-0.6180655818996407,-0.5566388957505917,-0.0902426068266247,-0.29416453597707787,0.03967179647401301,0.5111207652441133
18266.0,1.1102183470480278,-1.057568175439826,-0.9211598167868006,-0.8256977981095772,-0.8604674728291044,-0.11284325665787193
18267.0,2.251267681353256,-1.057568175439826,-0.8709528407416937,-0.8400418052944546,-0.7110837506520298,-0.01916421411412344
18268.0,-0.3220611520798743,0.4901498374805938,0.3543884156567692,0.2482458428702906,-0.12070997099915268,-0.12741271669588064
18269.0,0.7855683272457032,-1.057568175439826,-1.2056025938133534,-1.2140077557532785,-1.3755129945354494,-0.6435728306993921
18270.0,-0.780390591800803,-0.2012239156425293,-0.5125008614325203,-0.5544293425508449,-0.7110837506520298,-0.8153131370974426
18271.0,1.9504889865363968,-0.5566388957505917,-0.207163776187488,-0.2775204170536632,-0.6247574474094066,0.2932574165008626
18272.0,-0.9474898666990581,0.9308016202790399,1.1287026164652307,1.1671799059042944,1.0039916405726501,0.7724147695329232
18273.0,-0.9522641316961511,0.07445736048174284,-0.6694939067878274,-0.816306101501823,-2.5113622892582645,-1.4882495743498263
18274.0,-0.818584711777547,-1.057568175439826,-1.175280642140961,-1.1187947925387802,-1.0432983725937395,-0.5869964019940355
18275.0,1.7977125066294204,-0.5566388957505917,-0.1456769933046712,-0.10188712038986061,-0.6247574474094066,0.4078219437749914
18276.0,-0.7517450018182449,0.4901498374805938,0.4302535028967925,0.6166689075752603,0.5313235436848637,0.013691732313648829
18277.0,-0.6849052918589428,0.29970536404670484,0.1870469802466425,-0.05339269394218388,0.189055518651088,-0.1954867545553059
18278.0,-0.6085170519054547,-0.5566388957505917,-0.5631266156022372,-0.816306101501823,-0.5102446079085138,-0.36965970044623836
18279.0,1.5160308718009332,-1.057568175439826,-0.9797328531956648,0.1688493822731967,-0.9169962351303879,-0.22213217230044785
18280.0,0.3654330075015187,-0.5566388957505917,-0.4455063392246761,-0.6031484853164844,-0.32031979307342545,-0.1506835151003036
18281.0,-0.09767069721650297,-0.5566388957505917,-1.0796517901079732,-0.788910154934063,-0.7110837506520298,-1.330035321382435
18282.0,-0.9236185417135931,-0.5566388957505917,-1.1666928573586337,-1.0164005840055443,-0.9777160146122458,-1.4915917970300654
18283.0,-0.9427156017019651,1.9598138796697315,0.7712687124374609,0.8126112928582259,1.7273571585050418,-1.0831997747834667
18284.0,1.1006698170538416,-1.057568175439826,-0.485428708839886,0.009264940883848482,-0.32031979307342545,0.7001687232375355
18285.0,2.19397650138814,-1.057568175439826,-0.5413383581266424,-0.793397596124442,-0.9777160146122458,0.5958493073572685
18286.0,1.315511741923027,-0.5566388957505917,0.2544876994764088,0.1455195683712627,0.37793325082309986,1.1537024528571913
18287.0,-0.7565192668153379,0.6551203441547673,1.0947060034553853,1.196849133508384,0.8501060275513096,1.0449538689137214
